ISO-10303-21;
HEADER;
FILE_DESCRIPTION (( 'STEP AP214' ),
    '1' );
FILE_NAME ('LCQT-MSOP10.STEP',
    '2023-01-13T17:10:47',
    ( '' ),
    ( '' ),
    'SwSTEP 2.0',
    'SolidWorks 2019',
    '' );
FILE_SCHEMA (( 'AUTOMOTIVE_DESIGN' ));
ENDSEC;

DATA;
#1 = CARTESIAN_POINT ( 'NONE',  ( -2.450000000000001954, -1.000000000000000000, -3.760000000000031761 ) ) ;
#2 = SURFACE_SIDE_STYLE ('',( #8634 ) ) ;
#3 = LINE ( 'NONE', #8824, #4692 ) ;
#4 = FILL_AREA_STYLE ('',( #7408 ) ) ;
#5 = DIRECTION ( 'NONE',  ( 0.000000000000000000, 0.000000000000000000, 1.000000000000000000 ) ) ;
#6 = DIRECTION ( 'NONE',  ( 0.000000000000000000, 0.000000000000000000, -1.000000000000000000 ) ) ;
#7 = SURFACE_SIDE_STYLE ('',( #8033 ) ) ;
#8 = VERTEX_POINT ( 'NONE', #1430 ) ;
#9 = ORIENTED_EDGE ( 'NONE', *, *, #488, .F. ) ;
#10 = CARTESIAN_POINT ( 'NONE',  ( -5.875000000000000888, 1.570000000000000062, -4.934999999999965858 ) ) ;
#11 = CARTESIAN_POINT ( 'NONE',  ( 0.1767766952966353944, 0.000000000000000000, -3.633223304703394163 ) ) ;
#12 = VERTEX_POINT ( 'NONE', #3743 ) ;
#13 =( LENGTH_UNIT ( ) NAMED_UNIT ( * ) SI_UNIT ( .MILLI., .METRE. ) );
#14 = PRESENTATION_LAYER_ASSIGNMENT (  '', '', ( #1375 ) ) ;
#15 = CARTESIAN_POINT ( 'NONE',  ( 2.718443361963301275, 0.000000000000000000, -3.945110028630002930 ) ) ;
#16 = SURFACE_STYLE_USAGE ( .BOTH. , #695 ) ;
#17 = ORIENTED_EDGE ( 'NONE', *, *, #5798, .F. ) ;
#18 = CARTESIAN_POINT ( 'NONE',  ( 3.374999999999999112, 4.069999999999999396, 4.935000000000004050 ) ) ;
#19 = ORIENTED_EDGE ( 'NONE', *, *, #6826, .T. ) ;
#20 = SURFACE_STYLE_FILL_AREA ( #3644 ) ;
#21 = PRESENTATION_LAYER_ASSIGNMENT (  '', '', ( #2898 ) ) ;
#22 =( NAMED_UNIT ( * ) SI_UNIT ( $, .STERADIAN. ) SOLID_ANGLE_UNIT ( ) );
#23 = EDGE_CURVE ( 'NONE', #1389, #8493, #7439, .T. ) ;
#24 = CARTESIAN_POINT ( 'NONE',  ( -6.125000000000000888, 1.570000000000000062, -4.684999999999964970 ) ) ;
#25 = VERTEX_POINT ( 'NONE', #5140 ) ;
#26 = LINE ( 'NONE', #1445, #4023 ) ;
#27 =( NAMED_UNIT ( * ) PLANE_ANGLE_UNIT ( ) SI_UNIT ( $, .RADIAN. ) );
#28 = VECTOR ( 'NONE', #5693, 999.9999999999998863 ) ;
#29 = SURFACE_STYLE_FILL_AREA ( #4285 ) ;
#30 = ORIENTED_EDGE ( 'NONE', *, *, #2104, .T. ) ;
#31 =( NAMED_UNIT ( * ) PLANE_ANGLE_UNIT ( ) SI_UNIT ( $, .RADIAN. ) );
#32 = COLOUR_RGB ( '',0.3176470588235293935, 0.2470588235294117752, 0.2078431372549019440 ) ;
#33 = STYLED_ITEM ( 'NONE', ( #8064 ), #703 ) ;
#34 = EDGE_LOOP ( 'NONE', ( #4680, #4421, #6003, #1438 ) ) ;
#35 = EDGE_CURVE ( 'NONE', #3504, #1341, #8089, .T. ) ;
#36 = COLOUR_RGB ( '',0.2980392156862745057, 0.2980392156862745057, 0.2980392156862745057 ) ;
#37 =( NAMED_UNIT ( * ) SI_UNIT ( $, .STERADIAN. ) SOLID_ANGLE_UNIT ( ) );
#38 = ORIENTED_EDGE ( 'NONE', *, *, #7895, .T. ) ;
#39 = VECTOR ( 'NONE', #2566, 999.9999999999998863 ) ;
#40 = DIRECTION ( 'NONE',  ( 0.000000000000000000, 0.000000000000000000, -1.000000000000000000 ) ) ;
#41 =( LENGTH_UNIT ( ) NAMED_UNIT ( * ) SI_UNIT ( .MILLI., .METRE. ) );
#42 = CARTESIAN_POINT ( 'NONE',  ( 4.680000000000000604, 10.06999999999999851, 4.130000000000034532 ) ) ;
#43 = SURFACE_STYLE_USAGE ( .BOTH. , #2943 ) ;
#44 = ORIENTED_EDGE ( 'NONE', *, *, #2340, .T. ) ;
#45 =( GEOMETRIC_REPRESENTATION_CONTEXT ( 3 ) GLOBAL_UNCERTAINTY_ASSIGNED_CONTEXT ( ( #6133 ) ) GLOBAL_UNIT_ASSIGNED_CONTEXT ( ( #3740, #8133, #1510 ) ) REPRESENTATION_CONTEXT ( 'NONE', 'WORKASPACE' ) );
#46 = UNCERTAINTY_MEASURE_WITH_UNIT (LENGTH_MEASURE( 1.000000000000000082E-05 ), #3645, 'distance_accuracy_value', 'NONE');
#47 =( NAMED_UNIT ( * ) SI_UNIT ( $, .STERADIAN. ) SOLID_ANGLE_UNIT ( ) );
#48 = CARTESIAN_POINT ( 'NONE',  ( -4.950000000000001954, -1.000000000000000000, -3.760000000000031761 ) ) ;
#49 = AXIS2_PLACEMENT_3D ( 'NONE', #1482, #4229, #744 ) ;
#50 = PLANE ( 'NONE',  #8213 ) ;
#51 = PRESENTATION_LAYER_ASSIGNMENT (  '', '', ( #854 ) ) ;
#52 = DIRECTION ( 'NONE',  ( -1.000000000000000000, 0.000000000000000000, 6.776263578034403699E-16 ) ) ;
#53 = B_SPLINE_SURFACE_WITH_KNOTS ( 'NONE', 3, 1, ( 
 ( #6313, #7686 ),
 ( #7028, #1898 ),
 ( #341, #4017 ),
 ( #4840, #4153 ),
 ( #3418, #7786 ),
 ( #7871, #6231 ) ),
 .UNSPECIFIED., .F., .F., .F.,
 ( 4, 2, 4 ),
 ( 2, 2 ),
 ( 0.000000000000000000, 0.5000000000000000000, 1.000000000000000000 ),
 ( 0.000000000000000000, 1.000000000000000000 ),
 .UNSPECIFIED. ) ;
#54 = CARTESIAN_POINT ( 'NONE',  ( -5.875000000000000888, 4.069999999999999396, -2.684999999999964970 ) ) ;
#55 = SURFACE_STYLE_FILL_AREA ( #3675 ) ;
#56 = FACE_OUTER_BOUND ( 'NONE', #1320, .T. ) ;
#57 = CARTESIAN_POINT ( 'NONE',  ( -1.125000000000000666, 1.570000000000000062, 2.935000000000003606 ) ) ;
#58 = EDGE_CURVE ( 'NONE', #8983, #7915, #3268, .T. ) ;
#59 = MECHANICAL_DESIGN_GEOMETRIC_PRESENTATION_REPRESENTATION (  '', ( #8490 ), #5734 ) ;
#60 = ORIENTED_EDGE ( 'NONE', *, *, #4084, .T. ) ;
#61 = PRESENTATION_LAYER_ASSIGNMENT (  '', '', ( #5427 ) ) ;
#62 = AXIS2_PLACEMENT_3D ( 'NONE', #8723, #727, #2115 ) ;
#63 = VECTOR ( 'NONE', #8392, 1000.000000000000000 ) ;
#64 = ORIENTED_EDGE ( 'NONE', *, *, #7752, .T. ) ;
#65 =( LENGTH_UNIT ( ) NAMED_UNIT ( * ) SI_UNIT ( .MILLI., .METRE. ) );
#66 = SURFACE_STYLE_FILL_AREA ( #2755 ) ;
#67 = VECTOR ( 'NONE', #9099, 999.9999999999998863 ) ;
#68 = ORIENTED_EDGE ( 'NONE', *, *, #5624, .T. ) ;
#69 = ADVANCED_FACE ( 'NONE', ( #8315 ), #3226, .F. ) ;
#70 = PRESENTATION_LAYER_ASSIGNMENT (  '', '', ( #8928 ) ) ;
#71 = DIRECTION ( 'NONE',  ( -0.000000000000000000, -1.000000000000000000, -0.000000000000000000 ) ) ;
#72 =( NAMED_UNIT ( * ) PLANE_ANGLE_UNIT ( ) SI_UNIT ( $, .RADIAN. ) );
#73 = VERTEX_POINT ( 'NONE', #3974 ) ;
#74 = UNCERTAINTY_MEASURE_WITH_UNIT (LENGTH_MEASURE( 1.000000000000000082E-05 ), #5336, 'distance_accuracy_value', 'NONE');
#75 = VECTOR ( 'NONE', #1295, 1000.000000000000000 ) ;
#76 = MECHANICAL_DESIGN_GEOMETRIC_PRESENTATION_REPRESENTATION (  '', ( #4518 ), #2487 ) ;
#77 = ORIENTED_EDGE ( 'NONE', *, *, #1203, .F. ) ;
#78 = COLOUR_RGB ( '',0.3176470588235293935, 0.2470588235294117752, 0.2078431372549019440 ) ;
#79 = DIRECTION ( 'NONE',  ( -0.000000000000000000, -1.000000000000000000, -0.000000000000000000 ) ) ;
#80 = FILL_AREA_STYLE_COLOUR ( '', #4347 ) ;
#81 =( LENGTH_UNIT ( ) NAMED_UNIT ( * ) SI_UNIT ( .MILLI., .METRE. ) );
#82 = CARTESIAN_POINT ( 'NONE',  ( 4.124999999999999112, 1.570000000000000062, 4.935000000000004050 ) ) ;
#83 = SURFACE_STYLE_FILL_AREA ( #6675 ) ;
#84 = CARTESIAN_POINT ( 'NONE',  ( 2.549999999999998490, -1.000000000000000000, 3.759999999999968701 ) ) ;
#85 = ORIENTED_EDGE ( 'NONE', *, *, #8870, .F. ) ;
#86 = CARTESIAN_POINT ( 'NONE',  ( 3.624999999999998668, 4.069999999999999396, 2.935000000000003606 ) ) ;
#87 = CARTESIAN_POINT ( 'NONE',  ( -4.950000000000001954, -1.000000000000000000, -3.776666666666699257 ) ) ;
#88 = DIRECTION ( 'NONE',  ( -0.7071067811865469066, 0.000000000000000000, -0.7071067811865482389 ) ) ;
#89 = ORIENTED_EDGE ( 'NONE', *, *, #7540, .F. ) ;
#90 = VECTOR ( 'NONE', #4783, 1000.000000000000000 ) ;
#91 = UNCERTAINTY_MEASURE_WITH_UNIT (LENGTH_MEASURE( 1.000000000000000082E-05 ), #3598, 'distance_accuracy_value', 'NONE');
#92 = PRESENTATION_STYLE_ASSIGNMENT (( #809 ) ) ;
#93 = CARTESIAN_POINT ( 'NONE',  ( 0.3199999999999991185, 4.069999999999999396, -4.129999999999965254 ) ) ;
#94 = EDGE_LOOP ( 'NONE', ( #5993, #1851, #1746, #2087, #1256, #368, #9242, #5942 ) ) ;
#95 = CARTESIAN_POINT ( 'NONE',  ( -0.8750000000000005551, 1.570000000000000062, 2.685000000000003606 ) ) ;
#96 = CARTESIAN_POINT ( 'NONE',  ( -2.500000000000001776, 0.000000000000000000, -3.810000000000031140 ) ) ;
#97 = LINE ( 'NONE', #6130, #715 ) ;
#98 =( GEOMETRIC_REPRESENTATION_CONTEXT ( 3 ) GLOBAL_UNCERTAINTY_ASSIGNED_CONTEXT ( ( #761 ) ) GLOBAL_UNIT_ASSIGNED_CONTEXT ( ( #7163, #5066, #2025 ) ) REPRESENTATION_CONTEXT ( 'NONE', 'WORKASPACE' ) );
#99 = VERTEX_POINT ( 'NONE', #5383 ) ;
#100 = EDGE_CURVE ( 'NONE', #2676, #1354, #440, .T. ) ;
#101 = FACE_OUTER_BOUND ( 'NONE', #2687, .T. ) ;
#102 =( LENGTH_UNIT ( ) NAMED_UNIT ( * ) SI_UNIT ( .MILLI., .METRE. ) );
#104 = FILL_AREA_STYLE_COLOUR ( '', #8925 ) ;
#103 = COLOUR_RGB ( '',0.3176470588235293935, 0.2470588235294117752, 0.2078431372549019440 ) ;
#105 = AXIS2_PLACEMENT_3D ( 'NONE', #6111, #1534, #7331 ) ;
#106 =( NAMED_UNIT ( * ) SI_UNIT ( $, .STERADIAN. ) SOLID_ANGLE_UNIT ( ) );
#107 = CARTESIAN_POINT ( 'NONE',  ( 5.135110028629966905, 0.000000000000000000, -3.591556638036726756 ) ) ;
#108 = DIRECTION ( 'NONE',  ( 0.000000000000000000, 0.000000000000000000, -1.000000000000000000 ) ) ;
#109 = PLANE ( 'NONE',  #734 ) ;
#110 = SURFACE_STYLE_USAGE ( .BOTH. , #1471 ) ;
#111 = LINE ( 'NONE', #1616, #3730 ) ;
#112 =( GEOMETRIC_REPRESENTATION_CONTEXT ( 3 ) GLOBAL_UNCERTAINTY_ASSIGNED_CONTEXT ( ( #3982 ) ) GLOBAL_UNIT_ASSIGNED_CONTEXT ( ( #6438, #2578, #4195 ) ) REPRESENTATION_CONTEXT ( 'NONE', 'WORKASPACE' ) );
#113 = PRESENTATION_LAYER_ASSIGNMENT (  '', '', ( #1619 ) ) ;
#114 = VERTEX_POINT ( 'NONE', #2372 ) ;
#115 = VERTEX_POINT ( 'NONE', #9097 ) ;
#116 = EDGE_CURVE ( 'NONE', #4130, #4056, #7597, .T. ) ;
#117 = PRESENTATION_STYLE_ASSIGNMENT (( #6753 ) ) ;
#118 = PRESENTATION_STYLE_ASSIGNMENT (( #1061 ) ) ;
#119 = EDGE_CURVE ( 'NONE', #3232, #271, #397, .T. ) ;
#120 = COLOUR_RGB ( '',0.2862745098039215508, 0.6627450980392156632, 0.3294117647058823484 ) ;
#121 = AXIS2_PLACEMENT_3D ( 'NONE', #9234, #6369, #5626 ) ;
#122 = EDGE_LOOP ( 'NONE', ( #3839, #8735, #1932, #6679 ) ) ;
#123 = SURFACE_STYLE_USAGE ( .BOTH. , #4669 ) ;
#124 = ORIENTED_EDGE ( 'NONE', *, *, #1590, .F. ) ;
#125 = COLOUR_RGB ( '',0.3176470588235293935, 0.2470588235294117752, 0.2078431372549019440 ) ;
#126 = UNCERTAINTY_MEASURE_WITH_UNIT (LENGTH_MEASURE( 1.000000000000000082E-05 ), #4448, 'distance_accuracy_value', 'NONE');
#127 = EDGE_CURVE ( 'NONE', #7146, #5390, #6925, .T. ) ;
#128 = ORIENTED_EDGE ( 'NONE', *, *, #1873, .F. ) ;
#129 =( NAMED_UNIT ( * ) SI_UNIT ( $, .STERADIAN. ) SOLID_ANGLE_UNIT ( ) );
#130 = EDGE_CURVE ( 'NONE', #8003, #7388, #4070, .T. ) ;
#131 = SURFACE_STYLE_FILL_AREA ( #2914 ) ;
#132 = DIRECTION ( 'NONE',  ( -0.1247869418429880251, -0.9843050534722198597, -0.1247869418429880251 ) ) ;
#133 = CARTESIAN_POINT ( 'NONE',  ( 3.624999999999998668, 4.069999999999999396, -4.684999999999999609 ) ) ;
#134 = FILL_AREA_STYLE ('',( #3848 ) ) ;
#135 = ORIENTED_EDGE ( 'NONE', *, *, #6112, .T. ) ;
#136 = DIRECTION ( 'NONE',  ( -0.1247869418429871646, -0.9843050534722198597, 0.1247869418429884414 ) ) ;
#137 = PLANE ( 'NONE',  #9371 ) ;
#138 = ORIENTED_EDGE ( 'NONE', *, *, #7361, .T. ) ;
#139 = SURFACE_STYLE_FILL_AREA ( #4495 ) ;
#140 = FACE_OUTER_BOUND ( 'NONE', #6620, .T. ) ;
#141 = VERTEX_POINT ( 'NONE', #4705 ) ;
#142 = LINE ( 'NONE', #6076, #1453 ) ;
#143 = SURFACE_STYLE_USAGE ( .BOTH. , #6019 ) ;
#144 = LINE ( 'NONE', #5367, #5871 ) ;
#145 = EDGE_CURVE ( 'NONE', #7227, #2897, #7688, .T. ) ;
#146 = CARTESIAN_POINT ( 'NONE',  ( -3.375000000000000444, 4.069999999999999396, -2.684999999999983178 ) ) ;
#147 = ORIENTED_EDGE ( 'NONE', *, *, #613, .F. ) ;
#148 =( NAMED_UNIT ( * ) SI_UNIT ( $, .STERADIAN. ) SOLID_ANGLE_UNIT ( ) );
#149 = UNCERTAINTY_MEASURE_WITH_UNIT (LENGTH_MEASURE( 1.000000000000000082E-05 ), #8183, 'distance_accuracy_value', 'NONE');
#150 = CARTESIAN_POINT ( 'NONE',  ( -4.680000000000000604, 10.06999999999999851, -4.129999999999965254 ) ) ;
#151 = ADVANCED_FACE ( 'NONE', ( #2506 ), #6887, .F. ) ;
#152 = PLANE ( 'NONE',  #7741 ) ;
#153 = SURFACE_STYLE_USAGE ( .BOTH. , #6745 ) ;
#154 = PLANE ( 'NONE',  #4604 ) ;
#155 = FACE_OUTER_BOUND ( 'NONE', #34, .T. ) ;
#156 = LINE ( 'NONE', #202, #3371 ) ;
#157 = FILL_AREA_STYLE_COLOUR ( '', #4401 ) ;
#158 = ADVANCED_FACE ( 'NONE', ( #4213 ), #1285, .F. ) ;
#159 =( NAMED_UNIT ( * ) PLANE_ANGLE_UNIT ( ) SI_UNIT ( $, .RADIAN. ) );
#160 = DIRECTION ( 'NONE',  ( 0.000000000000000000, 0.000000000000000000, 1.000000000000000000 ) ) ;
#161 = EDGE_LOOP ( 'NONE', ( #692, #9397, #9248, #6910 ) ) ;
#162 = FILL_AREA_STYLE ('',( #6890 ) ) ;
#163 = EDGE_CURVE ( 'NONE', #719, #7233, #3718, .T. ) ;
#164 = ORIENTED_EDGE ( 'NONE', *, *, #8042, .T. ) ;
#165 = DIRECTION ( 'NONE',  ( -0.1247869418429880251, -0.9843050534722198597, -0.1247869418429880251 ) ) ;
#166 = SURFACE_STYLE_USAGE ( .BOTH. , #5752 ) ;
#167 = B_SPLINE_CURVE_WITH_KNOTS ( 'NONE', 3,
 ( #520, #6402, #7916, #1272, #6352, #5608 ),
 .UNSPECIFIED., .F., .F.,
 ( 4, 2, 4 ),
 ( 0.000000000000000000, 0.0001947009419741433430, 0.0003894018839482866860 ),
 .UNSPECIFIED. ) ;
#168 = PRESENTATION_LAYER_ASSIGNMENT (  '', '', ( #1818 ) ) ;
#169 = VERTEX_POINT ( 'NONE', #5667 ) ;
#170 = ORIENTED_EDGE ( 'NONE', *, *, #394, .T. ) ;
#171 = DIRECTION ( 'NONE',  ( -1.000000000000000000, -0.000000000000000000, -0.000000000000000000 ) ) ;
#172 = DIRECTION ( 'NONE',  ( 0.7071067811865472397, 0.000000000000000000, 0.7071067811865479058 ) ) ;
#173 = AXIS2_PLACEMENT_3D ( 'NONE', #5237, #8383, #6146 ) ;
#174 = FACE_OUTER_BOUND ( 'NONE', #8326, .T. ) ;
#175 = DIRECTION ( 'NONE',  ( 4.956352788505162282E-16, 0.000000000000000000, 1.000000000000000000 ) ) ;
#176 = EDGE_CURVE ( 'NONE', #5824, #5600, #583, .T. ) ;
#177 =( NAMED_UNIT ( * ) PLANE_ANGLE_UNIT ( ) SI_UNIT ( $, .RADIAN. ) );
#178 = CARTESIAN_POINT ( 'NONE',  ( -0.3200000000000008393, 10.06999999999999851, -4.129999999999965254 ) ) ;
#179 = CARTESIAN_POINT ( 'NONE',  ( -4.966666666666667673, -1.000000000000000000, 3.859999999999967901 ) ) ;
#180 = VERTEX_POINT ( 'NONE', #3466 ) ;
#181 = COLOUR_RGB ( '',0.3176470588235293935, 0.2470588235294117752, 0.2078431372549019440 ) ;
#182 = LINE ( 'NONE', #1639, #1120 ) ;
#183 = ORIENTED_EDGE ( 'NONE', *, *, #1233, .F. ) ;
#184 = FACE_OUTER_BOUND ( 'NONE', #2782, .T. ) ;
#185 = UNCERTAINTY_MEASURE_WITH_UNIT (LENGTH_MEASURE( 1.000000000000000082E-05 ), #4721, 'distance_accuracy_value', 'NONE');
#186 = CARTESIAN_POINT ( 'NONE',  ( 4.680000000000000604, 10.06999999999999851, 3.490000000000034852 ) ) ;
#187 = CARTESIAN_POINT ( 'NONE',  ( 4.124999999999999112, 1.570000000000000062, -2.685000000000000497 ) ) ;
#188 =( GEOMETRIC_REPRESENTATION_CONTEXT ( 3 ) GLOBAL_UNCERTAINTY_ASSIGNED_CONTEXT ( ( #7371 ) ) GLOBAL_UNIT_ASSIGNED_CONTEXT ( ( #4784, #6919, #7642 ) ) REPRESENTATION_CONTEXT ( 'NONE', 'WORKASPACE' ) );
#189 = ORIENTED_EDGE ( 'NONE', *, *, #1032, .T. ) ;
#190 =( NAMED_UNIT ( * ) PLANE_ANGLE_UNIT ( ) SI_UNIT ( $, .RADIAN. ) );
#191 = CARTESIAN_POINT ( 'NONE',  ( -0.05000000000000229955, -1.000000000000000000, -3.860000000000031406 ) ) ;
#192 = DIRECTION ( 'NONE',  ( 0.7071067811865469066, 0.000000000000000000, 0.7071067811865482389 ) ) ;
#193 = ORIENTED_EDGE ( 'NONE', *, *, #1238, .T. ) ;
#194 = MECHANICAL_DESIGN_GEOMETRIC_PRESENTATION_REPRESENTATION (  '', ( #2898 ), #6939 ) ;
#195 = PLANE ( 'NONE',  #8221 ) ;
#196 = MECHANICAL_DESIGN_GEOMETRIC_PRESENTATION_REPRESENTATION (  '', ( #6194 ), #4919 ) ;
#197 = SURFACE_SIDE_STYLE ('',( #3167 ) ) ;
#198 = LINE ( 'NONE', #3082, #2478 ) ;
#199 = COLOUR_RGB ( '',0.2980392156862745057, 0.2980392156862745057, 0.2980392156862745057 ) ;
#200 = FACE_OUTER_BOUND ( 'NONE', #796, .T. ) ;
#201 = SURFACE_STYLE_FILL_AREA ( #5228 ) ;
#202 = CARTESIAN_POINT ( 'NONE',  ( -2.386611652351683599, -0.5000000000000000000, -3.923388347648350205 ) ) ;
#203 = VECTOR ( 'NONE', #4312, 999.9999999999998863 ) ;
#204 = VECTOR ( 'NONE', #3626, 1000.000000000000000 ) ;
#205 = SURFACE_SIDE_STYLE ('',( #5085 ) ) ;
#206 = DIRECTION ( 'NONE',  ( -0.000000000000000000, -0.000000000000000000, -1.000000000000000000 ) ) ;
#207 = ORIENTED_EDGE ( 'NONE', *, *, #4534, .T. ) ;
#208 = SURFACE_SIDE_STYLE ('',( #8316 ) ) ;
#209 = MECHANICAL_DESIGN_GEOMETRIC_PRESENTATION_REPRESENTATION (  '', ( #2306 ), #812 ) ;
#210 = ADVANCED_FACE ( 'NONE', ( #3653 ), #2928, .T. ) ;
#211 = LINE ( 'NONE', #3748, #5222 ) ;
#212 = VERTEX_POINT ( 'NONE', #8855 ) ;
#213 =( NAMED_UNIT ( * ) SI_UNIT ( $, .STERADIAN. ) SOLID_ANGLE_UNIT ( ) );
#214 = FACE_OUTER_BOUND ( 'NONE', #1206, .T. ) ;
#215 = VECTOR ( 'NONE', #429, 1000.000000000000000 ) ;
#216 = VECTOR ( 'NONE', #8304, 1000.000000000000000 ) ;
#217 = B_SPLINE_SURFACE_WITH_KNOTS ( 'NONE', 3, 1, ( 
 ( #1321, #7114 ),
 ( #7869, #1143 ),
 ( #1224, #1281 ),
 ( #3462, #9361 ),
 ( #8454, #2693 ),
 ( #7738, #3307 ) ),
 .UNSPECIFIED., .F., .F., .F.,
 ( 4, 2, 4 ),
 ( 2, 2 ),
 ( 0.000000000000000000, 0.5000000000000000000, 1.000000000000000000 ),
 ( 0.000000000000000000, 1.000000000000000000 ),
 .UNSPECIFIED. ) ;
#218 = LINE ( 'NONE', #2382, #1387 ) ;
#219 = AXIS2_PLACEMENT_3D ( 'NONE', #298, #7538, #1010 ) ;
#220 =( GEOMETRIC_REPRESENTATION_CONTEXT ( 3 ) GLOBAL_UNCERTAINTY_ASSIGNED_CONTEXT ( ( #6023 ) ) GLOBAL_UNIT_ASSIGNED_CONTEXT ( ( #7001, #5590, #7139 ) ) REPRESENTATION_CONTEXT ( 'NONE', 'WORKASPACE' ) );
#221 = DIRECTION ( 'NONE',  ( 0.7071067811865472397, 0.000000000000000000, 0.7071067811865479058 ) ) ;
#222 = AXIS2_PLACEMENT_3D ( 'NONE', #4392, #1306, #5808 ) ;
#223 = VERTEX_POINT ( 'NONE', #5971 ) ;
#224 = EDGE_CURVE ( 'NONE', #2258, #3349, #2253, .T. ) ;
#225 = ORIENTED_EDGE ( 'NONE', *, *, #4479, .T. ) ;
#226 = LINE ( 'NONE', #8924, #63 ) ;
#227 = MECHANICAL_DESIGN_GEOMETRIC_PRESENTATION_REPRESENTATION (  '', ( #3235 ), #3553 ) ;
#228 = EDGE_CURVE ( 'NONE', #7673, #2558, #3267, .T. ) ;
#229 = DIRECTION ( 'NONE',  ( 0.1247869418429880528, -0.9843050534722200817, 0.1247869418429867622 ) ) ;
#230 = VECTOR ( 'NONE', #5596, 1000.000000000000000 ) ;
#231 = SURFACE_SIDE_STYLE ('',( #131 ) ) ;
#232 = DIRECTION ( 'NONE',  ( 0.000000000000000000, 0.000000000000000000, -1.000000000000000000 ) ) ;
#233 = PLANE ( 'NONE',  #4798 ) ;
#234 = SURFACE_STYLE_FILL_AREA ( #134 ) ;
#235 = SURFACE_STYLE_FILL_AREA ( #3063 ) ;
#236 = VECTOR ( 'NONE', #750, 1000.000000000000000 ) ;
#237 = ORIENTED_EDGE ( 'NONE', *, *, #3315, .F. ) ;
#238 = AXIS2_PLACEMENT_3D ( 'NONE', #4742, #6233, #4018 ) ;
#239 = LINE ( 'NONE', #8891, #838 ) ;
#240 = ORIENTED_EDGE ( 'NONE', *, *, #4684, .F. ) ;
#241 = VECTOR ( 'NONE', #2330, 1000.000000000000000 ) ;
#242 = CARTESIAN_POINT ( 'NONE',  ( -5.875000000000000888, 4.069999999999999396, 4.934999999999968523 ) ) ;
#243 = EDGE_CURVE ( 'NONE', #7147, #3547, #2505, .T. ) ;
#244 = CARTESIAN_POINT ( 'NONE',  ( -5.875000000000000888, 4.069999999999999396, 4.934999999999968523 ) ) ;
#245 = EDGE_LOOP ( 'NONE', ( #2981, #6715, #2425, #7438 ) ) ;
#246 = FACE_OUTER_BOUND ( 'NONE', #3656, .T. ) ;
#247 =( LENGTH_UNIT ( ) NAMED_UNIT ( * ) SI_UNIT ( .MILLI., .METRE. ) );
#248 =( LENGTH_UNIT ( ) NAMED_UNIT ( * ) SI_UNIT ( .MILLI., .METRE. ) );
#249 = VERTEX_POINT ( 'NONE', #4113 ) ;
#250 = COLOUR_RGB ( '',0.3176470588235293935, 0.2470588235294117752, 0.2078431372549019440 ) ;
#251 = UNCERTAINTY_MEASURE_WITH_UNIT (LENGTH_MEASURE( 1.000000000000000082E-05 ), #3291, 'distance_accuracy_value', 'NONE');
#252 = FACE_OUTER_BOUND ( 'NONE', #9366, .T. ) ;
#253 =( LENGTH_UNIT ( ) NAMED_UNIT ( * ) SI_UNIT ( .MILLI., .METRE. ) );
#254 = DIRECTION ( 'NONE',  ( 1.000000000000000000, 0.000000000000000000, 0.000000000000000000 ) ) ;
#255 = STYLED_ITEM ( 'NONE', ( #3996 ), #7258 ) ;
#256 = CARTESIAN_POINT ( 'NONE',  ( -3.875000000000000888, 4.069999999999999396, -4.684999999999964970 ) ) ;
#257 = PRESENTATION_STYLE_ASSIGNMENT (( #8371 ) ) ;
#258 = DIRECTION ( 'NONE',  ( -0.1247869418429871646, -0.9843050534722198597, 0.1247869418429884414 ) ) ;
#259 = CARTESIAN_POINT ( 'NONE',  ( -8.673617379884035472E-16, 0.000000000000000000, 3.809999999999968967 ) ) ;
#260 = DIRECTION ( 'NONE',  ( -0.000000000000000000, 1.000000000000000000, 0.000000000000000000 ) ) ;
#261 = DIRECTION ( 'NONE',  ( -0.000000000000000000, -1.000000000000000000, -0.000000000000000000 ) ) ;
#262 = LINE ( 'NONE', #3178, #5445 ) ;
#263 =( NAMED_UNIT ( * ) SI_UNIT ( $, .STERADIAN. ) SOLID_ANGLE_UNIT ( ) );
#264 = CARTESIAN_POINT ( 'NONE',  ( 0.8749999999999990008, 4.069999999999999396, -2.685000000000000497 ) ) ;
#265 = EDGE_LOOP ( 'NONE', ( #5040, #1127, #77, #4614 ) ) ;
#266 = AXIS2_PLACEMENT_3D ( 'NONE', #7492, #6018, #5326 ) ;
#268 = AXIS2_PLACEMENT_3D ( 'NONE', #6617, #3844, #8106 ) ;
#267 = PRESENTATION_STYLE_ASSIGNMENT (( #976 ) ) ;
#269 = CARTESIAN_POINT ( 'NONE',  ( -2.718443361963305271, 0.000000000000000000, 3.674889971369998953 ) ) ;
#270 =( LENGTH_UNIT ( ) NAMED_UNIT ( * ) SI_UNIT ( .MILLI., .METRE. ) );
#271 = VERTEX_POINT ( 'NONE', #2552 ) ;
#272 = UNCERTAINTY_MEASURE_WITH_UNIT (LENGTH_MEASURE( 1.000000000000000082E-05 ), #7461, 'distance_accuracy_value', 'NONE');
#273 = EDGE_CURVE ( 'NONE', #5169, #748, #7826, .T. ) ;
#274 = VECTOR ( 'NONE', #2651, 1000.000000000000000 ) ;
#275 = PRESENTATION_LAYER_ASSIGNMENT (  '', '', ( #1173 ) ) ;
#276 =( LENGTH_UNIT ( ) NAMED_UNIT ( * ) SI_UNIT ( .MILLI., .METRE. ) );
#277 = EDGE_CURVE ( 'NONE', #8184, #6549, #1147, .T. ) ;
#278 = DIRECTION ( 'NONE',  ( -0.7071067811865482389, -0.000000000000000000, -0.7071067811865469066 ) ) ;
#279 = EDGE_CURVE ( 'NONE', #8245, #7965, #3363, .T. ) ;
#280 = CARTESIAN_POINT ( 'NONE',  ( -4.886611652351684043, -0.5000000000000000000, -3.923388347648350205 ) ) ;
#281 = UNCERTAINTY_MEASURE_WITH_UNIT (LENGTH_MEASURE( 1.000000000000000082E-05 ), #6097, 'distance_accuracy_value', 'NONE');
#282 = SURFACE_STYLE_USAGE ( .BOTH. , #2483 ) ;
#283 = PLANE ( 'NONE',  #2607 ) ;
#284 = VECTOR ( 'NONE', #6649, 999.9999999999998863 ) ;
#285 = SURFACE_STYLE_FILL_AREA ( #6010 ) ;
#286 = EDGE_LOOP ( 'NONE', ( #1360, #8406, #7725, #6898 ) ) ;
#287 = EDGE_CURVE ( 'NONE', #8167, #2902, #4212, .T. ) ;
#288 = DIRECTION ( 'NONE',  ( -0.7071067811865475727, 0.000000000000000000, 0.7071067811865475727 ) ) ;
#289 = ORIENTED_EDGE ( 'NONE', *, *, #4320, .T. ) ;
#290 = CARTESIAN_POINT ( 'NONE',  ( -0.8750000000000007772, 1.570000000000000062, -4.935000000000000497 ) ) ;
#291 = ADVANCED_FACE ( 'NONE', ( #8504 ), #53, .T. ) ;
#292 = EDGE_LOOP ( 'NONE', ( #2179, #7846, #8655, #4909 ) ) ;
#293 = FACE_OUTER_BOUND ( 'NONE', #9293, .T. ) ;
#294 = DIRECTION ( 'NONE',  ( -1.000000000000000000, -0.000000000000000000, -0.000000000000000000 ) ) ;
#295 = ORIENTED_EDGE ( 'NONE', *, *, #971, .F. ) ;
#296 = DIRECTION ( 'NONE',  ( -0.000000000000000000, -0.000000000000000000, -1.000000000000000000 ) ) ;
#297 = EDGE_LOOP ( 'NONE', ( #4666, #307, #6861, #4474 ) ) ;
#298 = CARTESIAN_POINT ( 'NONE',  ( 1.374999999999999334, 4.069999999999999396, -4.684999999999999609 ) ) ;
#299 = SURFACE_SIDE_STYLE ('',( #4876 ) ) ;
#300 = B_SPLINE_SURFACE_WITH_KNOTS ( 'NONE', 3, 1, ( 
 ( #997, #7668 ),
 ( #910, #3993 ),
 ( #3155, #6953 ),
 ( #6771, #2351 ),
 ( #8258, #6164 ),
 ( #1641, #948 ) ),
 .UNSPECIFIED., .F., .F., .F.,
 ( 4, 2, 4 ),
 ( 2, 2 ),
 ( 0.000000000000000000, 0.5000000000000000000, 1.000000000000000000 ),
 ( 0.000000000000000000, 1.000000000000000000 ),
 .UNSPECIFIED. ) ;
#301 = SURFACE_STYLE_USAGE ( .BOTH. , #3087 ) ;
#302 =( LENGTH_UNIT ( ) NAMED_UNIT ( * ) SI_UNIT ( .MILLI., .METRE. ) );
#303 = CARTESIAN_POINT ( 'NONE',  ( 5.874999999999999112, 1.570000000000000062, -2.685000000000000497 ) ) ;
#304 = FACE_OUTER_BOUND ( 'NONE', #2495, .T. ) ;
#305 = FILL_AREA_STYLE_COLOUR ( '', #2937 ) ;
#306 = PRESENTATION_STYLE_ASSIGNMENT (( #3044 ) ) ;
#307 = ORIENTED_EDGE ( 'NONE', *, *, #8076, .F. ) ;
#308 = DIRECTION ( 'NONE',  ( 0.000000000000000000, -0.000000000000000000, 1.000000000000000000 ) ) ;
#309 = FACE_OUTER_BOUND ( 'NONE', #8039, .T. ) ;
#310 = CARTESIAN_POINT ( 'NONE',  ( 1.624999999999999334, 1.570000000000000062, -4.935000000000000497 ) ) ;
#311 = ORIENTED_EDGE ( 'NONE', *, *, #6328, .F. ) ;
#312 = CARTESIAN_POINT ( 'NONE',  ( 4.886611652351680490, -0.5000000000000000000, 3.696611652351650790 ) ) ;
#313 = CARTESIAN_POINT ( 'NONE',  ( -1.625000000000001110, 4.069999999999999396, -4.934999999999982734 ) ) ;
#314 = PRESENTATION_STYLE_ASSIGNMENT (( #1037 ) ) ;
#315 = AXIS2_PLACEMENT_3D ( 'NONE', #2181, #841, #6847 ) ;
#316 = SURFACE_SIDE_STYLE ('',( #454 ) ) ;
#317 =( LENGTH_UNIT ( ) NAMED_UNIT ( * ) SI_UNIT ( .MILLI., .METRE. ) );
#318 = ORIENTED_EDGE ( 'NONE', *, *, #8646, .T. ) ;
#319 = EDGE_LOOP ( 'NONE', ( #5417, #6654, #2092, #4723 ) ) ;
#320 = SURFACE_STYLE_FILL_AREA ( #1599 ) ;
#321 = PRESENTATION_LAYER_ASSIGNMENT (  '', '', ( #4898 ) ) ;
#322 = ADVANCED_FACE ( 'NONE', ( #7066 ), #5221, .F. ) ;
#323 = CARTESIAN_POINT ( 'NONE',  ( -0.06903559372885367806, 0.000000000000000000, 4.059999999999968523 ) ) ;
#324 = VERTEX_POINT ( 'NONE', #2109 ) ;
#325 = CARTESIAN_POINT ( 'NONE',  ( 4.680000000000000604, 10.06999999999999851, 3.490000000000034852 ) ) ;
#326 = COLOUR_RGB ( '',0.3176470588235293935, 0.2470588235294117752, 0.2078431372549019440 ) ;
#327 = SURFACE_STYLE_FILL_AREA ( #1751 ) ;
#328 = VERTEX_POINT ( 'NONE', #5072 ) ;
#329 = PRESENTATION_STYLE_ASSIGNMENT (( #5422 ) ) ;
#330 = EDGE_CURVE ( 'NONE', #8706, #8804, #9364, .T. ) ;
#331 = UNCERTAINTY_MEASURE_WITH_UNIT (LENGTH_MEASURE( 1.000000000000000082E-05 ), #3792, 'distance_accuracy_value', 'NONE');
#332 = DIRECTION ( 'NONE',  ( 1.000000000000000000, -0.000000000000000000, -0.000000000000000000 ) ) ;
#333 = CARTESIAN_POINT ( 'NONE',  ( 4.679999999999998828, 10.06999999999999851, -3.489999999999965574 ) ) ;
#334 =( GEOMETRIC_REPRESENTATION_CONTEXT ( 3 ) GLOBAL_UNCERTAINTY_ASSIGNED_CONTEXT ( ( #3694 ) ) GLOBAL_UNIT_ASSIGNED_CONTEXT ( ( #6447, #5025, #718 ) ) REPRESENTATION_CONTEXT ( 'NONE', 'WORKASPACE' ) );
#335 = CARTESIAN_POINT ( 'NONE',  ( 5.874999999999999112, 1.570000000000000062, 2.685000000000003606 ) ) ;
#336 = CARTESIAN_POINT ( 'NONE',  ( 2.179999999999998828, 10.06999999999999851, -4.129999999999965254 ) ) ;
#337 =( NAMED_UNIT ( * ) SI_UNIT ( $, .STERADIAN. ) SOLID_ANGLE_UNIT ( ) );
#338 = MECHANICAL_DESIGN_GEOMETRIC_PRESENTATION_REPRESENTATION (  '', ( #480 ), #5865 ) ;
#339 = DIRECTION ( 'NONE',  ( 0.000000000000000000, -1.000000000000000000, 0.000000000000000000 ) ) ;
#340 = DIRECTION ( 'NONE',  ( 0.000000000000000000, -1.000000000000000000, 0.000000000000000000 ) ) ;
#341 = CARTESIAN_POINT ( 'NONE',  ( 4.930964406271146849, 0.000000000000000000, -4.060000000000030695 ) ) ;
#342 = LINE ( 'NONE', #4653, #839 ) ;
#343 = VECTOR ( 'NONE', #5906, 1000.000000000000114 ) ;
#344 = DIRECTION ( 'NONE',  ( 1.000000000000000000, 0.000000000000000000, 0.000000000000000000 ) ) ;
#345 = STYLED_ITEM ( 'NONE', ( #8112 ), #9311 ) ;
#346 =( GEOMETRIC_REPRESENTATION_CONTEXT ( 3 ) GLOBAL_UNCERTAINTY_ASSIGNED_CONTEXT ( ( #7155 ) ) GLOBAL_UNIT_ASSIGNED_CONTEXT ( ( #247, #3124, #915 ) ) REPRESENTATION_CONTEXT ( 'NONE', 'WORKASPACE' ) );
#347 = FILL_AREA_STYLE_COLOUR ( '', #4358 ) ;
#348 = VECTOR ( 'NONE', #71, 1000.000000000000000 ) ;
#349 = ORIENTED_EDGE ( 'NONE', *, *, #9280, .F. ) ;
#350 = FILL_AREA_STYLE ('',( #6933 ) ) ;
#351 = EDGE_CURVE ( 'NONE', #5016, #223, #1553, .T. ) ;
#352 = VECTOR ( 'NONE', #2002, 1000.000000000000114 ) ;
#353 = FACE_OUTER_BOUND ( 'NONE', #1792, .T. ) ;
#354 = FACE_OUTER_BOUND ( 'NONE', #4750, .T. ) ;
#355 = ORIENTED_EDGE ( 'NONE', *, *, #5215, .T. ) ;
#356 = UNCERTAINTY_MEASURE_WITH_UNIT (LENGTH_MEASURE( 1.000000000000000082E-05 ), #8875, 'distance_accuracy_value', 'NONE');
#357 = COLOUR_RGB ( '',0.2862745098039215508, 0.6627450980392156632, 0.3294117647058823484 ) ;
#358 =( GEOMETRIC_REPRESENTATION_CONTEXT ( 3 ) GLOBAL_UNCERTAINTY_ASSIGNED_CONTEXT ( ( #5128 ) ) GLOBAL_UNIT_ASSIGNED_CONTEXT ( ( #9273, #2503, #9226 ) ) REPRESENTATION_CONTEXT ( 'NONE', 'WORKASPACE' ) );
#359 = PRESENTATION_STYLE_ASSIGNMENT (( #5252 ) ) ;
#360 = VECTOR ( 'NONE', #261, 1000.000000000000000 ) ;
#361 = VECTOR ( 'NONE', #9419, 1000.000000000000000 ) ;
#362 =( GEOMETRIC_REPRESENTATION_CONTEXT ( 3 ) GLOBAL_UNCERTAINTY_ASSIGNED_CONTEXT ( ( #126 ) ) GLOBAL_UNIT_ASSIGNED_CONTEXT ( ( #4448, #9035, #8306 ) ) REPRESENTATION_CONTEXT ( 'NONE', 'WORKASPACE' ) );
#363 = MECHANICAL_DESIGN_GEOMETRIC_PRESENTATION_REPRESENTATION (  '', ( #507 ), #220 ) ;
#364 = SURFACE_STYLE_USAGE ( .BOTH. , #9193 ) ;
#365 = STYLED_ITEM ( 'NONE', ( #606 ), #4382 ) ;
#366 = DIRECTION ( 'NONE',  ( -0.000000000000000000, -0.000000000000000000, -1.000000000000000000 ) ) ;
#367 = LINE ( 'NONE', #7761, #4323 ) ;
#368 = ORIENTED_EDGE ( 'NONE', *, *, #3336, .F. ) ;
#369 = STYLED_ITEM ( 'NONE', ( #7870 ), #9001 ) ;
#370 = FACE_OUTER_BOUND ( 'NONE', #5812, .T. ) ;
#371 = MECHANICAL_DESIGN_GEOMETRIC_PRESENTATION_REPRESENTATION (  '', ( #5427 ), #3881 ) ;
#372 = ORIENTED_EDGE ( 'NONE', *, *, #6859, .T. ) ;
#373 =( GEOMETRIC_REPRESENTATION_CONTEXT ( 3 ) GLOBAL_UNCERTAINTY_ASSIGNED_CONTEXT ( ( #2875 ) ) GLOBAL_UNIT_ASSIGNED_CONTEXT ( ( #3455, #7818, #1268 ) ) REPRESENTATION_CONTEXT ( 'NONE', 'WORKASPACE' ) );
#374 =( GEOMETRIC_REPRESENTATION_CONTEXT ( 3 ) GLOBAL_UNCERTAINTY_ASSIGNED_CONTEXT ( ( #2313 ) ) GLOBAL_UNIT_ASSIGNED_CONTEXT ( ( #6068, #3252, #3812 ) ) REPRESENTATION_CONTEXT ( 'NONE', 'WORKASPACE' ) );
#375 = DIRECTION ( 'NONE',  ( 0.000000000000000000, 0.000000000000000000, 1.000000000000000000 ) ) ;
#376 = LINE ( 'NONE', #425, #4456 ) ;
#377 = ORIENTED_EDGE ( 'NONE', *, *, #2221, .T. ) ;
#378 = VECTOR ( 'NONE', #4980, 1000.000000000000000 ) ;
#379 = PRESENTATION_LAYER_ASSIGNMENT (  '', '', ( #5588 ) ) ;
#380 = FILL_AREA_STYLE_COLOUR ( '', #8829 ) ;
#381 = MECHANICAL_DESIGN_GEOMETRIC_PRESENTATION_REPRESENTATION (  '', ( #2026 ), #7138 ) ;
#382 =( NAMED_UNIT ( * ) SI_UNIT ( $, .STERADIAN. ) SOLID_ANGLE_UNIT ( ) );
#383 = CARTESIAN_POINT ( 'NONE',  ( 9.999999999999998224, -1.000000000000000000, -7.620000000000000107 ) ) ;
#384 = ORIENTED_EDGE ( 'NONE', *, *, #7330, .F. ) ;
#385 = SURFACE_STYLE_USAGE ( .BOTH. , #2497 ) ;
#386 = ADVANCED_FACE ( 'NONE', ( #5925 ), #1459, .T. ) ;
#387 = COLOUR_RGB ( '',0.2980392156862745057, 0.2980392156862745057, 0.2980392156862745057 ) ;
#388 = AXIS2_PLACEMENT_3D ( 'NONE', #3312, #4215, #584 ) ;
#389 =( GEOMETRIC_REPRESENTATION_CONTEXT ( 3 ) GLOBAL_UNCERTAINTY_ASSIGNED_CONTEXT ( ( #6684 ) ) GLOBAL_UNIT_ASSIGNED_CONTEXT ( ( #6219, #1557, #148 ) ) REPRESENTATION_CONTEXT ( 'NONE', 'WORKASPACE' ) );
#390 =( NAMED_UNIT ( * ) SI_UNIT ( $, .STERADIAN. ) SOLID_ANGLE_UNIT ( ) );
#391 = UNCERTAINTY_MEASURE_WITH_UNIT (LENGTH_MEASURE( 1.000000000000000082E-05 ), #6152, 'distance_accuracy_value', 'NONE');
#392 = FILL_AREA_STYLE_COLOUR ( '', #564 ) ;
#393 = FILL_AREA_STYLE_COLOUR ( '', #7717 ) ;
#394 = EDGE_CURVE ( 'NONE', #8288, #99, #6585, .T. ) ;
#395 = EDGE_CURVE ( 'NONE', #7991, #6542, #2881, .T. ) ;
#396 = COLOUR_RGB ( '',0.3176470588235293935, 0.2470588235294117752, 0.2078431372549019440 ) ;
#397 = LINE ( 'NONE', #3933, #1410 ) ;
#398 = CARTESIAN_POINT ( 'NONE',  ( -2.819999999999998952, 10.06999999999999851, 4.130000000000034532 ) ) ;
#399 = CARTESIAN_POINT ( 'NONE',  ( -1.375000000000001110, 1.570000000000000062, 4.684999999999986287 ) ) ;
#400 = AXIS2_PLACEMENT_3D ( 'NONE', #7593, #254, #7405 ) ;
#401 = DIRECTION ( 'NONE',  ( 1.239088197126291063E-16, 0.000000000000000000, 1.000000000000000000 ) ) ;
#402 = ORIENTED_EDGE ( 'NONE', *, *, #9165, .F. ) ;
#403 = CARTESIAN_POINT ( 'NONE',  ( -0.8750000000000007772, 4.069999999999999396, 4.935000000000004050 ) ) ;
#404 = CARTESIAN_POINT ( 'NONE',  ( -2.550000000000001599, -1.000000000000000000, 3.826666666666634686 ) ) ;
#405 =( GEOMETRIC_REPRESENTATION_CONTEXT ( 3 ) GLOBAL_UNCERTAINTY_ASSIGNED_CONTEXT ( ( #7559 ) ) GLOBAL_UNIT_ASSIGNED_CONTEXT ( ( #6148, #2421, #1103 ) ) REPRESENTATION_CONTEXT ( 'NONE', 'WORKASPACE' ) );
#406 = PRESENTATION_LAYER_ASSIGNMENT (  '', '', ( #3263 ) ) ;
#407 = ORIENTED_EDGE ( 'NONE', *, *, #1964, .F. ) ;
#408 = EDGE_CURVE ( 'NONE', #8922, #1699, #8072, .T. ) ;
#409 = PLANE ( 'NONE',  #849 ) ;
#410 = CARTESIAN_POINT ( 'NONE',  ( 6.124999999999999112, 1.570000000000000062, -2.935000000000000053 ) ) ;
#411 = STYLED_ITEM ( 'NONE', ( #8860 ), #8311 ) ;
#412 =( NAMED_UNIT ( * ) PLANE_ANGLE_UNIT ( ) SI_UNIT ( $, .RADIAN. ) );
#413 = STYLED_ITEM ( 'NONE', ( #1589 ), #7399 ) ;
#414 = CARTESIAN_POINT ( 'NONE',  ( 3.874999999999999556, 4.069999999999999396, -2.935000000000000053 ) ) ;
#415 = EDGE_CURVE ( 'NONE', #4585, #6425, #3663, .T. ) ;
#416 = CARTESIAN_POINT ( 'NONE',  ( -6.125000000000000000, 4.069999999999999396, 2.934999999999968523 ) ) ;
#417 = ORIENTED_EDGE ( 'NONE', *, *, #8447, .F. ) ;
#418 = PRESENTATION_LAYER_ASSIGNMENT (  '', '', ( #7472 ) ) ;
#419 = FILL_AREA_STYLE ('',( #4762 ) ) ;
#420 = VERTEX_POINT ( 'NONE', #42 ) ;
#421 = SURFACE_SIDE_STYLE ('',( #6387 ) ) ;
#422 = UNCERTAINTY_MEASURE_WITH_UNIT (LENGTH_MEASURE( 1.000000000000000082E-05 ), #6009, 'distance_accuracy_value', 'NONE');
#423 = DIRECTION ( 'NONE',  ( -0.1247869418429871646, -0.9843050534722198597, 0.1247869418429884414 ) ) ;
#424 =( GEOMETRIC_REPRESENTATION_CONTEXT ( 3 ) GLOBAL_UNCERTAINTY_ASSIGNED_CONTEXT ( ( #6336 ) ) GLOBAL_UNIT_ASSIGNED_CONTEXT ( ( #3007, #4367, #924 ) ) REPRESENTATION_CONTEXT ( 'NONE', 'WORKASPACE' ) );
#425 = CARTESIAN_POINT ( 'NONE',  ( -2.819999999999998952, 10.06999999999999851, 3.490000000000034852 ) ) ;
#426 = VERTEX_POINT ( 'NONE', #2941 ) ;
#427 = CARTESIAN_POINT ( 'NONE',  ( -1.125000000000000666, 1.570000000000000062, -2.935000000000000053 ) ) ;
#428 = PRESENTATION_STYLE_ASSIGNMENT (( #8566 ) ) ;
#429 = DIRECTION ( 'NONE',  ( -1.000000000000000000, -0.000000000000000000, -0.000000000000000000 ) ) ;
#430 = PRESENTATION_STYLE_ASSIGNMENT (( #3406 ) ) ;
#431 = ORIENTED_EDGE ( 'NONE', *, *, #4304, .F. ) ;
#432 = FACE_OUTER_BOUND ( 'NONE', #2728, .T. ) ;
#433 = DIRECTION ( 'NONE',  ( 0.000000000000000000, -0.000000000000000000, -1.000000000000000000 ) ) ;
#434 = FILL_AREA_STYLE ('',( #6175 ) ) ;
#435 = SURFACE_STYLE_FILL_AREA ( #1836 ) ;
#436 = DIRECTION ( 'NONE',  ( -1.000000000000000000, 0.000000000000000000, 0.000000000000000000 ) ) ;
#437 = CARTESIAN_POINT ( 'NONE',  ( 2.323223304703359915, 0.000000000000000000, -3.986776695296667672 ) ) ;
#438 =( NAMED_UNIT ( * ) PLANE_ANGLE_UNIT ( ) SI_UNIT ( $, .RADIAN. ) );
#439 =( NAMED_UNIT ( * ) SI_UNIT ( $, .STERADIAN. ) SOLID_ANGLE_UNIT ( ) );
#440 = LINE ( 'NONE', #4602, #6660 ) ;
#441 = CARTESIAN_POINT ( 'NONE',  ( -2.430964406271153955, 0.000000000000000000, -3.560000000000030251 ) ) ;
#442 =( NAMED_UNIT ( * ) PLANE_ANGLE_UNIT ( ) SI_UNIT ( $, .RADIAN. ) );
#443 = SURFACE_STYLE_FILL_AREA ( #4708 ) ;
#444 = EDGE_CURVE ( 'NONE', #2183, #6166, #5010, .T. ) ;
#445 = CARTESIAN_POINT ( 'NONE',  ( 1.374999999999999334, 4.069999999999999396, -4.684999999999999609 ) ) ;
#446 = EDGE_LOOP ( 'NONE', ( #2019, #5512, #7886, #2793 ) ) ;
#447 = CARTESIAN_POINT ( 'NONE',  ( 2.635110028629968681, 0.000000000000000000, 4.028443361963272906 ) ) ;
#448 = CARTESIAN_POINT ( 'NONE',  ( 0.000000000000000000, 4.069999999999999396, 0.000000000000000000 ) ) ;
#449 = SURFACE_STYLE_FILL_AREA ( #1028 ) ;
#450 =( LENGTH_UNIT ( ) NAMED_UNIT ( * ) SI_UNIT ( .MILLI., .METRE. ) );
#451 = ORIENTED_EDGE ( 'NONE', *, *, #1039, .F. ) ;
#452 = EDGE_CURVE ( 'NONE', #6041, #5330, #97, .T. ) ;
#453 = LINE ( 'NONE', #414, #3523 ) ;
#454 = SURFACE_STYLE_FILL_AREA ( #6159 ) ;
#455 = LINE ( 'NONE', #1962, #1549 ) ;
#456 = ORIENTED_EDGE ( 'NONE', *, *, #1625, .F. ) ;
#457 = ORIENTED_EDGE ( 'NONE', *, *, #8280, .F. ) ;
#458 = PLANE ( 'NONE',  #4502 ) ;
#459 = STYLED_ITEM ( 'NONE', ( #4885 ), #5843 ) ;
#460 = UNCERTAINTY_MEASURE_WITH_UNIT (LENGTH_MEASURE( 1.000000000000000082E-05 ), #3162, 'distance_accuracy_value', 'NONE');
#461 = EDGE_CURVE ( 'NONE', #5224, #6061, #2358, .T. ) ;
#462 = LINE ( 'NONE', #1745, #1155 ) ;
#463 = FILL_AREA_STYLE_COLOUR ( '', #3364 ) ;
#464 = ORIENTED_EDGE ( 'NONE', *, *, #4899, .F. ) ;
#465 = CARTESIAN_POINT ( 'NONE',  ( 0.3199999999999991185, 10.06999999999999851, -4.129999999999965254 ) ) ;
#466 = CARTESIAN_POINT ( 'NONE',  ( 2.819999999999998508, 4.069999999999999396, -4.129999999999965254 ) ) ;
#467 = PRESENTATION_STYLE_ASSIGNMENT (( #4972 ) ) ;
#468 = FILL_AREA_STYLE_COLOUR ( '', #5870 ) ;
#469 = ORIENTED_EDGE ( 'NONE', *, *, #7035, .T. ) ;
#470 = CARTESIAN_POINT ( 'NONE',  ( 0.2184433619633009416, 0.000000000000000000, -3.674889971370061570 ) ) ;
#471 =( LENGTH_UNIT ( ) NAMED_UNIT ( * ) SI_UNIT ( .MILLI., .METRE. ) );
#472 = DIRECTION ( 'NONE',  ( -0.000000000000000000, -1.000000000000000000, -0.000000000000000000 ) ) ;
#473 = CARTESIAN_POINT ( 'NONE',  ( 2.533333333333329218, -1.000000000000000000, -3.860000000000031406 ) ) ;
#474 = SURFACE_SIDE_STYLE ('',( #7063 ) ) ;
#475 = DIRECTION ( 'NONE',  ( -0.000000000000000000, -0.000000000000000000, -1.000000000000000000 ) ) ;
#476 = CARTESIAN_POINT ( 'NONE',  ( -7.620000000000001883, 1.570000000000000062, -6.349999999999997868 ) ) ;
#477 = CARTESIAN_POINT ( 'NONE',  ( -2.533333333333335879, -1.000000000000000000, -3.760000000000031761 ) ) ;
#478 = STYLED_ITEM ( 'NONE', ( #8894 ), #3355 ) ;
#479 = SURFACE_STYLE_USAGE ( .BOTH. , #6928 ) ;
#480 = STYLED_ITEM ( 'NONE', ( #3477 ), #1249 ) ;
#481 = CARTESIAN_POINT ( 'NONE',  ( 1.624999999999999556, 1.570000000000000062, 2.685000000000003606 ) ) ;
#482 = LINE ( 'NONE', #9179, #7986 ) ;
#483 = PRESENTATION_STYLE_ASSIGNMENT (( #5404 ) ) ;
#484 = FILL_AREA_STYLE_COLOUR ( '', #7779 ) ;
#485 = FACE_BOUND ( 'NONE', #2012, .T. ) ;
#486 = ORIENTED_EDGE ( 'NONE', *, *, #8159, .T. ) ;
#487 = MECHANICAL_DESIGN_GEOMETRIC_PRESENTATION_REPRESENTATION (  '', ( #8904 ), #6045 ) ;
#488 = EDGE_CURVE ( 'NONE', #4130, #4255, #7532, .T. ) ;
#489 = AXIS2_PLACEMENT_3D ( 'NONE', #4720, #3331, #7704 ) ;
#490 = CARTESIAN_POINT ( 'NONE',  ( 1.374999999999999334, 4.069999999999999396, -4.684999999999999609 ) ) ;
#491 = AXIS2_PLACEMENT_3D ( 'NONE', #4620, #5405, #4718 ) ;
#492 = LINE ( 'NONE', #1862, #5891 ) ;
#493 = ORIENTED_EDGE ( 'NONE', *, *, #1169, .T. ) ;
#494 = PRESENTATION_LAYER_ASSIGNMENT (  '', '', ( #6206 ) ) ;
#495 = LINE ( 'NONE', #3385, #204 ) ;
#496 =( LENGTH_UNIT ( ) NAMED_UNIT ( * ) SI_UNIT ( .MILLI., .METRE. ) );
#497 = MECHANICAL_DESIGN_GEOMETRIC_PRESENTATION_REPRESENTATION (  '', ( #5720 ), #2602 ) ;
#498 = EDGE_CURVE ( 'NONE', #2402, #1998, #7494, .T. ) ;
#499 = PRESENTATION_LAYER_ASSIGNMENT (  '', '', ( #7861 ) ) ;
#500 = SURFACE_STYLE_FILL_AREA ( #2568 ) ;
#501 = ORIENTED_EDGE ( 'NONE', *, *, #116, .T. ) ;
#502 = COLOUR_RGB ( '',0.3176470588235293935, 0.2470588235294117752, 0.2078431372549019440 ) ;
#503 = EDGE_CURVE ( 'NONE', #8752, #6761, #8410, .T. ) ;
#504 = MECHANICAL_DESIGN_GEOMETRIC_PRESENTATION_REPRESENTATION (  '', ( #6206 ), #7859 ) ;
#505 = ORIENTED_EDGE ( 'NONE', *, *, #3637, .T. ) ;
#506 = MECHANICAL_DESIGN_GEOMETRIC_PRESENTATION_REPRESENTATION (  '', ( #854 ), #8938 ) ;
#507 = STYLED_ITEM ( 'NONE', ( #9111 ), #5094 ) ;
#508 = VECTOR ( 'NONE', #4443, 1000.000000000000000 ) ;
#509 = DIRECTION ( 'NONE',  ( -0.000000000000000000, -1.000000000000000000, -0.000000000000000000 ) ) ;
#510 = ORIENTED_EDGE ( 'NONE', *, *, #4959, .F. ) ;
#511 = CARTESIAN_POINT ( 'NONE',  ( 2.549999999999998490, -1.000000000000000000, 3.759999999999968701 ) ) ;
#512 = CARTESIAN_POINT ( 'NONE',  ( -5.000000000000001776, 0.000000000000000000, -3.810000000000031140 ) ) ;
#513 = FILL_AREA_STYLE ('',( #6094 ) ) ;
#514 = AXIS2_PLACEMENT_3D ( 'NONE', #2927, #713, #8810 ) ;
#515 = ORIENTED_EDGE ( 'NONE', *, *, #2315, .T. ) ;
#516 = CARTESIAN_POINT ( 'NONE',  ( 2.179999999999998828, 10.06999999999999851, -3.489999999999965574 ) ) ;
#517 = VECTOR ( 'NONE', #8077, 1000.000000000000000 ) ;
#518 = PRESENTATION_LAYER_ASSIGNMENT (  '', '', ( #4806 ) ) ;
#519 = EDGE_CURVE ( 'NONE', #114, #840, #8302, .T. ) ;
#520 = CARTESIAN_POINT ( 'NONE',  ( -4.823223304703364356, 0.000000000000000000, 3.633223304703330658 ) ) ;
#521 = FACE_OUTER_BOUND ( 'NONE', #1823, .T. ) ;
#522 =( GEOMETRIC_REPRESENTATION_CONTEXT ( 3 ) GLOBAL_UNCERTAINTY_ASSIGNED_CONTEXT ( ( #1677 ) ) GLOBAL_UNIT_ASSIGNED_CONTEXT ( ( #2244, #8318, #263 ) ) REPRESENTATION_CONTEXT ( 'NONE', 'WORKASPACE' ) );
#523 = VECTOR ( 'NONE', #5021, 1000.000000000000000 ) ;
#524 = DIRECTION ( 'NONE',  ( -0.000000000000000000, -1.000000000000000000, -0.000000000000000000 ) ) ;
#525 = CARTESIAN_POINT ( 'NONE',  ( 2.449999999999997513, -1.000000000000000000, -3.793333333333365420 ) ) ;
#526 = SURFACE_STYLE_USAGE ( .BOTH. , #1838 ) ;
#527 = CARTESIAN_POINT ( 'NONE',  ( -1.125000000000000666, 4.069999999999999396, 2.935000000000003606 ) ) ;
#528 = SURFACE_STYLE_USAGE ( .BOTH. , #619 ) ;
#529 = VECTOR ( 'NONE', #7203, 1000.000000000000000 ) ;
#530 = STYLED_ITEM ( 'NONE', ( #6927 ), #2404 ) ;
#531 = EDGE_CURVE ( 'NONE', #4917, #4555, #6214, .T. ) ;
#532 = VECTOR ( 'NONE', #5261, 1000.000000000000000 ) ;
#533 = PRESENTATION_STYLE_ASSIGNMENT (( #7122 ) ) ;
#534 =( LENGTH_UNIT ( ) NAMED_UNIT ( * ) SI_UNIT ( .MILLI., .METRE. ) );
#535 = SURFACE_STYLE_FILL_AREA ( #7832 ) ;
#536 = DIRECTION ( 'NONE',  ( 0.000000000000000000, -1.000000000000000000, 0.000000000000000000 ) ) ;
#537 = CARTESIAN_POINT ( 'NONE',  ( 0.000000000000000000, 0.000000000000000000, 0.000000000000000000 ) ) ;
#538 = PLANE ( 'NONE',  #678 ) ;
#539 = ORIENTED_EDGE ( 'NONE', *, *, #8076, .T. ) ;
#540 = AXIS2_PLACEMENT_3D ( 'NONE', #5476, #8451, #8539 ) ;
#541 = DIRECTION ( 'NONE',  ( 2.478176394252582127E-16, 0.000000000000000000, -1.000000000000000000 ) ) ;
#542 = ORIENTED_EDGE ( 'NONE', *, *, #7802, .F. ) ;
#543 = AXIS2_PLACEMENT_3D ( 'NONE', #1497, #5975, #5920 ) ;
#544 = SURFACE_STYLE_USAGE ( .BOTH. , #2135 ) ;
#545 = EDGE_CURVE ( 'NONE', #5154, #6761, #9083, .T. ) ;
#546 = PLANE ( 'NONE',  #1855 ) ;
#547 = ORIENTED_EDGE ( 'NONE', *, *, #1233, .T. ) ;
#548 = LINE ( 'NONE', #9396, #2950 ) ;
#549 = EDGE_CURVE ( 'NONE', #4442, #2153, #1605, .T. ) ;
#550 = VERTEX_POINT ( 'NONE', #2400 ) ;
#551 = VECTOR ( 'NONE', #766, 1000.000000000000114 ) ;
#552 = CARTESIAN_POINT ( 'NONE',  ( 4.124999999999999112, 4.069999999999999396, -2.685000000000000497 ) ) ;
#553 = MECHANICAL_DESIGN_GEOMETRIC_PRESENTATION_REPRESENTATION (  '', ( #413 ), #8242 ) ;
#554 = EDGE_CURVE ( 'NONE', #9261, #7720, #144, .T. ) ;
#555 = PLANE ( 'NONE',  #3908 ) ;
#556 =( NAMED_UNIT ( * ) SI_UNIT ( $, .STERADIAN. ) SOLID_ANGLE_UNIT ( ) );
#557 = ORIENTED_EDGE ( 'NONE', *, *, #4911, .F. ) ;
#558 = FILL_AREA_STYLE ('',( #380 ) ) ;
#559 = EDGE_CURVE ( 'NONE', #9406, #5238, #4553, .T. ) ;
#560 = DIRECTION ( 'NONE',  ( -0.000000000000000000, -0.000000000000000000, -1.000000000000000000 ) ) ;
#561 = DIRECTION ( 'NONE',  ( -0.000000000000000000, -1.000000000000000000, -0.000000000000000000 ) ) ;
#562 = PRESENTATION_LAYER_ASSIGNMENT (  '', '', ( #8967 ) ) ;
#563 = SURFACE_STYLE_FILL_AREA ( #1178 ) ;
#564 = COLOUR_RGB ( '',0.3176470588235293935, 0.2470588235294117752, 0.2078431372549019440 ) ;
#565 = DIRECTION ( 'NONE',  ( 0.000000000000000000, 0.000000000000000000, -1.000000000000000000 ) ) ;
#566 = ORIENTED_EDGE ( 'NONE', *, *, #35, .F. ) ;
#567 = SURFACE_STYLE_USAGE ( .BOTH. , #4201 ) ;
#568 = EDGE_CURVE ( 'NONE', #2333, #1786, #1081, .T. ) ;
#569 = FILL_AREA_STYLE ('',( #4915 ) ) ;
#570 = ORIENTED_EDGE ( 'NONE', *, *, #23, .F. ) ;
#571 = ADVANCED_FACE ( 'NONE', ( #1004 ), #1750, .F. ) ;
#572 = MECHANICAL_DESIGN_GEOMETRIC_PRESENTATION_REPRESENTATION (  '', ( #7935 ), #5320 ) ;
#574 = CARTESIAN_POINT ( 'NONE',  ( -0.1133883476483214525, -0.5000000000000000000, -3.696611652351713406 ) ) ;
#573 = AXIS2_PLACEMENT_3D ( 'NONE', #4164, #536, #4221 ) ;
#575 = VECTOR ( 'NONE', #4711, 1000.000000000000000 ) ;
#576 = PRESENTATION_STYLE_ASSIGNMENT (( #5819 ) ) ;
#577 =( NAMED_UNIT ( * ) PLANE_ANGLE_UNIT ( ) SI_UNIT ( $, .RADIAN. ) );
#578 = PRESENTATION_STYLE_ASSIGNMENT (( #6487 ) ) ;
#579 =( LENGTH_UNIT ( ) NAMED_UNIT ( * ) SI_UNIT ( .MILLI., .METRE. ) );
#580 =( NAMED_UNIT ( * ) SI_UNIT ( $, .STERADIAN. ) SOLID_ANGLE_UNIT ( ) );
#581 = ORIENTED_EDGE ( 'NONE', *, *, #6054, .T. ) ;
#582 = AXIS2_PLACEMENT_3D ( 'NONE', #2266, #7356, #7411 ) ;
#583 = LINE ( 'NONE', #1450, #2324 ) ;
#584 = DIRECTION ( 'NONE',  ( 0.7071067811865469066, 0.000000000000000000, -0.7071067811865482389 ) ) ;
#585 = DIRECTION ( 'NONE',  ( -0.000000000000000000, -0.000000000000000000, -1.000000000000000000 ) ) ;
#586 = EDGE_CURVE ( 'NONE', #3665, #7267, #7634, .T. ) ;
#587 = DIRECTION ( 'NONE',  ( -6.776263578034403699E-16, 0.000000000000000000, -1.000000000000000000 ) ) ;
#588 = FILL_AREA_STYLE ('',( #7074 ) ) ;
#589 = EDGE_CURVE ( 'NONE', #25, #8993, #6913, .T. ) ;
#590 = SURFACE_SIDE_STYLE ('',( #535 ) ) ;
#591 = LINE ( 'NONE', #4995, #9267 ) ;
#592 = FACE_BOUND ( 'NONE', #6104, .T. ) ;
#593 = LINE ( 'NONE', #6458, #4613 ) ;
#594 = ORIENTED_EDGE ( 'NONE', *, *, #8081, .F. ) ;
#595 = CARTESIAN_POINT ( 'NONE',  ( -0.06903559372885281764, 0.000000000000000000, -4.060000000000030695 ) ) ;
#596 = LINE ( 'NONE', #4089, #6966 ) ;
#597 = ORIENTED_EDGE ( 'NONE', *, *, #8640, .T. ) ;
#598 = SURFACE_STYLE_FILL_AREA ( #4275 ) ;
#599 = ORIENTED_EDGE ( 'NONE', *, *, #3537, .T. ) ;
#600 = LINE ( 'NONE', #6467, #4509 ) ;
#601 = VERTEX_POINT ( 'NONE', #1214 ) ;
#602 = SURFACE_STYLE_FILL_AREA ( #6434 ) ;
#603 = DIRECTION ( 'NONE',  ( -1.000000000000000000, 0.000000000000000000, 6.776263578034403699E-16 ) ) ;
#604 = ORIENTED_EDGE ( 'NONE', *, *, #119, .T. ) ;
#605 = FILL_AREA_STYLE_COLOUR ( '', #2061 ) ;
#606 = PRESENTATION_STYLE_ASSIGNMENT (( #3648 ) ) ;
#607 = SURFACE_STYLE_USAGE ( .BOTH. , #5965 ) ;
#608 = UNCERTAINTY_MEASURE_WITH_UNIT (LENGTH_MEASURE( 1.000000000000000082E-05 ), #7816, 'distance_accuracy_value', 'NONE');
#609 = DIRECTION ( 'NONE',  ( 0.000000000000000000, 0.000000000000000000, -1.000000000000000000 ) ) ;
#610 = PRESENTATION_STYLE_ASSIGNMENT (( #5811 ) ) ;
#611 = ORIENTED_EDGE ( 'NONE', *, *, #498, .F. ) ;
#612 = CARTESIAN_POINT ( 'NONE',  ( 0.04999999999999883010, -1.000000000000000000, 3.759999999999968701 ) ) ;
#613 = EDGE_CURVE ( 'NONE', #5701, #5074, #3345, .T. ) ;
#614 = LINE ( 'NONE', #4250, #3831 ) ;
#615 = FILL_AREA_STYLE ('',( #7239 ) ) ;
#616 = CARTESIAN_POINT ( 'NONE',  ( 5.874999999999999112, 1.570000000000000062, 4.935000000000004050 ) ) ;
#617 = EDGE_LOOP ( 'NONE', ( #4440, #4083, #7381, #5048 ) ) ;
#618 = DIRECTION ( 'NONE',  ( 0.7071067811865469066, 0.000000000000000000, -0.7071067811865482389 ) ) ;
#619 = SURFACE_SIDE_STYLE ('',( #4986 ) ) ;
#620 = CARTESIAN_POINT ( 'NONE',  ( -4.680000000000000604, 10.06999999999999851, -4.129999999999965254 ) ) ;
#621 = ORIENTED_EDGE ( 'NONE', *, *, #622, .F. ) ;
#622 = EDGE_CURVE ( 'NONE', #5969, #3504, #9258, .T. ) ;
#623 = UNCERTAINTY_MEASURE_WITH_UNIT (LENGTH_MEASURE( 1.000000000000000082E-05 ), #9347, 'distance_accuracy_value', 'NONE');
#624 = CARTESIAN_POINT ( 'NONE',  ( 1.624999999999999334, 4.069999999999999396, 4.935000000000004050 ) ) ;
#625 = LINE ( 'NONE', #4991, #7137 ) ;
#626 = EDGE_CURVE ( 'NONE', #6147, #1377, #5651, .T. ) ;
#627 = CARTESIAN_POINT ( 'NONE',  ( 3.374999999999999112, 1.570000000000000062, -4.935000000000000497 ) ) ;
#628 = COLOUR_RGB ( '',0.3176470588235293935, 0.2470588235294117752, 0.2078431372549019440 ) ;
#629 = CARTESIAN_POINT ( 'NONE',  ( 2.676776695296635200, 0.000000000000000000, -3.633223304703394163 ) ) ;
#630 = FACE_OUTER_BOUND ( 'NONE', #3210, .T. ) ;
#631 = CARTESIAN_POINT ( 'NONE',  ( 5.320000000000001172, 4.069999999999999396, 3.490000000000034852 ) ) ;
#632 = CARTESIAN_POINT ( 'NONE',  ( 3.374999999999999112, 4.069999999999999396, -2.685000000000000497 ) ) ;
#633 = VECTOR ( 'NONE', #8452, 1000.000000000000000 ) ;
#634 = VERTEX_POINT ( 'NONE', #4197 ) ;
#635 = ADVANCED_FACE ( 'NONE', ( #1930 ), #7771, .F. ) ;
#636 = FILL_AREA_STYLE ('',( #7038 ) ) ;
#637 = EDGE_CURVE ( 'NONE', #114, #2856, #4467, .T. ) ;
#638 = STYLED_ITEM ( 'NONE', ( #1926 ), #3470 ) ;
#639 = PLANE ( 'NONE',  #7070 ) ;
#640 = ORIENTED_EDGE ( 'NONE', *, *, #8346, .F. ) ;
#641 = COLOUR_RGB ( '',0.2980392156862745057, 0.2980392156862745057, 0.2980392156862745057 ) ;
#642 = FILL_AREA_STYLE ('',( #4423 ) ) ;
#643 =( NAMED_UNIT ( * ) PLANE_ANGLE_UNIT ( ) SI_UNIT ( $, .RADIAN. ) );
#644 = ORIENTED_EDGE ( 'NONE', *, *, #8870, .T. ) ;
#645 = VECTOR ( 'NONE', #8396, 1000.000000000000000 ) ;
#646 = DIRECTION ( 'NONE',  ( 0.7071067811865469066, 0.000000000000000000, -0.7071067811865482389 ) ) ;
#647 = ADVANCED_FACE ( 'NONE', ( #8488 ), #6303, .F. ) ;
#648 = EDGE_LOOP ( 'NONE', ( #3375, #3393, #4227, #5907 ) ) ;
#649 = DIRECTION ( 'NONE',  ( -1.000000000000000000, 0.000000000000000000, 6.776263578034403699E-16 ) ) ;
#650 = PRESENTATION_LAYER_ASSIGNMENT (  '', '', ( #3527 ) ) ;
#651 = STYLED_ITEM ( 'NONE', ( #428 ), #635 ) ;
#652 = SURFACE_STYLE_FILL_AREA ( #4280 ) ;
#653 = VECTOR ( 'NONE', #8794, 999.9999999999998863 ) ;
#654 = LINE ( 'NONE', #4338, #1690 ) ;
#655 = ORIENTED_EDGE ( 'NONE', *, *, #8596, .F. ) ;
#656 = PRESENTATION_STYLE_ASSIGNMENT (( #1307 ) ) ;
#657 = FILL_AREA_STYLE ('',( #799 ) ) ;
#658 = FILL_AREA_STYLE ('',( #2727 ) ) ;
#659 = VERTEX_POINT ( 'NONE', #5549 ) ;
#660 = STYLED_ITEM ( 'NONE', ( #5796 ), #974 ) ;
#661 = LINE ( 'NONE', #1402, #4804 ) ;
#662 = ORIENTED_EDGE ( 'NONE', *, *, #2624, .T. ) ;
#663 =( GEOMETRIC_REPRESENTATION_CONTEXT ( 3 ) GLOBAL_UNCERTAINTY_ASSIGNED_CONTEXT ( ( #9418 ) ) GLOBAL_UNIT_ASSIGNED_CONTEXT ( ( #3236, #9106, #4032 ) ) REPRESENTATION_CONTEXT ( 'NONE', 'WORKASPACE' ) );
#664 = UNCERTAINTY_MEASURE_WITH_UNIT (LENGTH_MEASURE( 1.000000000000000082E-05 ), #6454, 'distance_accuracy_value', 'NONE');
#665 = SURFACE_SIDE_STYLE ('',( #4207 ) ) ;
#666 = DIRECTION ( 'NONE',  ( 0.7071067811865469066, 0.000000000000000000, 0.7071067811865482389 ) ) ;
#667 = ORIENTED_EDGE ( 'NONE', *, *, #9021, .T. ) ;
#668 =( GEOMETRIC_REPRESENTATION_CONTEXT ( 3 ) GLOBAL_UNCERTAINTY_ASSIGNED_CONTEXT ( ( #2630 ) ) GLOBAL_UNIT_ASSIGNED_CONTEXT ( ( #248, #3861, #5469 ) ) REPRESENTATION_CONTEXT ( 'NONE', 'WORKASPACE' ) );
#669 = CARTESIAN_POINT ( 'NONE',  ( 6.124999999999999112, 4.069999999999999396, 2.935000000000003606 ) ) ;
#670 =( NAMED_UNIT ( * ) SI_UNIT ( $, .STERADIAN. ) SOLID_ANGLE_UNIT ( ) );
#671 = PRESENTATION_LAYER_ASSIGNMENT (  '', '', ( #5110 ) ) ;
#672 = DIRECTION ( 'NONE',  ( -0.7071067811865469066, -0.000000000000000000, 0.7071067811865482389 ) ) ;
#673 = UNCERTAINTY_MEASURE_WITH_UNIT (LENGTH_MEASURE( 1.000000000000000082E-05 ), #8218, 'distance_accuracy_value', 'NONE');
#674 = EDGE_LOOP ( 'NONE', ( #193, #597, #8429, #5883 ) ) ;
#675 = ADVANCED_FACE ( 'NONE', ( #8445 ), #1830, .F. ) ;
#676 = CARTESIAN_POINT ( 'NONE',  ( -6.125000000000000000, 4.069999999999999396, -2.934999999999964970 ) ) ;
#677 = SURFACE_SIDE_STYLE ('',( #2216 ) ) ;
#678 = AXIS2_PLACEMENT_3D ( 'NONE', #6750, #160, #5941 ) ;
#679 = SURFACE_STYLE_USAGE ( .BOTH. , #4992 ) ;
#680 = ADVANCED_FACE ( 'NONE', ( #2250 ), #6532, .F. ) ;
#681 = CARTESIAN_POINT ( 'NONE',  ( 2.569035593728845601, 0.000000000000000000, -3.560000000000030251 ) ) ;
#682 = CARTESIAN_POINT ( 'NONE',  ( 4.983333333333330728, -1.000000000000000000, -3.760000000000031761 ) ) ;
#683 = FILL_AREA_STYLE ('',( #6596 ) ) ;
#684 = LINE ( 'NONE', #1197, #2215 ) ;
#685 = VECTOR ( 'NONE', #941, 1000.000000000000000 ) ;
#686 = VECTOR ( 'NONE', #6332, 1000.000000000000000 ) ;
#687 = FACE_OUTER_BOUND ( 'NONE', #5504, .T. ) ;
#688 = AXIS2_PLACEMENT_3D ( 'NONE', #8854, #4541, #8889 ) ;
#689 = EDGE_LOOP ( 'NONE', ( #1774, #8061, #2865, #19, #7766, #9078, #6537, #7345 ) ) ;
#690 = ORIENTED_EDGE ( 'NONE', *, *, #7095, .F. ) ;
#691 = COLOUR_RGB ( '',0.2980392156862745057, 0.2980392156862745057, 0.2980392156862745057 ) ;
#692 = ORIENTED_EDGE ( 'NONE', *, *, #7316, .T. ) ;
#693 = EDGE_CURVE ( 'NONE', #8676, #8013, #9348, .T. ) ;
#694 = CARTESIAN_POINT ( 'NONE',  ( -4.966666666666670338, -1.000000000000000000, -3.860000000000031406 ) ) ;
#695 = SURFACE_SIDE_STYLE ('',( #6608 ) ) ;
#696 = VECTOR ( 'NONE', #3793, 1000.000000000000000 ) ;
#697 = ORIENTED_EDGE ( 'NONE', *, *, #7549, .F. ) ;
#698 = CARTESIAN_POINT ( 'NONE',  ( -2.820000000000000728, 10.06999999999999851, -3.489999999999965574 ) ) ;
#699 = ORIENTED_EDGE ( 'NONE', *, *, #6687, .T. ) ;
#700 = LINE ( 'NONE', #7282, #7275 ) ;
#701 = COLOUR_RGB ( '',0.3176470588235293935, 0.2470588235294117752, 0.2078431372549019440 ) ;
#702 =( NAMED_UNIT ( * ) SI_UNIT ( $, .STERADIAN. ) SOLID_ANGLE_UNIT ( ) );
#703 = ADVANCED_FACE ( 'NONE', ( #4341 ), #9453, .F. ) ;
#704 = PRESENTATION_STYLE_ASSIGNMENT (( #1211 ) ) ;
#705 = ORIENTED_EDGE ( 'NONE', *, *, #2586, .T. ) ;
#706 = ADVANCED_FACE ( 'NONE', ( #1636 ), #4679, .F. ) ;
#707 =( LENGTH_UNIT ( ) NAMED_UNIT ( * ) SI_UNIT ( .MILLI., .METRE. ) );
#708 =( LENGTH_UNIT ( ) NAMED_UNIT ( * ) SI_UNIT ( .MILLI., .METRE. ) );
#709 = VERTEX_POINT ( 'NONE', #7619 ) ;
#710 = LINE ( 'NONE', #86, #5921 ) ;
#711 = COLOUR_RGB ( '',0.3176470588235293935, 0.2470588235294117752, 0.2078431372549019440 ) ;
#712 = VECTOR ( 'NONE', #6773, 1000.000000000000000 ) ;
#713 = DIRECTION ( 'NONE',  ( -0.7071067811865482389, 0.000000000000000000, 0.7071067811865469066 ) ) ;
#714 = VERTEX_POINT ( 'NONE', #4538 ) ;
#715 = VECTOR ( 'NONE', #6870, 1000.000000000000000 ) ;
#716 = CARTESIAN_POINT ( 'NONE',  ( 4.949999999999996625, -1.000000000000000000, -3.760000000000031761 ) ) ;
#717 =( GEOMETRIC_REPRESENTATION_CONTEXT ( 3 ) GLOBAL_UNCERTAINTY_ASSIGNED_CONTEXT ( ( #5450 ) ) GLOBAL_UNIT_ASSIGNED_CONTEXT ( ( #3159, #2441, #1747 ) ) REPRESENTATION_CONTEXT ( 'NONE', 'WORKASPACE' ) );
#718 =( NAMED_UNIT ( * ) SI_UNIT ( $, .STERADIAN. ) SOLID_ANGLE_UNIT ( ) );
#719 = VERTEX_POINT ( 'NONE', #3950 ) ;
#720 = CARTESIAN_POINT ( 'NONE',  ( -2.180000000000001048, 4.069999999999999396, -4.129999999999965254 ) ) ;
#721 =( NAMED_UNIT ( * ) PLANE_ANGLE_UNIT ( ) SI_UNIT ( $, .RADIAN. ) );
#722 = CARTESIAN_POINT ( 'NONE',  ( 2.180000000000000604, 10.06999999999999851, 4.130000000000034532 ) ) ;
#723 = ORIENTED_EDGE ( 'NONE', *, *, #3522, .F. ) ;
#724 = UNCERTAINTY_MEASURE_WITH_UNIT (LENGTH_MEASURE( 1.000000000000000082E-05 ), #7207, 'distance_accuracy_value', 'NONE');
#725 = CARTESIAN_POINT ( 'NONE',  ( -2.750000000000002220, 0.000000000000000000, -3.740964406271183318 ) ) ;
#726 = PRESENTATION_LAYER_ASSIGNMENT (  '', '', ( #7935 ) ) ;
#727 = DIRECTION ( 'NONE',  ( -1.000000000000000000, 0.000000000000000000, 0.000000000000000000 ) ) ;
#728 = PRESENTATION_LAYER_ASSIGNMENT (  '', '', ( #4080 ) ) ;
#729 = CARTESIAN_POINT ( 'NONE',  ( -5.320000000000001172, 10.06999999999999851, -3.489999999999965574 ) ) ;
#730 = FACE_OUTER_BOUND ( 'NONE', #8941, .T. ) ;
#731 = CARTESIAN_POINT ( 'NONE',  ( 5.049999999999997158, -1.000000000000000000, -3.860000000000031406 ) ) ;
#732 = CARTESIAN_POINT ( 'NONE',  ( 5.049999999999998934, -1.000000000000000000, 3.759999999999968701 ) ) ;
#733 = LINE ( 'NONE', #9243, #5877 ) ;
#734 = AXIS2_PLACEMENT_3D ( 'NONE', #885, #3627, #3788 ) ;
#736 = VECTOR ( 'NONE', #5300, 1000.000000000000000 ) ;
#735 = DIRECTION ( 'NONE',  ( -1.000000000000000000, 0.000000000000000000, 2.048885995248197660E-16 ) ) ;
#737 = DIRECTION ( 'NONE',  ( -0.000000000000000000, -1.000000000000000000, -0.000000000000000000 ) ) ;
#738 = ORIENTED_EDGE ( 'NONE', *, *, #5381, .F. ) ;
#739 = ORIENTED_EDGE ( 'NONE', *, *, #8449, .T. ) ;
#740 = DIRECTION ( 'NONE',  ( -1.000000000000000000, 0.000000000000000000, 0.000000000000000000 ) ) ;
#741 = FILL_AREA_STYLE_COLOUR ( '', #9322 ) ;
#742 = VERTEX_POINT ( 'NONE', #8978 ) ;
#743 = DIRECTION ( 'NONE',  ( -0.7071067811865474617, -0.000000000000000000, 0.7071067811865474617 ) ) ;
#744 = DIRECTION ( 'NONE',  ( 0.000000000000000000, -0.000000000000000000, 1.000000000000000000 ) ) ;
#745 = ORIENTED_EDGE ( 'NONE', *, *, #8391, .T. ) ;
#746 = PRODUCT_RELATED_PRODUCT_CATEGORY ( 'part', '', ( #8025 ) ) ;
#747 = LINE ( 'NONE', #4330, #6085 ) ;
#748 = VERTEX_POINT ( 'NONE', #3114 ) ;
#749 = CARTESIAN_POINT ( 'NONE',  ( 4.679999999999998828, 10.06999999999999851, -4.129999999999965254 ) ) ;
#750 = DIRECTION ( 'NONE',  ( -4.956352788505162282E-16, -0.000000000000000000, 1.000000000000000000 ) ) ;
#751 =( NAMED_UNIT ( * ) SI_UNIT ( $, .STERADIAN. ) SOLID_ANGLE_UNIT ( ) );
#752 = DIRECTION ( 'NONE',  ( -0.7071067811865474617, -0.000000000000000000, 0.7071067811865474617 ) ) ;
#753 = ORIENTED_EDGE ( 'NONE', *, *, #6054, .F. ) ;
#754 = FILL_AREA_STYLE_COLOUR ( '', #3386 ) ;
#755 = CARTESIAN_POINT ( 'NONE',  ( 5.176776695296634756, 0.000000000000000000, -3.633223304703394163 ) ) ;
#756 = ORIENTED_EDGE ( 'NONE', *, *, #3956, .T. ) ;
#757 = CARTESIAN_POINT ( 'NONE',  ( 2.613388347648315957, -0.5000000000000000000, -3.923388347648350205 ) ) ;
#758 = FILL_AREA_STYLE ('',( #4438 ) ) ;
#759 = FILL_AREA_STYLE_COLOUR ( '', #4174 ) ;
#760 = ORIENTED_EDGE ( 'NONE', *, *, #4670, .F. ) ;
#761 = UNCERTAINTY_MEASURE_WITH_UNIT (LENGTH_MEASURE( 1.000000000000000082E-05 ), #7163, 'distance_accuracy_value', 'NONE');
#762 = SURFACE_SIDE_STYLE ('',( #2734 ) ) ;
#763 = EDGE_CURVE ( 'NONE', #7414, #9033, #3763, .T. ) ;
#764 = CARTESIAN_POINT ( 'NONE',  ( -5.113388347648320398, -0.5000000000000000000, 3.923388347648286700 ) ) ;
#765 = ORIENTED_EDGE ( 'NONE', *, *, #5983, .F. ) ;
#766 = DIRECTION ( 'NONE',  ( 0.7071067811865474617, 0.000000000000000000, -0.7071067811865474617 ) ) ;
#767 = CARTESIAN_POINT ( 'NONE',  ( -2.466666666666667673, -1.000000000000000000, 3.859999999999967901 ) ) ;
#768 = DIRECTION ( 'NONE',  ( -1.000000000000000000, -0.000000000000000000, -0.000000000000000000 ) ) ;
#769 = CARTESIAN_POINT ( 'NONE',  ( 2.180000000000000604, 4.069999999999999396, 3.490000000000034852 ) ) ;
#770 = ORIENTED_EDGE ( 'NONE', *, *, #2228, .F. ) ;
#771 = CARTESIAN_POINT ( 'NONE',  ( -4.680000000000000604, 10.06999999999999851, -4.129999999999965254 ) ) ;
#772 =( GEOMETRIC_REPRESENTATION_CONTEXT ( 3 ) GLOBAL_UNCERTAINTY_ASSIGNED_CONTEXT ( ( #919 ) ) GLOBAL_UNIT_ASSIGNED_CONTEXT ( ( #3515, #6592, #5869 ) ) REPRESENTATION_CONTEXT ( 'NONE', 'WORKASPACE' ) );
#773 = CARTESIAN_POINT ( 'NONE',  ( 5.049999999999998934, -1.000000000000000000, 3.776666666666634420 ) ) ;
#774 = CARTESIAN_POINT ( 'NONE',  ( -3.625000000000000444, 4.069999999999999396, 4.684999999999986287 ) ) ;
#775 = SURFACE_STYLE_FILL_AREA ( #8084 ) ;
#776 = CARTESIAN_POINT ( 'NONE',  ( -1.125000000000000888, 1.570000000000000062, 4.685000000000003162 ) ) ;
#777 = LINE ( 'NONE', #3742, #7274 ) ;
#778 = VERTEX_POINT ( 'NONE', #7520 ) ;
#779 = ORIENTED_EDGE ( 'NONE', *, *, #3245, .F. ) ;
#780 = PRESENTATION_LAYER_ASSIGNMENT (  '', '', ( #1075 ) ) ;
#781 = SURFACE_STYLE_FILL_AREA ( #2129 ) ;
#782 = ORIENTED_EDGE ( 'NONE', *, *, #2597, .F. ) ;
#783 =( NAMED_UNIT ( * ) PLANE_ANGLE_UNIT ( ) SI_UNIT ( $, .RADIAN. ) );
#784 = MECHANICAL_DESIGN_GEOMETRIC_PRESENTATION_REPRESENTATION (  '', ( #9028 ), #2116 ) ;
#785 = FILL_AREA_STYLE_COLOUR ( '', #4703 ) ;
#786 = CARTESIAN_POINT ( 'NONE',  ( 2.549999999999997602, -1.000000000000000000, -3.826666666666699523 ) ) ;
#787 = FILL_AREA_STYLE_COLOUR ( '', #502 ) ;
#788 = VERTEX_POINT ( 'NONE', #4622 ) ;
#789 = UNCERTAINTY_MEASURE_WITH_UNIT (LENGTH_MEASURE( 1.000000000000000082E-05 ), #9050, 'distance_accuracy_value', 'NONE');
#790 = FILL_AREA_STYLE_COLOUR ( '', #8639 ) ;
#791 = ORIENTED_EDGE ( 'NONE', *, *, #6998, .T. ) ;
#792 = DIRECTION ( 'NONE',  ( -0.000000000000000000, -0.000000000000000000, -1.000000000000000000 ) ) ;
#793 =( NAMED_UNIT ( * ) PLANE_ANGLE_UNIT ( ) SI_UNIT ( $, .RADIAN. ) );
#794 = EDGE_CURVE ( 'NONE', #2285, #5294, #9015, .T. ) ;
#795 = SURFACE_SIDE_STYLE ('',( #1591 ) ) ;
#796 = EDGE_LOOP ( 'NONE', ( #5023, #2809, #4104, #7535 ) ) ;
#797 = DIRECTION ( 'NONE',  ( 4.956352788505162282E-16, 0.000000000000000000, 1.000000000000000000 ) ) ;
#798 = SURFACE_STYLE_FILL_AREA ( #4242 ) ;
#799 = FILL_AREA_STYLE_COLOUR ( '', #1697 ) ;
#800 = EDGE_LOOP ( 'NONE', ( #4763, #3165, #1645, #5540 ) ) ;
#801 = CARTESIAN_POINT ( 'NONE',  ( -2.179999999999999272, 10.06999999999999851, 4.130000000000034532 ) ) ;
#802 = UNCERTAINTY_MEASURE_WITH_UNIT (LENGTH_MEASURE( 1.000000000000000082E-05 ), #9085, 'distance_accuracy_value', 'NONE');
#803 = CARTESIAN_POINT ( 'NONE',  ( -4.750000000000002665, -0.000000000000000000, -3.879035593728881182 ) ) ;
#804 =( GEOMETRIC_REPRESENTATION_CONTEXT ( 3 ) GLOBAL_UNCERTAINTY_ASSIGNED_CONTEXT ( ( #3813 ) ) GLOBAL_UNIT_ASSIGNED_CONTEXT ( ( #991, #6202, #5457 ) ) REPRESENTATION_CONTEXT ( 'NONE', 'WORKASPACE' ) );
#805 =( GEOMETRIC_REPRESENTATION_CONTEXT ( 3 ) GLOBAL_UNCERTAINTY_ASSIGNED_CONTEXT ( ( #6476 ) ) GLOBAL_UNIT_ASSIGNED_CONTEXT ( ( #1132, #6960, #382 ) ) REPRESENTATION_CONTEXT ( 'NONE', 'WORKASPACE' ) );
#806 = ORIENTED_EDGE ( 'NONE', *, *, #4646, .F. ) ;
#807 = VECTOR ( 'NONE', #366, 1000.000000000000000 ) ;
#808 = STYLED_ITEM ( 'NONE', ( #8958 ), #3921 ) ;
#809 = SURFACE_STYLE_USAGE ( .BOTH. , #6071 ) ;
#810 = CARTESIAN_POINT ( 'NONE',  ( 5.874999999999999112, 4.069999999999999396, 2.685000000000003606 ) ) ;
#811 = ORIENTED_EDGE ( 'NONE', *, *, #2516, .F. ) ;
#812 =( GEOMETRIC_REPRESENTATION_CONTEXT ( 3 ) GLOBAL_UNCERTAINTY_ASSIGNED_CONTEXT ( ( #1825 ) ) GLOBAL_UNIT_ASSIGNED_CONTEXT ( ( #317, #903, #6116 ) ) REPRESENTATION_CONTEXT ( 'NONE', 'WORKASPACE' ) );
#813 = CARTESIAN_POINT ( 'NONE',  ( 2.179999999999998828, 10.06999999999999851, -3.489999999999965574 ) ) ;
#814 = CARTESIAN_POINT ( 'NONE',  ( -0.01666666666666830054, -1.000000000000000000, -3.760000000000031761 ) ) ;
#815 = CARTESIAN_POINT ( 'NONE',  ( 0.000000000000000000, -1.000000000000000000, 0.000000000000000000 ) ) ;
#816 = LINE ( 'NONE', #5863, #4173 ) ;
#817 = ORIENTED_EDGE ( 'NONE', *, *, #8727, .F. ) ;
#818 = EDGE_CURVE ( 'NONE', #3744, #5154, #6730, .T. ) ;
#819 = AXIS2_PLACEMENT_3D ( 'NONE', #5189, #6, #2894 ) ;
#820 = STYLED_ITEM ( 'NONE', ( #5663 ), #4093 ) ;
#821 = UNCERTAINTY_MEASURE_WITH_UNIT (LENGTH_MEASURE( 1.000000000000000082E-05 ), #4870, 'distance_accuracy_value', 'NONE');
#822 = CARTESIAN_POINT ( 'NONE',  ( -2.550000000000002487, -1.000000000000000000, -3.860000000000031406 ) ) ;
#823 = DIRECTION ( 'NONE',  ( -0.000000000000000000, -0.000000000000000000, -1.000000000000000000 ) ) ;
#824 = VECTOR ( 'NONE', #1806, 1000.000000000000000 ) ;
#825 = PRESENTATION_LAYER_ASSIGNMENT (  '', '', ( #6965 ) ) ;
#826 = COLOUR_RGB ( '',0.3176470588235293935, 0.2470588235294117752, 0.2078431372549019440 ) ;
#827 = STYLED_ITEM ( 'NONE', ( #3256 ), #4302 ) ;
#828 = PLANE ( 'NONE',  #8157 ) ;
#829 = CARTESIAN_POINT ( 'NONE',  ( 1.374999999999999556, 1.570000000000000062, 2.935000000000003606 ) ) ;
#830 = SURFACE_SIDE_STYLE ('',( #55 ) ) ;
#831 = FACE_OUTER_BOUND ( 'NONE', #5502, .T. ) ;
#832 = EDGE_CURVE ( 'NONE', #6021, #4917, #6653, .T. ) ;
#833 = PRESENTATION_STYLE_ASSIGNMENT (( #2229 ) ) ;
#834 =( NAMED_UNIT ( * ) PLANE_ANGLE_UNIT ( ) SI_UNIT ( $, .RADIAN. ) );
#835 = STYLED_ITEM ( 'NONE', ( #2652 ), #210 ) ;
#836 =( GEOMETRIC_REPRESENTATION_CONTEXT ( 3 ) GLOBAL_UNCERTAINTY_ASSIGNED_CONTEXT ( ( #4096 ) ) GLOBAL_UNIT_ASSIGNED_CONTEXT ( ( #8122, #8073, #2995 ) ) REPRESENTATION_CONTEXT ( 'NONE', 'WORKASPACE' ) );
#837 = ORIENTED_EDGE ( 'NONE', *, *, #3324, .T. ) ;
#838 = VECTOR ( 'NONE', #1597, 1000.000000000000000 ) ;
#839 = VECTOR ( 'NONE', #8313, 1000.000000000000000 ) ;
#840 = VERTEX_POINT ( 'NONE', #6814 ) ;
#841 = DIRECTION ( 'NONE',  ( -0.7071067811865479058, 0.000000000000000000, -0.7071067811865472397 ) ) ;
#842 = DIRECTION ( 'NONE',  ( -0.000000000000000000, -1.000000000000000000, -0.000000000000000000 ) ) ;
#843 = SURFACE_STYLE_FILL_AREA ( #7220 ) ;
#844 = VECTOR ( 'NONE', #1489, 1000.000000000000000 ) ;
#845 = STYLED_ITEM ( 'NONE', ( #3538 ), #2300 ) ;
#846 = ORIENTED_EDGE ( 'NONE', *, *, #7899, .F. ) ;
#847 = CARTESIAN_POINT ( 'NONE',  ( -3.625000000000000444, 1.570000000000000062, -4.684999999999982734 ) ) ;
#848 = VECTOR ( 'NONE', #6399, 999.9999999999998863 ) ;
#849 = AXIS2_PLACEMENT_3D ( 'NONE', #4225, #8692, #9331 ) ;
#850 = ORIENTED_EDGE ( 'NONE', *, *, #8021, .F. ) ;
#851 = UNCERTAINTY_MEASURE_WITH_UNIT (LENGTH_MEASURE( 1.000000000000000082E-05 ), #5976, 'distance_accuracy_value', 'NONE');
#852 = VECTOR ( 'NONE', #1633, 1000.000000000000000 ) ;
#853 = FACE_OUTER_BOUND ( 'NONE', #5977, .T. ) ;
#854 = STYLED_ITEM ( 'NONE', ( #1017 ), #69 ) ;
#855 = VERTEX_POINT ( 'NONE', #6059 ) ;
#856 = CIRCLE ( 'NONE', #3102, 0.2500000000000002220 ) ;
#857 = SURFACE_STYLE_USAGE ( .BOTH. , #4531 ) ;
#858 = DIRECTION ( 'NONE',  ( -0.7071067811865474617, -0.000000000000000000, -0.7071067811865474617 ) ) ;
#859 = SURFACE_STYLE_FILL_AREA ( #2196 ) ;
#860 =( GEOMETRIC_REPRESENTATION_CONTEXT ( 3 ) GLOBAL_UNCERTAINTY_ASSIGNED_CONTEXT ( ( #8712 ) ) GLOBAL_UNIT_ASSIGNED_CONTEXT ( ( #2601, #5672, #8509 ) ) REPRESENTATION_CONTEXT ( 'NONE', 'WORKASPACE' ) );
#861 = PRESENTATION_STYLE_ASSIGNMENT (( #1536 ) ) ;
#862 = SURFACE_SIDE_STYLE ('',( #8886 ) ) ;
#863 = ORIENTED_EDGE ( 'NONE', *, *, #2271, .T. ) ;
#864 = EDGE_CURVE ( 'NONE', #1555, #1699, #8153, .T. ) ;
#865 = SURFACE_SIDE_STYLE ('',( #5359 ) ) ;
#866 = EDGE_LOOP ( 'NONE', ( #5103, #4747, #2189, #2749 ) ) ;
#867 = ADVANCED_FACE ( 'NONE', ( #6160 ), #283, .T. ) ;
#868 = VECTOR ( 'NONE', #7059, 1000.000000000000000 ) ;
#869 = UNCERTAINTY_MEASURE_WITH_UNIT (LENGTH_MEASURE( 1.000000000000000082E-05 ), #7829, 'distance_accuracy_value', 'NONE');
#870 = EDGE_CURVE ( 'NONE', #1324, #3342, #7706, .T. ) ;
#871 = SURFACE_STYLE_USAGE ( .BOTH. , #7447 ) ;
#872 = DIRECTION ( 'NONE',  ( -0.7071067811865474617, 0.000000000000000000, -0.7071067811865474617 ) ) ;
#873 = VERTEX_POINT ( 'NONE', #5456 ) ;
#874 = CARTESIAN_POINT ( 'NONE',  ( -0.2184433619633061319, 0.000000000000000000, -3.945110028630001153 ) ) ;
#875 = DIRECTION ( 'NONE',  ( 0.000000000000000000, 0.000000000000000000, 1.000000000000000000 ) ) ;
#876 = MECHANICAL_DESIGN_GEOMETRIC_PRESENTATION_REPRESENTATION (  '', ( #3126 ), #8520 ) ;
#877 = EDGE_CURVE ( 'NONE', #6166, #4540, #8434, .T. ) ;
#878 = EDGE_LOOP ( 'NONE', ( #3772, #2845, #9451, #2379 ) ) ;
#879 = ADVANCED_FACE ( 'NONE', ( #6292 ), #546, .F. ) ;
#880 = DIRECTION ( 'NONE',  ( -0.7071067811865479058, -0.000000000000000000, 0.7071067811865472397 ) ) ;
#882 = LINE ( 'NONE', #6134, #3551 ) ;
#881 = AXIS2_PLACEMENT_3D ( 'NONE', #5338, #339, #6980 ) ;
#883 = FILL_AREA_STYLE ('',( #5284 ) ) ;
#884 =( NAMED_UNIT ( * ) SI_UNIT ( $, .STERADIAN. ) SOLID_ANGLE_UNIT ( ) );
#885 = CARTESIAN_POINT ( 'NONE',  ( 1.124999999999999112, 4.069999999999999396, -4.684999999999999609 ) ) ;
#886 = FILL_AREA_STYLE_COLOUR ( '', #1571 ) ;
#887 = MECHANICAL_DESIGN_GEOMETRIC_PRESENTATION_REPRESENTATION (  '', ( #3922 ), #1026 ) ;
#888 = STYLED_ITEM ( 'NONE', ( #6272 ), #7716 ) ;
#889 = ORIENTED_EDGE ( 'NONE', *, *, #5610, .F. ) ;
#890 = SURFACE_STYLE_FILL_AREA ( #162 ) ;
#891 = AXIS2_PLACEMENT_3D ( 'NONE', #3524, #2853, #9283 ) ;
#892 = ORIENTED_EDGE ( 'NONE', *, *, #8458, .F. ) ;
#893 = DIRECTION ( 'NONE',  ( 0.000000000000000000, -0.000000000000000000, -1.000000000000000000 ) ) ;
#894 =( NAMED_UNIT ( * ) SI_UNIT ( $, .STERADIAN. ) SOLID_ANGLE_UNIT ( ) );
#895 = SURFACE_STYLE_USAGE ( .BOTH. , #5953 ) ;
#896 = ORIENTED_EDGE ( 'NONE', *, *, #5983, .T. ) ;
#897 = MECHANICAL_DESIGN_GEOMETRIC_PRESENTATION_REPRESENTATION (  '', ( #8979 ), #3006 ) ;
#898 = ORIENTED_EDGE ( 'NONE', *, *, #1942, .T. ) ;
#899 = FILL_AREA_STYLE ('',( #2427 ) ) ;
#900 = EDGE_CURVE ( 'NONE', #4387, #7044, #367, .T. ) ;
#901 = CARTESIAN_POINT ( 'NONE',  ( -5.050000000000001599, -1.000000000000000000, 3.843333333333301294 ) ) ;
#902 = CARTESIAN_POINT ( 'NONE',  ( 1.374999999999999334, 4.069999999999999396, -4.684999999999999609 ) ) ;
#903 =( NAMED_UNIT ( * ) PLANE_ANGLE_UNIT ( ) SI_UNIT ( $, .RADIAN. ) );
#904 = DIRECTION ( 'NONE',  ( 0.000000000000000000, 0.000000000000000000, -1.000000000000000000 ) ) ;
#905 = EDGE_LOOP ( 'NONE', ( #7554, #4967, #6611, #7518 ) ) ;
#906 = SURFACE_STYLE_FILL_AREA ( #1596 ) ;
#907 =( NAMED_UNIT ( * ) SI_UNIT ( $, .STERADIAN. ) SOLID_ANGLE_UNIT ( ) );
#908 = PRODUCT_DEFINITION_SHAPE ( 'NONE', 'NONE',  #5732 ) ;
#909 = EDGE_LOOP ( 'NONE', ( #2639, #1517, #2633, #5458, #510, #4343, #6803, #697 ) ) ;
#910 = CARTESIAN_POINT ( 'NONE',  ( 4.781556638036693840, 0.000000000000000000, 3.945110028629935872 ) ) ;
#911 = DIRECTION ( 'NONE',  ( -0.7071067811865474617, 0.000000000000000000, -0.7071067811865474617 ) ) ;
#912 = ORIENTED_EDGE ( 'NONE', *, *, #8343, .F. ) ;
#913 = DIRECTION ( 'NONE',  ( -0.000000000000000000, -1.000000000000000000, -0.000000000000000000 ) ) ;
#914 =( NAMED_UNIT ( * ) PLANE_ANGLE_UNIT ( ) SI_UNIT ( $, .RADIAN. ) );
#915 =( NAMED_UNIT ( * ) SI_UNIT ( $, .STERADIAN. ) SOLID_ANGLE_UNIT ( ) );
#916 = ORIENTED_EDGE ( 'NONE', *, *, #7378, .F. ) ;
#917 = EDGE_CURVE ( 'NONE', #5360, #3025, #3248, .T. ) ;
#918 = CARTESIAN_POINT ( 'NONE',  ( -3.375000000000000444, 1.570000000000000062, -2.684999999999983178 ) ) ;
#919 = UNCERTAINTY_MEASURE_WITH_UNIT (LENGTH_MEASURE( 1.000000000000000082E-05 ), #3515, 'distance_accuracy_value', 'NONE');
#920 = DIRECTION ( 'NONE',  ( -1.000000000000000000, 0.000000000000000000, 0.000000000000000000 ) ) ;
#921 = DIRECTION ( 'NONE',  ( 0.7071067811865472397, 0.000000000000000000, -0.7071067811865479058 ) ) ;
#922 = CARTESIAN_POINT ( 'NONE',  ( -1.625000000000001110, 4.069999999999999396, 4.934999999999986287 ) ) ;
#923 = ADVANCED_FACE ( 'NONE', ( #4758 ), #5640, .F. ) ;
#924 =( NAMED_UNIT ( * ) SI_UNIT ( $, .STERADIAN. ) SOLID_ANGLE_UNIT ( ) );
#925 = FILL_AREA_STYLE_COLOUR ( '', #2481 ) ;
#926 = ORIENTED_EDGE ( 'NONE', *, *, #6681, .T. ) ;
#927 = DIRECTION ( 'NONE',  ( 1.000000000000000000, 0.000000000000000000, -0.000000000000000000 ) ) ;
#928 = EDGE_CURVE ( 'NONE', #2094, #7651, #5152, .T. ) ;
#929 = MECHANICAL_DESIGN_GEOMETRIC_PRESENTATION_REPRESENTATION (  '', ( #1818 ), #2103 ) ;
#930 = CARTESIAN_POINT ( 'NONE',  ( -7.620000000000001883, 1.570000000000000062, -6.349999999999997868 ) ) ;
#931 = CARTESIAN_POINT ( 'NONE',  ( -5.069035593728852263, -0.000000000000000000, 3.559999999999968967 ) ) ;
#932 = ORIENTED_EDGE ( 'NONE', *, *, #4357, .F. ) ;
#933 = FILL_AREA_STYLE ('',( #8736 ) ) ;
#934 = SURFACE_STYLE_USAGE ( .BOTH. , #8915 ) ;
#935 = CARTESIAN_POINT ( 'NONE',  ( 2.749999999999997335, 0.000000000000000000, -3.879035593728881182 ) ) ;
#936 = DIRECTION ( 'NONE',  ( -0.000000000000000000, -1.000000000000000000, -0.000000000000000000 ) ) ;
#937 = EDGE_LOOP ( 'NONE', ( #604, #6864, #3600, #539 ) ) ;
#938 = EDGE_CURVE ( 'NONE', #6121, #5123, #1106, .T. ) ;
#939 = VERTEX_POINT ( 'NONE', #4956 ) ;
#940 = DIRECTION ( 'NONE',  ( 0.000000000000000000, -1.000000000000000000, 0.000000000000000000 ) ) ;
#941 = DIRECTION ( 'NONE',  ( -1.000000000000000000, -0.000000000000000000, -0.000000000000000000 ) ) ;
#942 =( GEOMETRIC_REPRESENTATION_CONTEXT ( 3 ) GLOBAL_UNCERTAINTY_ASSIGNED_CONTEXT ( ( #6721 ) ) GLOBAL_UNIT_ASSIGNED_CONTEXT ( ( #3575, #8635, #7975 ) ) REPRESENTATION_CONTEXT ( 'NONE', 'WORKASPACE' ) );
#943 = CARTESIAN_POINT ( 'NONE',  ( -3.375000000000000888, 4.069999999999999396, 4.934999999999986287 ) ) ;
#944 = ORIENTED_EDGE ( 'NONE', *, *, #6560, .T. ) ;
#945 = VECTOR ( 'NONE', #8230, 999.9999999999998863 ) ;
#946 = FILL_AREA_STYLE ('',( #2349 ) ) ;
#947 = ORIENTED_EDGE ( 'NONE', *, *, #6269, .T. ) ;
#948 = CARTESIAN_POINT ( 'NONE',  ( 4.949999999999998401, -1.000000000000000000, 3.759999999999968701 ) ) ;
#949 = UNCERTAINTY_MEASURE_WITH_UNIT (LENGTH_MEASURE( 1.000000000000000082E-05 ), #6518, 'distance_accuracy_value', 'NONE');
#950 = ORIENTED_EDGE ( 'NONE', *, *, #568, .F. ) ;
#951 = CARTESIAN_POINT ( 'NONE',  ( -0.1351100286299741771, 0.000000000000000000, -3.591556638036728533 ) ) ;
#952 = PRESENTATION_STYLE_ASSIGNMENT (( #4633 ) ) ;
#953 = VERTEX_POINT ( 'NONE', #7988 ) ;
#954 = PRESENTATION_LAYER_ASSIGNMENT (  '', '', ( #480 ) ) ;
#955 = AXIS2_PLACEMENT_3D ( 'NONE', #8140, #7422, #6759 ) ;
#956 = AXIS2_PLACEMENT_3D ( 'NONE', #902, #6619, #8803 ) ;
#957 = CARTESIAN_POINT ( 'NONE',  ( 5.049999999999997158, -1.000000000000000000, -3.860000000000031406 ) ) ;
#958 = DIRECTION ( 'NONE',  ( 0.7071067811865482389, 0.000000000000000000, -0.7071067811865469066 ) ) ;
#959 = COLOUR_RGB ( '',0.3176470588235293935, 0.2470588235294117752, 0.2078431372549019440 ) ;
#960 = STYLED_ITEM ( 'NONE', ( #467 ), #647 ) ;
#961 = PRESENTATION_STYLE_ASSIGNMENT (( #153 ) ) ;
#962 =( LENGTH_UNIT ( ) NAMED_UNIT ( * ) SI_UNIT ( .MILLI., .METRE. ) );
#963 = PLANE ( 'NONE',  #4851 ) ;
#964 = CARTESIAN_POINT ( 'NONE',  ( -2.450000000000001066, -1.000000000000000000, 3.826666666666633798 ) ) ;
#965 = VECTOR ( 'NONE', #6995, 1000.000000000000114 ) ;
#966 = EDGE_CURVE ( 'NONE', #5210, #7289, #7946, .T. ) ;
#967 = FACE_OUTER_BOUND ( 'NONE', #8853, .T. ) ;
#968 = DIRECTION ( 'NONE',  ( -0.000000000000000000, -1.000000000000000000, -0.000000000000000000 ) ) ;
#969 = EDGE_CURVE ( 'NONE', #4239, #5836, #6951, .T. ) ;
#970 = DIRECTION ( 'NONE',  ( -0.000000000000000000, -1.000000000000000000, -0.000000000000000000 ) ) ;
#971 = EDGE_CURVE ( 'NONE', #1569, #2090, #1297, .T. ) ;
#972 = CARTESIAN_POINT ( 'NONE',  ( -5.050000000000001599, -1.000000000000000000, 3.759999999999968701 ) ) ;
#973 = ORIENTED_EDGE ( 'NONE', *, *, #8640, .F. ) ;
#974 = ADVANCED_FACE ( 'NONE', ( #4384 ), #3691, .T. ) ;
#975 = DIRECTION ( 'NONE',  ( -0.000000000000000000, -1.000000000000000000, -0.000000000000000000 ) ) ;
#976 = SURFACE_STYLE_USAGE ( .BOTH. , #7034 ) ;
#977 = COLOUR_RGB ( '',0.2980392156862745057, 0.2980392156862745057, 0.2980392156862745057 ) ;
#978 = B_SPLINE_SURFACE_WITH_KNOTS ( 'NONE', 3, 1, ( 
 ( #6397, #5551 ),
 ( #3300, #8277 ),
 ( #4829, #5653 ),
 ( #5341, #4601 ),
 ( #6305, #9161 ),
 ( #1884, #7774 ) ),
 .UNSPECIFIED., .F., .F., .F.,
 ( 4, 2, 4 ),
 ( 2, 2 ),
 ( 0.000000000000000000, 0.5000000000000000000, 1.000000000000000000 ),
 ( 0.000000000000000000, 1.000000000000000000 ),
 .UNSPECIFIED. ) ;
#979 = CARTESIAN_POINT ( 'NONE',  ( -2.550000000000001599, -1.000000000000000000, 3.793333333333301471 ) ) ;
#980 = MECHANICAL_DESIGN_GEOMETRIC_PRESENTATION_REPRESENTATION (  '', ( #7726 ), #5267 ) ;
#981 = AXIS2_PLACEMENT_3D ( 'NONE', #4616, #6053, #3943 ) ;
#982 = ORIENTED_EDGE ( 'NONE', *, *, #8021, .T. ) ;
#983 = ORIENTED_EDGE ( 'NONE', *, *, #243, .F. ) ;
#984 =( GEOMETRIC_REPRESENTATION_CONTEXT ( 3 ) GLOBAL_UNCERTAINTY_ASSIGNED_CONTEXT ( ( #4300 ) ) GLOBAL_UNIT_ASSIGNED_CONTEXT ( ( #9308, #5060, #8066 ) ) REPRESENTATION_CONTEXT ( 'NONE', 'WORKASPACE' ) );
#985 = ADVANCED_FACE ( 'NONE', ( #1342 ), #7223, .F. ) ;
#986 = VECTOR ( 'NONE', #5913, 1000.000000000000000 ) ;
#987 = PRESENTATION_LAYER_ASSIGNMENT (  '', '', ( #6525 ) ) ;
#988 = ADVANCED_FACE ( 'NONE', ( #5395 ), #3104, .F. ) ;
#989 = CARTESIAN_POINT ( 'NONE',  ( -5.218443361963306160, 0.000000000000000000, -3.945110028630001153 ) ) ;
#990 = PRESENTATION_STYLE_ASSIGNMENT (( #3807 ) ) ;
#991 =( LENGTH_UNIT ( ) NAMED_UNIT ( * ) SI_UNIT ( .MILLI., .METRE. ) );
#992 = PRESENTATION_LAYER_ASSIGNMENT (  '', '', ( #3738 ) ) ;
#993 = STYLED_ITEM ( 'NONE', ( #3953 ), #2222 ) ;
#994 = ORIENTED_EDGE ( 'NONE', *, *, #5543, .F. ) ;
#995 = VECTOR ( 'NONE', #5617, 1000.000000000000000 ) ;
#996 = ORIENTED_EDGE ( 'NONE', *, *, #1655, .F. ) ;
#997 = CARTESIAN_POINT ( 'NONE',  ( 4.823223304703360803, 0.000000000000000000, 3.986776695296604167 ) ) ;
#998 = PRESENTATION_LAYER_ASSIGNMENT (  '', '', ( #7454 ) ) ;
#999 = EDGE_CURVE ( 'NONE', #1008, #5594, #3994, .T. ) ;
#1000 = FILL_AREA_STYLE ('',( #6125 ) ) ;
#1001 = ORIENTED_EDGE ( 'NONE', *, *, #7687, .T. ) ;
#1002 = FILL_AREA_STYLE_COLOUR ( '', #7622 ) ;
#1003 =( LENGTH_UNIT ( ) NAMED_UNIT ( * ) SI_UNIT ( .MILLI., .METRE. ) );
#1004 = FACE_OUTER_BOUND ( 'NONE', #3862, .T. ) ;
#1005 = ORIENTED_EDGE ( 'NONE', *, *, #4651, .F. ) ;
#1006 =( GEOMETRIC_REPRESENTATION_CONTEXT ( 3 ) GLOBAL_UNCERTAINTY_ASSIGNED_CONTEXT ( ( #8068 ) ) GLOBAL_UNIT_ASSIGNED_CONTEXT ( ( #7781, #4146, #2499 ) ) REPRESENTATION_CONTEXT ( 'NONE', 'WORKASPACE' ) );
#1007 = DIRECTION ( 'NONE',  ( 0.000000000000000000, 0.000000000000000000, 1.000000000000000000 ) ) ;
#1008 = VERTEX_POINT ( 'NONE', #8141 ) ;
#1009 = UNCERTAINTY_MEASURE_WITH_UNIT (LENGTH_MEASURE( 1.000000000000000082E-05 ), #3581, 'distance_accuracy_value', 'NONE');
#1010 = DIRECTION ( 'NONE',  ( 0.7071067811865472397, 0.000000000000000000, -0.7071067811865479058 ) ) ;
#1011 = PRESENTATION_STYLE_ASSIGNMENT (( #2642 ) ) ;
#1012 = DIRECTION ( 'NONE',  ( 0.000000000000000000, -0.000000000000000000, 1.000000000000000000 ) ) ;
#1013 = STYLED_ITEM ( 'NONE', ( #6015 ), #7201 ) ;
#1014 = SURFACE_STYLE_FILL_AREA ( #7595 ) ;
#1015 = CARTESIAN_POINT ( 'NONE',  ( -2.281556638036697393, 0.000000000000000000, 3.674889971369997621 ) ) ;
#1016 =( NAMED_UNIT ( * ) SI_UNIT ( $, .STERADIAN. ) SOLID_ANGLE_UNIT ( ) );
#1017 = PRESENTATION_STYLE_ASSIGNMENT (( #6096 ) ) ;
#1018 = VECTOR ( 'NONE', #2502, 1000.000000000000000 ) ;
#1019 = CARTESIAN_POINT ( 'NONE',  ( -0.05000000000000143219, -1.000000000000000000, 3.859999999999968345 ) ) ;
#1020 = PRESENTATION_LAYER_ASSIGNMENT (  '', '', ( #4542 ) ) ;
#1021 = FILL_AREA_STYLE ('',( #7601 ) ) ;
#1022 = LINE ( 'NONE', #264, #696 ) ;
#1023 = SURFACE_STYLE_USAGE ( .BOTH. , #8964 ) ;
#1024 = ORIENTED_EDGE ( 'NONE', *, *, #870, .T. ) ;
#1025 =( LENGTH_UNIT ( ) NAMED_UNIT ( * ) SI_UNIT ( .MILLI., .METRE. ) );
#1026 =( GEOMETRIC_REPRESENTATION_CONTEXT ( 3 ) GLOBAL_UNCERTAINTY_ASSIGNED_CONTEXT ( ( #4672 ) ) GLOBAL_UNIT_ASSIGNED_CONTEXT ( ( #2307, #190, #1646 ) ) REPRESENTATION_CONTEXT ( 'NONE', 'WORKASPACE' ) );
#1027 = COLOUR_RGB ( '',0.2980392156862745057, 0.2980392156862745057, 0.2980392156862745057 ) ;
#1028 = FILL_AREA_STYLE ('',( #7696 ) ) ;
#1029 = FILL_AREA_STYLE ('',( #8201 ) ) ;
#1030 = ORIENTED_EDGE ( 'NONE', *, *, #6036, .T. ) ;
#1031 = UNCERTAINTY_MEASURE_WITH_UNIT (LENGTH_MEASURE( 1.000000000000000082E-05 ), #8512, 'distance_accuracy_value', 'NONE');
#1032 = EDGE_CURVE ( 'NONE', #9290, #6398, #4573, .T. ) ;
#1033 =( GEOMETRIC_REPRESENTATION_CONTEXT ( 3 ) GLOBAL_UNCERTAINTY_ASSIGNED_CONTEXT ( ( #3292 ) ) GLOBAL_UNIT_ASSIGNED_CONTEXT ( ( #1853, #6894, #8463 ) ) REPRESENTATION_CONTEXT ( 'NONE', 'WORKASPACE' ) );
#1034 = CARTESIAN_POINT ( 'NONE',  ( 4.679999999999998828, 4.069999999999999396, -4.129999999999965254 ) ) ;
#1035 = VECTOR ( 'NONE', #7419, 1000.000000000000000 ) ;
#1036 = CARTESIAN_POINT ( 'NONE',  ( 2.386611652351679158, -0.5000000000000000000, -3.923388347648349317 ) ) ;
#1037 = SURFACE_STYLE_USAGE ( .BOTH. , #3946 ) ;
#1038 =( NAMED_UNIT ( * ) SI_UNIT ( $, .STERADIAN. ) SOLID_ANGLE_UNIT ( ) );
#1039 = EDGE_CURVE ( 'NONE', #3954, #1135, #3799, .T. ) ;
#1040 = CIRCLE ( 'NONE', #1782, 0.2500000000000002220 ) ;
#1041 = CARTESIAN_POINT ( 'NONE',  ( -2.819999999999998952, 4.069999999999999396, 3.490000000000034852 ) ) ;
#1042 = ORIENTED_EDGE ( 'NONE', *, *, #3501, .T. ) ;
#1043 = ORIENTED_EDGE ( 'NONE', *, *, #3276, .T. ) ;
#1044 = FACE_OUTER_BOUND ( 'NONE', #7328, .T. ) ;
#1045 = UNCERTAINTY_MEASURE_WITH_UNIT (LENGTH_MEASURE( 1.000000000000000082E-05 ), #6319, 'distance_accuracy_value', 'NONE');
#1046 =( NAMED_UNIT ( * ) PLANE_ANGLE_UNIT ( ) SI_UNIT ( $, .RADIAN. ) );
#1047 = VERTEX_POINT ( 'NONE', #3752 ) ;
#1048 = CARTESIAN_POINT ( 'NONE',  ( 0.000000000000000000, 4.069999999999999396, 0.000000000000000000 ) ) ;
#1049 = CARTESIAN_POINT ( 'NONE',  ( -2.550000000000001599, -1.000000000000000000, 3.759999999999968701 ) ) ;
#1050 = CARTESIAN_POINT ( 'NONE',  ( -2.569035593728852707, 0.000000000000000000, -4.060000000000030695 ) ) ;
#1051 = VERTEX_POINT ( 'NONE', #6719 ) ;
#1052 = FILL_AREA_STYLE_COLOUR ( '', #5729 ) ;
#1053 = ADVANCED_FACE ( 'NONE', ( #1523 ), #6802, .F. ) ;
#1054 = PRESENTATION_STYLE_ASSIGNMENT (( #1222 ) ) ;
#1055 = DIRECTION ( 'NONE',  ( 0.000000000000000000, 0.000000000000000000, -1.000000000000000000 ) ) ;
#1056 = SURFACE_STYLE_USAGE ( .BOTH. , #3134 ) ;
#1057 = FILL_AREA_STYLE_COLOUR ( '', #5737 ) ;
#1058 = FILL_AREA_STYLE_COLOUR ( '', #7889 ) ;
#1059 = LINE ( 'NONE', #3179, #6678 ) ;
#1060 = CARTESIAN_POINT ( 'NONE',  ( 2.179999999999998828, 10.06999999999999851, -4.129999999999965254 ) ) ;
#1061 = SURFACE_STYLE_USAGE ( .BOTH. , #1719 ) ;
#1062 =( NAMED_UNIT ( * ) SI_UNIT ( $, .STERADIAN. ) SOLID_ANGLE_UNIT ( ) );
#1063 = ORIENTED_EDGE ( 'NONE', *, *, #9042, .F. ) ;
#1064 = DIRECTION ( 'NONE',  ( 0.000000000000000000, 0.000000000000000000, -1.000000000000000000 ) ) ;
#1065 = CARTESIAN_POINT ( 'NONE',  ( 3.374999999999999112, 1.570000000000000062, 2.685000000000003606 ) ) ;
#1066 = VERTEX_POINT ( 'NONE', #7655 ) ;
#1067 = CARTESIAN_POINT ( 'NONE',  ( -1.625000000000001110, 1.570000000000000062, 2.684999999999986287 ) ) ;
#1068 = CARTESIAN_POINT ( 'NONE',  ( -5.176776695296640085, 0.000000000000000000, 3.986776695296604167 ) ) ;
#1069 = FILL_AREA_STYLE_COLOUR ( '', #36 ) ;
#1070 = COLOUR_RGB ( '',0.2980392156862745057, 0.2980392156862745057, 0.2980392156862745057 ) ;
#1071 =( NAMED_UNIT ( * ) SI_UNIT ( $, .STERADIAN. ) SOLID_ANGLE_UNIT ( ) );
#1072 = DIRECTION ( 'NONE',  ( 0.000000000000000000, -1.000000000000000000, 0.000000000000000000 ) ) ;
#1073 = VERTEX_POINT ( 'NONE', #7796 ) ;
#1074 = ORIENTED_EDGE ( 'NONE', *, *, #2045, .F. ) ;
#1075 = STYLED_ITEM ( 'NONE', ( #8913 ), #2931 ) ;
#1076 = EDGE_CURVE ( 'NONE', #5758, #7558, #5448, .T. ) ;
#1077 = EDGE_CURVE ( 'NONE', #2069, #6147, #6937, .T. ) ;
#1078 = CARTESIAN_POINT ( 'NONE',  ( 4.679999999999998828, 10.06999999999999851, -4.129999999999965254 ) ) ;
#1079 = ORIENTED_EDGE ( 'NONE', *, *, #4361, .T. ) ;
#1080 = DIRECTION ( 'NONE',  ( 2.478176394252582127E-16, 0.000000000000000000, 1.000000000000000000 ) ) ;
#1081 = LINE ( 'NONE', #3161, #4618 ) ;
#1082 = VECTOR ( 'NONE', #6502, 1000.000000000000000 ) ;
#1083 = FILL_AREA_STYLE ('',( #4554 ) ) ;
#1084 = ORIENTED_EDGE ( 'NONE', *, *, #5207, .T. ) ;
#1085 = DIRECTION ( 'NONE',  ( 0.000000000000000000, -0.000000000000000000, -1.000000000000000000 ) ) ;
#1086 = MECHANICAL_DESIGN_GEOMETRIC_PRESENTATION_REPRESENTATION (  '', ( #7838 ), #6788 ) ;
#1087 = FILL_AREA_STYLE ('',( #6307 ) ) ;
#1088 = LINE ( 'NONE', #1892, #4754 ) ;
#1089 = ADVANCED_FACE ( 'NONE', ( #354 ), #4082, .F. ) ;
#1090 = COLOUR_RGB ( '',0.2980392156862745057, 0.2980392156862745057, 0.2980392156862745057 ) ;
#1091 = CARTESIAN_POINT ( 'NONE',  ( 2.364889971370026434, 0.000000000000000000, -4.028443361963334191 ) ) ;
#1092 = FILL_AREA_STYLE_COLOUR ( '', #125 ) ;
#1093 = SURFACE_STYLE_FILL_AREA ( #4069 ) ;
#1094 = PRESENTATION_LAYER_ASSIGNMENT (  '', '', ( #8314 ) ) ;
#1095 =( LENGTH_UNIT ( ) NAMED_UNIT ( * ) SI_UNIT ( .MILLI., .METRE. ) );
#1096 = SURFACE_STYLE_USAGE ( .BOTH. , #2417 ) ;
#1097 = MECHANICAL_DESIGN_GEOMETRIC_PRESENTATION_REPRESENTATION (  '', ( #345 ), #5709 ) ;
#1098 = DIRECTION ( 'NONE',  ( 1.000000000000000000, 0.000000000000000000, 0.000000000000000000 ) ) ;
#1099 = EDGE_CURVE ( 'NONE', #115, #1376, #5494, .T. ) ;
#1100 = AXIS2_PLACEMENT_3D ( 'NONE', #3928, #2368, #3089 ) ;
#1101 = LINE ( 'NONE', #6991, #2580 ) ;
#1102 = VERTEX_POINT ( 'NONE', #9107 ) ;
#1103 =( NAMED_UNIT ( * ) SI_UNIT ( $, .STERADIAN. ) SOLID_ANGLE_UNIT ( ) );
#1104 = CARTESIAN_POINT ( 'NONE',  ( -2.820000000000000728, 10.06999999999999851, -3.489999999999965574 ) ) ;
#1105 = COLOUR_RGB ( '',0.3176470588235293935, 0.2470588235294117752, 0.2078431372549019440 ) ;
#1106 = CIRCLE ( 'NONE', #5717, 0.2500000000000002220 ) ;
#1107 = FILL_AREA_STYLE ('',( #3278 ) ) ;
#1108 = ORIENTED_EDGE ( 'NONE', *, *, #519, .T. ) ;
#1109 = UNCERTAINTY_MEASURE_WITH_UNIT (LENGTH_MEASURE( 1.000000000000000082E-05 ), #471, 'distance_accuracy_value', 'NONE');
#1110 = VECTOR ( 'NONE', #4120, 1000.000000000000000 ) ;
#1111 = CARTESIAN_POINT ( 'NONE',  ( -3.875000000000000888, 4.069999999999999396, -4.684999999999964970 ) ) ;
#1112 = CARTESIAN_POINT ( 'NONE',  ( -0.1767766952966397243, 0.000000000000000000, -3.986776695296667672 ) ) ;
#1113 = PRESENTATION_LAYER_ASSIGNMENT (  '', '', ( #8492 ) ) ;
#1114 = AXIS2_PLACEMENT_3D ( 'NONE', #6122, #8984, #4545 ) ;
#1115 = MECHANICAL_DESIGN_GEOMETRIC_PRESENTATION_REPRESENTATION (  '', ( #827 ), #4493 ) ;
#1116 = CARTESIAN_POINT ( 'NONE',  ( -5.113388347648319510, -0.5000000000000000000, 3.696611652351650790 ) ) ;
#1117 = ORIENTED_EDGE ( 'NONE', *, *, #3956, .F. ) ;
#1118 =( GEOMETRIC_REPRESENTATION_CONTEXT ( 3 ) GLOBAL_UNCERTAINTY_ASSIGNED_CONTEXT ( ( #9303 ) ) GLOBAL_UNIT_ASSIGNED_CONTEXT ( ( #8754, #1946, #1227 ) ) REPRESENTATION_CONTEXT ( 'NONE', 'WORKASPACE' ) );
#1119 = STYLED_ITEM ( 'NONE', ( #1695 ), #9066 ) ;
#1120 = VECTOR ( 'NONE', #7624, 1000.000000000000114 ) ;
#1121 = ORIENTED_EDGE ( 'NONE', *, *, #6826, .F. ) ;
#1122 = VECTOR ( 'NONE', #3500, 1000.000000000000000 ) ;
#1123 = AXIS2_PLACEMENT_3D ( 'NONE', #8335, #940, #8205 ) ;
#1124 = ADVANCED_FACE ( 'NONE', ( #5528 ), #3322, .F. ) ;
#1125 = LINE ( 'NONE', #7810, #5275 ) ;
#1126 = CARTESIAN_POINT ( 'NONE',  ( -0.01666666666666743318, -1.000000000000000000, 3.859999999999967901 ) ) ;
#1127 = ORIENTED_EDGE ( 'NONE', *, *, #1148, .F. ) ;
#1128 = COLOUR_RGB ( '',0.2980392156862745057, 0.2980392156862745057, 0.2980392156862745057 ) ;
#1129 = SURFACE_SIDE_STYLE ('',( #7010 ) ) ;
#1130 = SURFACE_SIDE_STYLE ('',( #7676 ) ) ;
#1131 =( GEOMETRIC_REPRESENTATION_CONTEXT ( 3 ) GLOBAL_UNCERTAINTY_ASSIGNED_CONTEXT ( ( #5423 ) ) GLOBAL_UNIT_ASSIGNED_CONTEXT ( ( #8554, #2709, #4752 ) ) REPRESENTATION_CONTEXT ( 'NONE', 'WORKASPACE' ) );
#1132 =( LENGTH_UNIT ( ) NAMED_UNIT ( * ) SI_UNIT ( .MILLI., .METRE. ) );
#1133 = CARTESIAN_POINT ( 'NONE',  ( -0.8750000000000007772, 1.570000000000000062, -4.935000000000000497 ) ) ;
#1134 = SURFACE_STYLE_USAGE ( .BOTH. , #9127 ) ;
#1135 = VERTEX_POINT ( 'NONE', #9186 ) ;
#1136 = DIRECTION ( 'NONE',  ( 1.000000000000000000, 0.000000000000000000, 0.000000000000000000 ) ) ;
#1137 =( NAMED_UNIT ( * ) SI_UNIT ( $, .STERADIAN. ) SOLID_ANGLE_UNIT ( ) );
#1138 = MECHANICAL_DESIGN_GEOMETRIC_PRESENTATION_REPRESENTATION (  '', ( #6689 ), #5442 ) ;
#1139 = STYLED_ITEM ( 'NONE', ( #4793 ), #1798 ) ;
#1140 = DIRECTION ( 'NONE',  ( 0.000000000000000000, 0.000000000000000000, -1.000000000000000000 ) ) ;
#1141 = UNCERTAINTY_MEASURE_WITH_UNIT (LENGTH_MEASURE( 1.000000000000000082E-05 ), #1906, 'distance_accuracy_value', 'NONE');
#1142 = CARTESIAN_POINT ( 'NONE',  ( 0.8749999999999990008, 1.570000000000000062, 4.935000000000004050 ) ) ;
#1143 = CARTESIAN_POINT ( 'NONE',  ( 0.04999999999999883010, -1.000000000000000000, 3.776666666666634420 ) ) ;
#1144 = CARTESIAN_POINT ( 'NONE',  ( 0.8749999999999990008, 4.069999999999999396, -2.685000000000000497 ) ) ;
#1145 = CARTESIAN_POINT ( 'NONE',  ( -6.125000000000000000, 1.570000000000000062, 4.684999999999968523 ) ) ;
#1146 = VECTOR ( 'NONE', #6593, 1000.000000000000000 ) ;
#1147 = LINE ( 'NONE', #6410, #274 ) ;
#1148 = EDGE_CURVE ( 'NONE', #873, #6486, #2609, .T. ) ;
#1149 = FILL_AREA_STYLE_COLOUR ( '', #8056 ) ;
#1150 = EDGE_CURVE ( 'NONE', #2285, #953, #3980, .T. ) ;
#1151 = LINE ( 'NONE', #3422, #5743 ) ;
#1152 =( NAMED_UNIT ( * ) PLANE_ANGLE_UNIT ( ) SI_UNIT ( $, .RADIAN. ) );
#1153 = VERTEX_POINT ( 'NONE', #5833 ) ;
#1154 = VECTOR ( 'NONE', #2954, 1000.000000000000000 ) ;
#1155 = VECTOR ( 'NONE', #423, 1000.000000000000114 ) ;
#1156 = ORIENTED_EDGE ( 'NONE', *, *, #7963, .F. ) ;
#1157 = EDGE_CURVE ( 'NONE', #1212, #7017, #2748, .T. ) ;
#1158 = CARTESIAN_POINT ( 'NONE',  ( -3.375000000000000444, 4.069999999999999396, 2.684999999999986287 ) ) ;
#1159 = CARTESIAN_POINT ( 'NONE',  ( -0.1351100286299733166, 0.000000000000000000, -4.028443361963334191 ) ) ;
#1160 = CARTESIAN_POINT ( 'NONE',  ( 5.135110028629968681, 0.000000000000000000, 4.028443361963272906 ) ) ;
#1161 = COLOUR_RGB ( '',0.2980392156862745057, 0.2980392156862745057, 0.2980392156862745057 ) ;
#1162 = PLANE ( 'NONE',  #491 ) ;
#1163 = CARTESIAN_POINT ( 'NONE',  ( -0.05000000000000143219, -1.000000000000000000, 3.759999999999968701 ) ) ;
#1164 = FILL_AREA_STYLE_COLOUR ( '', #7701 ) ;
#1165 = ORIENTED_EDGE ( 'NONE', *, *, #277, .F. ) ;
#1166 = COLOUR_RGB ( '',0.2980392156862745057, 0.2980392156862745057, 0.2980392156862745057 ) ;
#1167 = VECTOR ( 'NONE', #5301, 1000.000000000000000 ) ;
#1168 =( LENGTH_UNIT ( ) NAMED_UNIT ( * ) SI_UNIT ( .MILLI., .METRE. ) );
#1169 = EDGE_CURVE ( 'NONE', #2252, #8438, #6506, .T. ) ;
#1170 = ORIENTED_EDGE ( 'NONE', *, *, #6419, .T. ) ;
#1171 = DIRECTION ( 'NONE',  ( -0.000000000000000000, -1.000000000000000000, -0.000000000000000000 ) ) ;
#1172 = PRESENTATION_STYLE_ASSIGNMENT (( #7769 ) ) ;
#1173 = STYLED_ITEM ( 'NONE', ( #3475 ), #8698 ) ;
#1174 = ORIENTED_EDGE ( 'NONE', *, *, #6930, .T. ) ;
#1175 = CARTESIAN_POINT ( 'NONE',  ( -3.375000000000000444, 4.069999999999999396, -2.684999999999983178 ) ) ;
#1176 = CARTESIAN_POINT ( 'NONE',  ( 0.000000000000000000, 10.06999999999999851, 0.000000000000000000 ) ) ;
#1177 = FILL_AREA_STYLE_COLOUR ( '', #8603 ) ;
#1178 = FILL_AREA_STYLE ('',( #468 ) ) ;
#1179 = CARTESIAN_POINT ( 'NONE',  ( -1.125000000000000888, 1.570000000000000062, -4.684999999999999609 ) ) ;
#1180 = ORIENTED_EDGE ( 'NONE', *, *, #5567, .T. ) ;
#1181 = SURFACE_STYLE_FILL_AREA ( #5472 ) ;
#1182 = PRESENTATION_STYLE_ASSIGNMENT (( #5705 ) ) ;
#1183 = CARTESIAN_POINT ( 'NONE',  ( -2.819999999999998952, 10.06999999999999851, 4.130000000000034532 ) ) ;
#1184 = CARTESIAN_POINT ( 'NONE',  ( 0.04999999999999796274, -1.000000000000000000, -3.860000000000031406 ) ) ;
#1185 = CARTESIAN_POINT ( 'NONE',  ( 2.323223304703359027, 0.000000000000000000, -3.633223304703395939 ) ) ;
#1186 = LINE ( 'NONE', #9171, #2918 ) ;
#1187 =( NAMED_UNIT ( * ) SI_UNIT ( $, .STERADIAN. ) SOLID_ANGLE_UNIT ( ) );
#1188 = FILL_AREA_STYLE_COLOUR ( '', #3286 ) ;
#1189 = DIRECTION ( 'NONE',  ( -1.000000000000000000, -0.000000000000000000, -0.000000000000000000 ) ) ;
#1190 = FILL_AREA_STYLE ('',( #6450 ) ) ;
#1191 = DIRECTION ( 'NONE',  ( -0.000000000000000000, -1.000000000000000000, -0.000000000000000000 ) ) ;
#1192 = DIRECTION ( 'NONE',  ( 0.000000000000000000, 0.000000000000000000, 1.000000000000000000 ) ) ;
#1193 = FILL_AREA_STYLE ('',( #9232 ) ) ;
#1194 = EDGE_CURVE ( 'NONE', #7388, #8706, #1292, .T. ) ;
#1195 = CARTESIAN_POINT ( 'NONE',  ( -6.125000000000000888, 4.069999999999999396, -4.684999999999964970 ) ) ;
#1196 = SURFACE_SIDE_STYLE ('',( #2660 ) ) ;
#1197 = CARTESIAN_POINT ( 'NONE',  ( 4.680000000000000604, 4.069999999999999396, 3.490000000000034852 ) ) ;
#1198 = LINE ( 'NONE', #9379, #6655 ) ;
#1199 = DIRECTION ( 'NONE',  ( -1.000000000000000000, 0.000000000000000000, 0.000000000000000000 ) ) ;
#1200 = ORIENTED_EDGE ( 'NONE', *, *, #1887, .T. ) ;
#1201 =( NAMED_UNIT ( * ) SI_UNIT ( $, .STERADIAN. ) SOLID_ANGLE_UNIT ( ) );
#1202 = EDGE_LOOP ( 'NONE', ( #1315, #2440, #3749, #7806, #4873, #8058, #1350, #1447 ) ) ;
#1203 = EDGE_CURVE ( 'NONE', #420, #873, #4222, .T. ) ;
#1204 = CARTESIAN_POINT ( 'NONE',  ( -2.613388347648320842, -0.5000000000000000000, 3.923388347648286700 ) ) ;
#1205 = SURFACE_STYLE_USAGE ( .BOTH. , #9198 ) ;
#1206 = EDGE_LOOP ( 'NONE', ( #7241, #863, #486, #8653, #6956, #7263, #3566, #6163 ) ) ;
#1207 = EDGE_CURVE ( 'NONE', #4446, #8136, #9285, .T. ) ;
#1208 = CARTESIAN_POINT ( 'NONE',  ( -4.950000000000001066, -1.000000000000000000, 3.843333333333300406 ) ) ;
#1209 = ORIENTED_EDGE ( 'NONE', *, *, #4181, .T. ) ;
#1210 =( LENGTH_UNIT ( ) NAMED_UNIT ( * ) SI_UNIT ( .MILLI., .METRE. ) );
#1211 = SURFACE_STYLE_USAGE ( .BOTH. , #2057 ) ;
#1212 = VERTEX_POINT ( 'NONE', #9381 ) ;
#1213 = LINE ( 'NONE', #4136, #8088 ) ;
#1214 = CARTESIAN_POINT ( 'NONE',  ( -0.1767766952966405847, 0.000000000000000000, -3.633223304703395939 ) ) ;
#1215 = CARTESIAN_POINT ( 'NONE',  ( 0.8749999999999990008, 4.069999999999999396, 4.935000000000004050 ) ) ;
#1216 = ORIENTED_EDGE ( 'NONE', *, *, #2870, .T. ) ;
#1217 = LINE ( 'NONE', #516, #1122 ) ;
#1218 =( GEOMETRIC_REPRESENTATION_CONTEXT ( 3 ) GLOBAL_UNCERTAINTY_ASSIGNED_CONTEXT ( ( #5203 ) ) GLOBAL_UNIT_ASSIGNED_CONTEXT ( ( #8448, #4781, #1137 ) ) REPRESENTATION_CONTEXT ( 'NONE', 'WORKASPACE' ) );
#1219 = LINE ( 'NONE', #8412, #2470 ) ;
#1220 = DIRECTION ( 'NONE',  ( -0.000000000000000000, 1.000000000000000000, 0.000000000000000000 ) ) ;
#1221 = CARTESIAN_POINT ( 'NONE',  ( 0.04999999999999796274, -1.000000000000000000, -3.760000000000031761 ) ) ;
#1222 = SURFACE_STYLE_USAGE ( .BOTH. , #9168 ) ;
#1223 = SURFACE_STYLE_USAGE ( .BOTH. , #4011 ) ;
#1224 = CARTESIAN_POINT ( 'NONE',  ( 0.2499999999999985012, 0.000000000000000000, 3.740964406271118925 ) ) ;
#1225 = FACE_OUTER_BOUND ( 'NONE', #2873, .T. ) ;
#1226 = CARTESIAN_POINT ( 'NONE',  ( 4.124999999999999112, 4.069999999999999396, 4.935000000000004050 ) ) ;
#1227 =( NAMED_UNIT ( * ) SI_UNIT ( $, .STERADIAN. ) SOLID_ANGLE_UNIT ( ) );
#1228 = FILL_AREA_STYLE ('',( #7827 ) ) ;
#1229 = MECHANICAL_DESIGN_GEOMETRIC_PRESENTATION_REPRESENTATION (  '', ( #5533 ), #188 ) ;
#1230 = FILL_AREA_STYLE ('',( #8581 ) ) ;
#1231 = STYLED_ITEM ( 'NONE', ( #5200 ), #988 ) ;
#1232 = FILL_AREA_STYLE ('',( #347 ) ) ;
#1233 = EDGE_CURVE ( 'NONE', #5278, #1008, #2804, .T. ) ;
#1234 = SURFACE_STYLE_USAGE ( .BOTH. , #1950 ) ;
#1235 = SURFACE_STYLE_USAGE ( .BOTH. , #5577 ) ;
#1236 = VECTOR ( 'NONE', #509, 1000.000000000000000 ) ;
#1237 = CARTESIAN_POINT ( 'NONE',  ( -3.375000000000000888, 1.570000000000000062, 4.934999999999986287 ) ) ;
#1238 = EDGE_CURVE ( 'NONE', #5836, #3183, #5079, .T. ) ;
#1239 = FILL_AREA_STYLE ('',( #7834 ) ) ;
#1240 = ORIENTED_EDGE ( 'NONE', *, *, #519, .F. ) ;
#1241 = MECHANICAL_DESIGN_GEOMETRIC_PRESENTATION_REPRESENTATION (  '', ( #33 ), #6807 ) ;
#1242 = EDGE_CURVE ( 'NONE', #3279, #709, #593, .T. ) ;
#1243 = CARTESIAN_POINT ( 'NONE',  ( -7.620000000000001883, 1.570000000000000062, -6.349999999999997868 ) ) ;
#1244 = AXIS2_PLACEMENT_3D ( 'NONE', #7643, #7462, #1055 ) ;
#1245 = FILL_AREA_STYLE ('',( #9288 ) ) ;
#1246 = ORIENTED_EDGE ( 'NONE', *, *, #1603, .T. ) ;
#1247 = MECHANICAL_DESIGN_GEOMETRIC_PRESENTATION_REPRESENTATION (  '', ( #8478 ), #8020 ) ;
#1248 = COLOUR_RGB ( '',0.3176470588235293935, 0.2470588235294117752, 0.2078431372549019440 ) ;
#1249 = ADVANCED_FACE ( 'NONE', ( #8729 ), #5139, .F. ) ;
#1250 = SURFACE_SIDE_STYLE ('',( #1781 ) ) ;
#1251 = LINE ( 'NONE', #3441, #4625 ) ;
#1252 = ORIENTED_EDGE ( 'NONE', *, *, #4911, .T. ) ;
#1253 = EDGE_CURVE ( 'NONE', #1051, #1696, #4267, .T. ) ;
#1254 = APPLICATION_CONTEXT ( 'automotive_design' ) ;
#1255 =( NAMED_UNIT ( * ) SI_UNIT ( $, .STERADIAN. ) SOLID_ANGLE_UNIT ( ) );
#1256 = ORIENTED_EDGE ( 'NONE', *, *, #8085, .F. ) ;
#1257 = CARTESIAN_POINT ( 'NONE',  ( 4.124999999999999112, 1.570000000000000062, 2.685000000000003606 ) ) ;
#1258 = AXIS2_PLACEMENT_3D ( 'NONE', #9402, #7994, #2872 ) ;
#1259 = ORIENTED_EDGE ( 'NONE', *, *, #3327, .T. ) ;
#1260 = DIRECTION ( 'NONE',  ( -0.000000000000000000, -1.000000000000000000, -0.000000000000000000 ) ) ;
#1261 = LINE ( 'NONE', #9301, #2165 ) ;
#1262 = SURFACE_SIDE_STYLE ('',( #4101 ) ) ;
#1263 = UNCERTAINTY_MEASURE_WITH_UNIT (LENGTH_MEASURE( 1.000000000000000082E-05 ), #2415, 'distance_accuracy_value', 'NONE');
#1264 = COLOUR_RGB ( '',0.2862745098039215508, 0.6627450980392156632, 0.3294117647058823484 ) ;
#1265 = COLOUR_RGB ( '',0.7921568627450980005, 0.8196078431372548767, 0.9333333333333333481 ) ;
#1266 = MECHANICAL_DESIGN_GEOMETRIC_PRESENTATION_REPRESENTATION (  '', ( #4655 ), #1570 ) ;
#1267 = VERTEX_POINT ( 'NONE', #2083 ) ;
#1268 =( NAMED_UNIT ( * ) SI_UNIT ( $, .STERADIAN. ) SOLID_ANGLE_UNIT ( ) );
#1269 = PRESENTATION_LAYER_ASSIGNMENT (  '', '', ( #7726 ) ) ;
#1270 = COLOUR_RGB ( '',0.2980392156862745057, 0.2980392156862745057, 0.2980392156862745057 ) ;
#1271 = ORIENTED_EDGE ( 'NONE', *, *, #224, .T. ) ;
#1272 = CARTESIAN_POINT ( 'NONE',  ( -4.750000000000000888, 5.934118613483520401E-19, 3.879035593728817233 ) ) ;
#1273 = ADVANCED_FACE ( 'NONE', ( #5039 ), #538, .F. ) ;
#1274 = DIRECTION ( 'NONE',  ( 0.7071067811865479058, 0.000000000000000000, -0.7071067811865472397 ) ) ;
#1275 =( GEOMETRIC_REPRESENTATION_CONTEXT ( 3 ) GLOBAL_UNCERTAINTY_ASSIGNED_CONTEXT ( ( #8161 ) ) GLOBAL_UNIT_ASSIGNED_CONTEXT ( ( #3001, #4642, #8269 ) ) REPRESENTATION_CONTEXT ( 'NONE', 'WORKASPACE' ) );
#1276 = AXIS2_PLACEMENT_3D ( 'NONE', #3367, #7828, #1900 ) ;
#1277 = CARTESIAN_POINT ( 'NONE',  ( 4.949999999999996625, -1.000000000000000000, -3.826666666666698635 ) ) ;
#1278 = MECHANICAL_DESIGN_GEOMETRIC_PRESENTATION_REPRESENTATION (  '', ( #6976 ), #8632 ) ;
#1279 = PRESENTATION_LAYER_ASSIGNMENT (  '', '', ( #2027 ) ) ;
#1280 = LINE ( 'NONE', #5661, #6934 ) ;
#1281 = CARTESIAN_POINT ( 'NONE',  ( 0.04999999999999883010, -1.000000000000000000, 3.793333333333300583 ) ) ;
#1282 = DIRECTION ( 'NONE',  ( 1.000000000000000000, 0.000000000000000000, 0.000000000000000000 ) ) ;
#1283 = SURFACE_STYLE_FILL_AREA ( #8542 ) ;
#1284 = PRESENTATION_LAYER_ASSIGNMENT (  '', '', ( #5121 ) ) ;
#1285 = PLANE ( 'NONE',  #4949 ) ;
#1286 = VECTOR ( 'NONE', #2700, 1000.000000000000000 ) ;
#1287 = FACE_OUTER_BOUND ( 'NONE', #4356, .T. ) ;
#1288 = FILL_AREA_STYLE_COLOUR ( '', #7078 ) ;
#1289 = CARTESIAN_POINT ( 'NONE',  ( 2.500000000000001776, 4.069999999999999396, 7.620000000000000107 ) ) ;
#1290 = PRESENTATION_STYLE_ASSIGNMENT (( #6420 ) ) ;
#1291 = LINE ( 'NONE', #7833, #8835 ) ;
#1292 = LINE ( 'NONE', #8087, #4459 ) ;
#1293 = ORIENTED_EDGE ( 'NONE', *, *, #1207, .F. ) ;
#1294 =( GEOMETRIC_REPRESENTATION_CONTEXT ( 3 ) GLOBAL_UNCERTAINTY_ASSIGNED_CONTEXT ( ( #9460 ) ) GLOBAL_UNIT_ASSIGNED_CONTEXT ( ( #4562, #7502, #390 ) ) REPRESENTATION_CONTEXT ( 'NONE', 'WORKASPACE' ) );
#1295 = DIRECTION ( 'NONE',  ( 1.000000000000000000, 0.000000000000000000, 0.000000000000000000 ) ) ;
#1296 = VERTEX_POINT ( 'NONE', #1511 ) ;
#1297 = LINE ( 'NONE', #2813, #8912 ) ;
#1298 =( NAMED_UNIT ( * ) SI_UNIT ( $, .STERADIAN. ) SOLID_ANGLE_UNIT ( ) );
#1299 = EDGE_LOOP ( 'NONE', ( #3205, #7843, #2533, #4377 ) ) ;
#1300 = ORIENTED_EDGE ( 'NONE', *, *, #3324, .F. ) ;
#1301 = FACE_OUTER_BOUND ( 'NONE', #1304, .T. ) ;
#1302 = EDGE_CURVE ( 'NONE', #6468, #9149, #777, .T. ) ;
#1303 = FILL_AREA_STYLE_COLOUR ( '', #2293 ) ;
#1304 = EDGE_LOOP ( 'NONE', ( #6379, #2359, #8516, #64 ) ) ;
#1305 =( LENGTH_UNIT ( ) NAMED_UNIT ( * ) SI_UNIT ( .MILLI., .METRE. ) );
#1306 = DIRECTION ( 'NONE',  ( -1.000000000000000000, 0.000000000000000000, 0.000000000000000000 ) ) ;
#1307 = SURFACE_STYLE_USAGE ( .BOTH. , #5209 ) ;
#1308 = PRESENTATION_LAYER_ASSIGNMENT (  '', '', ( #3922 ) ) ;
#1309 = SURFACE_SIDE_STYLE ('',( #563 ) ) ;
#1310 =( NAMED_UNIT ( * ) PLANE_ANGLE_UNIT ( ) SI_UNIT ( $, .RADIAN. ) );
#1311 = ORIENTED_EDGE ( 'NONE', *, *, #2369, .F. ) ;
#1312 = ADVANCED_FACE ( 'NONE', ( #5382 ), #6844, .F. ) ;
#1313 = CARTESIAN_POINT ( 'NONE',  ( -0.3199999999999991185, 10.06999999999999851, 3.490000000000034852 ) ) ;
#1314 = CARTESIAN_POINT ( 'NONE',  ( -5.320000000000001172, 10.06999999999999851, -3.489999999999965574 ) ) ;
#1315 = ORIENTED_EDGE ( 'NONE', *, *, #9165, .T. ) ;
#1317 = LINE ( 'NONE', #8105, #4960 ) ;
#1316 = MECHANICAL_DESIGN_GEOMETRIC_PRESENTATION_REPRESENTATION (  '', ( #1173 ), #2068 ) ;
#1318 = PRESENTATION_LAYER_ASSIGNMENT (  '', '', ( #5483 ) ) ;
#1319 = LINE ( 'NONE', #1408, #3841 ) ;
#1320 = EDGE_LOOP ( 'NONE', ( #1784, #1650, #6294, #4592 ) ) ;
#1321 = CARTESIAN_POINT ( 'NONE',  ( 0.1767766952966353944, 0.000000000000000000, 3.633223304703330658 ) ) ;
#1322 = SURFACE_STYLE_FILL_AREA ( #6634 ) ;
#1323 = PRESENTATION_STYLE_ASSIGNMENT (( #6012 ) ) ;
#1324 = VERTEX_POINT ( 'NONE', #6651 ) ;
#1325 = PRESENTATION_LAYER_ASSIGNMENT (  '', '', ( #2376 ) ) ;
#1326 = PLANE ( 'NONE',  #5753 ) ;
#1327 = EDGE_CURVE ( 'NONE', #8155, #3108, #111, .T. ) ;
#1328 = DIRECTION ( 'NONE',  ( 0.000000000000000000, 0.000000000000000000, 1.000000000000000000 ) ) ;
#1329 = PRESENTATION_STYLE_ASSIGNMENT (( #2743 ) ) ;
#1330 = LINE ( 'NONE', #5827, #1592 ) ;
#1331 = SURFACE_STYLE_USAGE ( .BOTH. , #7174 ) ;
#1332 =( LENGTH_UNIT ( ) NAMED_UNIT ( * ) SI_UNIT ( .MILLI., .METRE. ) );
#1333 = CARTESIAN_POINT ( 'NONE',  ( 5.176776695296634756, 0.000000000000000000, -3.633223304703394163 ) ) ;
#1334 = FILL_AREA_STYLE ('',( #484 ) ) ;
#1335 = FACE_BOUND ( 'NONE', #7085, .T. ) ;
#1336 = DIRECTION ( 'NONE',  ( -0.000000000000000000, -0.000000000000000000, -1.000000000000000000 ) ) ;
#1337 = ORIENTED_EDGE ( 'NONE', *, *, #9025, .F. ) ;
#1338 = SURFACE_SIDE_STYLE ('',( #7942 ) ) ;
#1339 =( NAMED_UNIT ( * ) PLANE_ANGLE_UNIT ( ) SI_UNIT ( $, .RADIAN. ) );
#1340 = DIRECTION ( 'NONE',  ( 1.000000000000000000, 0.000000000000000000, 0.000000000000000000 ) ) ;
#1341 = VERTEX_POINT ( 'NONE', #57 ) ;
#1342 = FACE_OUTER_BOUND ( 'NONE', #6667, .T. ) ;
#1343 = CARTESIAN_POINT ( 'NONE',  ( 5.033333333333330550, -1.000000000000000000, 3.759999999999968701 ) ) ;
#1344 = VERTEX_POINT ( 'NONE', #2959 ) ;
#1345 = LINE ( 'NONE', #4277, #5911 ) ;
#1346 = ORIENTED_EDGE ( 'NONE', *, *, #3537, .F. ) ;
#1347 = FACE_OUTER_BOUND ( 'NONE', #7631, .T. ) ;
#1348 = ADVANCED_FACE ( 'NONE', ( #2414 ), #7506, .F. ) ;
#1349 = LINE ( 'NONE', #6528, #7844 ) ;
#1350 = ORIENTED_EDGE ( 'NONE', *, *, #8203, .T. ) ;
#1351 = SURFACE_SIDE_STYLE ('',( #7154 ) ) ;
#1352 = CARTESIAN_POINT ( 'NONE',  ( 2.533333333333330106, -1.000000000000000000, 3.759999999999968701 ) ) ;
#1353 = FILL_AREA_STYLE ('',( #5018 ) ) ;
#1354 = VERTEX_POINT ( 'NONE', #7911 ) ;
#1355 = CARTESIAN_POINT ( 'NONE',  ( -4.125000000000000888, 1.570000000000000062, -4.934999999999965858 ) ) ;
#1356 = SURFACE_SIDE_STYLE ('',( #2205 ) ) ;
#1357 = ORIENTED_EDGE ( 'NONE', *, *, #2218, .T. ) ;
#1358 = EDGE_CURVE ( 'NONE', #6256, #8600, #9213, .T. ) ;
#1359 = CARTESIAN_POINT ( 'NONE',  ( 2.718443361963302163, 0.000000000000000000, 3.674889971369997621 ) ) ;
#1360 = ORIENTED_EDGE ( 'NONE', *, *, #279, .T. ) ;
#1361 = CARTESIAN_POINT ( 'NONE',  ( 2.499999999999998668, 0.000000000000000000, 3.809999999999968967 ) ) ;
#1362 = CARTESIAN_POINT ( 'NONE',  ( -1.125000000000000888, 1.570000000000000062, -4.684999999999999609 ) ) ;
#1363 = DIRECTION ( 'NONE',  ( 1.000000000000000000, 0.000000000000000000, -6.776263578034403699E-16 ) ) ;
#1364 = SURFACE_SIDE_STYLE ('',( #2650 ) ) ;
#1365 = EDGE_LOOP ( 'NONE', ( #3478, #5097, #2945, #4575 ) ) ;
#1366 = UNCERTAINTY_MEASURE_WITH_UNIT (LENGTH_MEASURE( 1.000000000000000082E-05 ), #8840, 'distance_accuracy_value', 'NONE');
#1367 = CARTESIAN_POINT ( 'NONE',  ( -5.320000000000001172, 10.06999999999999851, -4.129999999999965254 ) ) ;
#1368 =( NAMED_UNIT ( * ) SI_UNIT ( $, .STERADIAN. ) SOLID_ANGLE_UNIT ( ) );
#1369 = ADVANCED_FACE ( 'NONE', ( #2729 ), #4976, .F. ) ;
#1370 = SURFACE_STYLE_FILL_AREA ( #5036 ) ;
#1371 = CARTESIAN_POINT ( 'NONE',  ( -3.875000000000000888, 4.069999999999999396, 4.684999999999968523 ) ) ;
#1372 =( NAMED_UNIT ( * ) PLANE_ANGLE_UNIT ( ) SI_UNIT ( $, .RADIAN. ) );
#1373 = PRESENTATION_STYLE_ASSIGNMENT (( #2854 ) ) ;
#1374 = DIRECTION ( 'NONE',  ( -0.000000000000000000, -1.000000000000000000, -0.000000000000000000 ) ) ;
#1375 = STYLED_ITEM ( 'NONE', ( #5037 ), #3018 ) ;
#1376 = VERTEX_POINT ( 'NONE', #1712 ) ;
#1377 = VERTEX_POINT ( 'NONE', #5434 ) ;
#1378 = EDGE_CURVE ( 'NONE', #5444, #2004, #7106, .T. ) ;
#1379 = EDGE_CURVE ( 'NONE', #1047, #3279, #1217, .T. ) ;
#1380 = COLOUR_RGB ( '',0.2980392156862745057, 0.2980392156862745057, 0.2980392156862745057 ) ;
#1381 = CARTESIAN_POINT ( 'NONE',  ( -0.8750000000000007772, 1.570000000000000062, 4.935000000000004050 ) ) ;
#1382 = VERTEX_POINT ( 'NONE', #4247 ) ;
#1383 = VECTOR ( 'NONE', #1374, 1000.000000000000000 ) ;
#1384 = FILL_AREA_STYLE ('',( #8739 ) ) ;
#1385 = DIRECTION ( 'NONE',  ( 0.000000000000000000, -1.000000000000000000, 0.000000000000000000 ) ) ;
#1386 = VERTEX_POINT ( 'NONE', #612 ) ;
#1387 = VECTOR ( 'NONE', #2905, 1000.000000000000000 ) ;
#1388 = STYLED_ITEM ( 'NONE', ( #5545 ), #3479 ) ;
#1389 = VERTEX_POINT ( 'NONE', #4141 ) ;
#1390 = CARTESIAN_POINT ( 'NONE',  ( -5.875000000000000888, 4.069999999999999396, -4.934999999999965858 ) ) ;
#1391 = VECTOR ( 'NONE', #7997, 1000.000000000000114 ) ;
#1392 =( GEOMETRIC_REPRESENTATION_CONTEXT ( 3 ) GLOBAL_UNCERTAINTY_ASSIGNED_CONTEXT ( ( #608 ) ) GLOBAL_UNIT_ASSIGNED_CONTEXT ( ( #7816, #2637, #2015 ) ) REPRESENTATION_CONTEXT ( 'NONE', 'WORKASPACE' ) );
#1393 = CARTESIAN_POINT ( 'NONE',  ( -2.323223304703364800, 0.000000000000000000, -3.633223304703394163 ) ) ;
#1394 = MECHANICAL_DESIGN_GEOMETRIC_PRESENTATION_REPRESENTATION (  '', ( #4787 ), #8615 ) ;
#1395 = PLANE ( 'NONE',  #6340 ) ;
#1396 = PRESENTATION_LAYER_ASSIGNMENT (  '', '', ( #4318 ) ) ;
#1397 = ORIENTED_EDGE ( 'NONE', *, *, #1379, .F. ) ;
#1398 = DIRECTION ( 'NONE',  ( 0.7071067811865472397, 0.000000000000000000, -0.7071067811865479058 ) ) ;
#1399 = EDGE_LOOP ( 'NONE', ( #7199, #1811, #6699, #4390 ) ) ;
#1400 = FACE_OUTER_BOUND ( 'NONE', #9073, .T. ) ;
#1401 = EDGE_CURVE ( 'NONE', #73, #3025, #3408, .T. ) ;
#1402 = CARTESIAN_POINT ( 'NONE',  ( -4.125000000000000888, 4.069999999999999396, -4.934999999999965858 ) ) ;
#1403 = B_SPLINE_SURFACE_WITH_KNOTS ( 'NONE', 3, 1, ( 
 ( #2018, #7773 ),
 ( #4393, #7337 ),
 ( #6731, #6623 ),
 ( #2251, #5056 ),
 ( #4434, #4342 ),
 ( #755, #8661 ) ),
 .UNSPECIFIED., .F., .F., .F.,
 ( 4, 2, 4 ),
 ( 2, 2 ),
 ( 0.000000000000000000, 0.5000000000000000000, 1.000000000000000000 ),
 ( 0.000000000000000000, 1.000000000000000000 ),
 .UNSPECIFIED. ) ;
#1404 = EDGE_LOOP ( 'NONE', ( #8873, #1079, #8869, #3323 ) ) ;
#1405 = STYLED_ITEM ( 'NONE', ( #9093 ), #4024 ) ;
#1406 = UNCERTAINTY_MEASURE_WITH_UNIT (LENGTH_MEASURE( 1.000000000000000082E-05 ), #7731, 'distance_accuracy_value', 'NONE');
#1407 = DIRECTION ( 'NONE',  ( 0.000000000000000000, 0.000000000000000000, 1.000000000000000000 ) ) ;
#1408 = CARTESIAN_POINT ( 'NONE',  ( -4.125000000000000888, 4.069999999999999396, 4.934999999999968523 ) ) ;
#1409 = ORIENTED_EDGE ( 'NONE', *, *, #7330, .T. ) ;
#1410 = VECTOR ( 'NONE', #344, 1000.000000000000000 ) ;
#1411 = VECTOR ( 'NONE', #7723, 999.9999999999998863 ) ;
#1412 = STYLED_ITEM ( 'NONE', ( #1886 ), #1957 ) ;
#1413 = DIRECTION ( 'NONE',  ( -0.000000000000000000, -1.000000000000000000, -0.000000000000000000 ) ) ;
#1414 = COLOUR_RGB ( '',0.3176470588235293935, 0.2470588235294117752, 0.2078431372549019440 ) ;
#1415 =( NAMED_UNIT ( * ) SI_UNIT ( $, .STERADIAN. ) SOLID_ANGLE_UNIT ( ) );
#1416 = ORIENTED_EDGE ( 'NONE', *, *, #6229, .F. ) ;
#1417 = SURFACE_SIDE_STYLE ('',( #1463 ) ) ;
#1418 = DIRECTION ( 'NONE',  ( -1.000000000000000000, -0.000000000000000000, -0.000000000000000000 ) ) ;
#1419 = COLOUR_RGB ( '',0.3176470588235293935, 0.2470588235294117752, 0.2078431372549019440 ) ;
#1420 = COLOUR_RGB ( '',0.2980392156862745057, 0.2980392156862745057, 0.2980392156862745057 ) ;
#1421 =( GEOMETRIC_REPRESENTATION_CONTEXT ( 3 ) GLOBAL_UNCERTAINTY_ASSIGNED_CONTEXT ( ( #6578 ) ) GLOBAL_UNIT_ASSIGNED_CONTEXT ( ( #3766, #1541, #8156 ) ) REPRESENTATION_CONTEXT ( 'NONE', 'WORKASPACE' ) );
#1422 = FILL_AREA_STYLE ('',( #7352 ) ) ;
#1423 =( NAMED_UNIT ( * ) PLANE_ANGLE_UNIT ( ) SI_UNIT ( $, .RADIAN. ) );
#1424 = CARTESIAN_POINT ( 'NONE',  ( 5.049999999999998934, -1.000000000000000000, 3.793333333333300583 ) ) ;
#1425 = EDGE_CURVE ( 'NONE', #1296, #9017, #4702, .T. ) ;
#1426 = CARTESIAN_POINT ( 'NONE',  ( 4.949999999999996625, -1.000000000000000000, -3.860000000000031406 ) ) ;
#1427 = MECHANICAL_DESIGN_GEOMETRIC_PRESENTATION_REPRESENTATION (  '', ( #5588 ), #1732 ) ;
#1428 = DIRECTION ( 'NONE',  ( 0.7071067811865479058, 0.000000000000000000, -0.7071067811865472397 ) ) ;
#1429 = AXIS2_PLACEMENT_3D ( 'NONE', #5059, #5854, #7288 ) ;
#1430 = CARTESIAN_POINT ( 'NONE',  ( -1.375000000000001110, 4.069999999999999396, -2.934999999999982734 ) ) ;
#1431 = EDGE_LOOP ( 'NONE', ( #9351, #8390, #8694, #6300 ) ) ;
#1432 = FACE_OUTER_BOUND ( 'NONE', #8553, .T. ) ;
#1433 = SURFACE_SIDE_STYLE ('',( #5095 ) ) ;
#1434 = ORIENTED_EDGE ( 'NONE', *, *, #8458, .T. ) ;
#1435 = SURFACE_STYLE_USAGE ( .BOTH. , #8195 ) ;
#1436 = CARTESIAN_POINT ( 'NONE',  ( -5.033333333333336768, -1.000000000000000000, -3.860000000000031406 ) ) ;
#1437 = DIRECTION ( 'NONE',  ( -0.000000000000000000, 1.000000000000000000, 0.000000000000000000 ) ) ;
#1438 = ORIENTED_EDGE ( 'NONE', *, *, #6809, .T. ) ;
#1439 = DIRECTION ( 'NONE',  ( 0.000000000000000000, 0.000000000000000000, -1.000000000000000000 ) ) ;
#1440 = ORIENTED_EDGE ( 'NONE', *, *, #3859, .T. ) ;
#1441 = EDGE_CURVE ( 'NONE', #25, #420, #342, .T. ) ;
#1442 = COLOUR_RGB ( '',0.2980392156862745057, 0.2980392156862745057, 0.2980392156862745057 ) ;
#1443 =( NAMED_UNIT ( * ) SI_UNIT ( $, .STERADIAN. ) SOLID_ANGLE_UNIT ( ) );
#1444 = ORIENTED_EDGE ( 'NONE', *, *, #2629, .F. ) ;
#1445 = CARTESIAN_POINT ( 'NONE',  ( -4.950000000000001066, -1.000000000000000000, 3.859999999999968345 ) ) ;
#1446 = CARTESIAN_POINT ( 'NONE',  ( 2.323223304703360803, 0.000000000000000000, 3.633223304703332435 ) ) ;
#1447 = ORIENTED_EDGE ( 'NONE', *, *, #6140, .T. ) ;
#1448 = DIRECTION ( 'NONE',  ( 0.7071067811865469066, -0.000000000000000000, 0.7071067811865482389 ) ) ;
#1449 = VECTOR ( 'NONE', #1457, 1000.000000000000000 ) ;
#1450 = CARTESIAN_POINT ( 'NONE',  ( -1.375000000000001110, 1.570000000000000062, 4.684999999999986287 ) ) ;
#1451 = ORIENTED_EDGE ( 'NONE', *, *, #8825, .F. ) ;
#1452 = CARTESIAN_POINT ( 'NONE',  ( 4.949999999999996625, -1.000000000000000000, -3.843333333333365243 ) ) ;
#1453 = VECTOR ( 'NONE', #913, 1000.000000000000000 ) ;
#1454 = LINE ( 'NONE', #5765, #5539 ) ;
#1455 = EDGE_LOOP ( 'NONE', ( #8614, #7161, #2126, #4301 ) ) ;
#1456 = VECTOR ( 'NONE', #1578, 1000.000000000000000 ) ;
#1457 = DIRECTION ( 'NONE',  ( -0.000000000000000000, -1.000000000000000000, -0.000000000000000000 ) ) ;
#1458 = PRESENTATION_STYLE_ASSIGNMENT (( #8010 ) ) ;
#1459 = PLANE ( 'NONE',  #5633 ) ;
#1460 = PRESENTATION_STYLE_ASSIGNMENT (( #8767 ) ) ;
#1461 = EDGE_LOOP ( 'NONE', ( #662, #2237, #705, #318 ) ) ;
#1462 = UNCERTAINTY_MEASURE_WITH_UNIT (LENGTH_MEASURE( 1.000000000000000082E-05 ), #6922, 'distance_accuracy_value', 'NONE');
#1463 = SURFACE_STYLE_FILL_AREA ( #1228 ) ;
#1464 = LINE ( 'NONE', #6498, #5762 ) ;
#1465 = LINE ( 'NONE', #2080, #6625 ) ;
#1466 = DIRECTION ( 'NONE',  ( -0.000000000000000000, -1.000000000000000000, -0.000000000000000000 ) ) ;
#1467 = CARTESIAN_POINT ( 'NONE',  ( 1.124999999999999112, 1.570000000000000062, -4.684999999999999609 ) ) ;
#1468 = SURFACE_SIDE_STYLE ('',( #775 ) ) ;
#1469 = PRESENTATION_LAYER_ASSIGNMENT (  '', '', ( #1925 ) ) ;
#1470 = SURFACE_SIDE_STYLE ('',( #5231 ) ) ;
#1471 = SURFACE_SIDE_STYLE ('',( #8780 ) ) ;
#1472 =( LENGTH_UNIT ( ) NAMED_UNIT ( * ) SI_UNIT ( .MILLI., .METRE. ) );
#1473 = ORIENTED_EDGE ( 'NONE', *, *, #3919, .F. ) ;
#1474 = VERTEX_POINT ( 'NONE', #6181 ) ;
#1475 = EDGE_CURVE ( 'NONE', #2676, #2771, #7645, .T. ) ;
#1476 = PRESENTATION_STYLE_ASSIGNMENT (( #4375 ) ) ;
#1477 = SURFACE_STYLE_FILL_AREA ( #2859 ) ;
#1478 = ORIENTED_EDGE ( 'NONE', *, *, #4361, .F. ) ;
#1479 = ADVANCED_FACE ( 'NONE', ( #304 ), #6479, .F. ) ;
#1480 = DIRECTION ( 'NONE',  ( -0.7071067811865482389, -0.000000000000000000, -0.7071067811865469066 ) ) ;
#1481 = LINE ( 'NONE', #3636, #5713 ) ;
#1482 = CARTESIAN_POINT ( 'NONE',  ( 5.000000000000001776, 10.06999999999999851, 7.620000000000000107 ) ) ;
#1483 = LINE ( 'NONE', #7224, #6806 ) ;
#1484 = EDGE_LOOP ( 'NONE', ( #8923, #770, #4549, #8486 ) ) ;
#1485 = UNCERTAINTY_MEASURE_WITH_UNIT (LENGTH_MEASURE( 1.000000000000000082E-05 ), #3976, 'distance_accuracy_value', 'NONE');
#1486 = FILL_AREA_STYLE ('',( #790 ) ) ;
#1487 = ORIENTED_EDGE ( 'NONE', *, *, #503, .T. ) ;
#1488 = DIRECTION ( 'NONE',  ( 4.956352788505162282E-16, 0.000000000000000000, -1.000000000000000000 ) ) ;
#1489 = DIRECTION ( 'NONE',  ( -0.000000000000000000, -1.000000000000000000, -0.000000000000000000 ) ) ;
#1490 = EDGE_CURVE ( 'NONE', #6542, #6398, #2151, .T. ) ;
#1491 = LINE ( 'NONE', #3060, #8750 ) ;
#1492 = EDGE_LOOP ( 'NONE', ( #5846, #6523, #464, #2961 ) ) ;
#1493 = VERTEX_POINT ( 'NONE', #1355 ) ;
#1494 = SURFACE_STYLE_FILL_AREA ( #3609 ) ;
#1495 = ORIENTED_EDGE ( 'NONE', *, *, #4715, .F. ) ;
#1496 = UNCERTAINTY_MEASURE_WITH_UNIT (LENGTH_MEASURE( 1.000000000000000082E-05 ), #8297, 'distance_accuracy_value', 'NONE');
#1497 = CARTESIAN_POINT ( 'NONE',  ( -1.125000000000000888, 4.069999999999999396, 4.685000000000003162 ) ) ;
#1498 = SURFACE_SIDE_STYLE ('',( #4587 ) ) ;
#1499 = ORIENTED_EDGE ( 'NONE', *, *, #1952, .T. ) ;
#1500 = CARTESIAN_POINT ( 'NONE',  ( -5.250000000000000888, -3.295533442742040090E-19, 3.879035593728816789 ) ) ;
#1501 = CARTESIAN_POINT ( 'NONE',  ( 1.374999999999999334, 4.069999999999999396, 4.685000000000003162 ) ) ;
#1502 = VERTEX_POINT ( 'NONE', #4396 ) ;
#1503 = CARTESIAN_POINT ( 'NONE',  ( -2.550000000000002487, -1.000000000000000000, -3.843333333333365243 ) ) ;
#1504 = LINE ( 'NONE', #6703, #7265 ) ;
#1505 = CARTESIAN_POINT ( 'NONE',  ( -5.176776695296640085, 0.000000000000000000, 3.986776695296604167 ) ) ;
#1506 =( NAMED_UNIT ( * ) PLANE_ANGLE_UNIT ( ) SI_UNIT ( $, .RADIAN. ) );
#1507 = MECHANICAL_DESIGN_GEOMETRIC_PRESENTATION_REPRESENTATION (  '', ( #6312 ), #4122 ) ;
#1508 = CARTESIAN_POINT ( 'NONE',  ( 5.218443361963301719, 0.000000000000000000, 3.945110028629938537 ) ) ;
#1509 = CARTESIAN_POINT ( 'NONE',  ( -2.820000000000000728, 4.069999999999999396, -4.129999999999965254 ) ) ;
#1510 =( NAMED_UNIT ( * ) SI_UNIT ( $, .STERADIAN. ) SOLID_ANGLE_UNIT ( ) );
#1511 = CARTESIAN_POINT ( 'NONE',  ( -3.875000000000000888, 4.069999999999999396, 2.934999999999968523 ) ) ;
#1512 = ORIENTED_EDGE ( 'NONE', *, *, #330, .T. ) ;
#1513 = EDGE_LOOP ( 'NONE', ( #5146, #6804, #806, #1434 ) ) ;
#1514 =( GEOMETRIC_REPRESENTATION_CONTEXT ( 3 ) GLOBAL_UNCERTAINTY_ASSIGNED_CONTEXT ( ( #3755 ) ) GLOBAL_UNIT_ASSIGNED_CONTEXT ( ( #6849, #1667, #5998 ) ) REPRESENTATION_CONTEXT ( 'NONE', 'WORKASPACE' ) );
#1515 = PRESENTATION_STYLE_ASSIGNMENT (( #8647 ) ) ;
#1516 = SURFACE_SIDE_STYLE ('',( #8043 ) ) ;
#1517 = ORIENTED_EDGE ( 'NONE', *, *, #9114, .F. ) ;
#1518 = DIRECTION ( 'NONE',  ( 0.000000000000000000, 0.000000000000000000, -1.000000000000000000 ) ) ;
#1519 = EDGE_CURVE ( 'NONE', #550, #719, #2626, .T. ) ;
#1520 = MECHANICAL_DESIGN_GEOMETRIC_PRESENTATION_REPRESENTATION (  '', ( #4127 ), #7533 ) ;
#1521 = FACE_OUTER_BOUND ( 'NONE', #4395, .T. ) ;
#1522 = FILL_AREA_STYLE ('',( #5151 ) ) ;
#1523 = FACE_OUTER_BOUND ( 'NONE', #8187, .T. ) ;
#1524 = EDGE_CURVE ( 'NONE', #8239, #7333, #4288, .T. ) ;
#1525 = ORIENTED_EDGE ( 'NONE', *, *, #3574, .T. ) ;
#1526 = UNCERTAINTY_MEASURE_WITH_UNIT (LENGTH_MEASURE( 1.000000000000000082E-05 ), #3685, 'distance_accuracy_value', 'NONE');
#1527 = DIRECTION ( 'NONE',  ( -0.000000000000000000, -1.000000000000000000, -0.000000000000000000 ) ) ;
#1528 = EDGE_CURVE ( 'NONE', #8236, #5853, #8000, .T. ) ;
#1529 = VERTEX_POINT ( 'NONE', #3556 ) ;
#1530 =( NAMED_UNIT ( * ) SI_UNIT ( $, .STERADIAN. ) SOLID_ANGLE_UNIT ( ) );
#1531 = PRESENTATION_LAYER_ASSIGNMENT (  '', '', ( #5392 ) ) ;
#1532 = CARTESIAN_POINT ( 'NONE',  ( 0.04999999999999883010, -1.000000000000000000, 3.859999999999968345 ) ) ;
#1533 = EDGE_CURVE ( 'NONE', #9199, #5856, #6536, .T. ) ;
#1534 = DIRECTION ( 'NONE',  ( 0.000000000000000000, 0.000000000000000000, 1.000000000000000000 ) ) ;
#1535 = ADVANCED_FACE ( 'NONE', ( #1400 ), #2099, .F. ) ;
#1536 = SURFACE_STYLE_USAGE ( .BOTH. , #8110 ) ;
#1537 = DIRECTION ( 'NONE',  ( 0.000000000000000000, -1.000000000000000000, 0.000000000000000000 ) ) ;
#1538 =( GEOMETRIC_REPRESENTATION_CONTEXT ( 3 ) GLOBAL_UNCERTAINTY_ASSIGNED_CONTEXT ( ( #8879 ) ) GLOBAL_UNIT_ASSIGNED_CONTEXT ( ( #4725, #6260, #7719 ) ) REPRESENTATION_CONTEXT ( 'NONE', 'WORKASPACE' ) );
#1539 =( LENGTH_UNIT ( ) NAMED_UNIT ( * ) SI_UNIT ( .MILLI., .METRE. ) );
#1540 = ORIENTED_EDGE ( 'NONE', *, *, #622, .T. ) ;
#1541 =( NAMED_UNIT ( * ) PLANE_ANGLE_UNIT ( ) SI_UNIT ( $, .RADIAN. ) );
#1542 = CARTESIAN_POINT ( 'NONE',  ( -4.950000000000001954, -1.000000000000000000, -3.826666666666699523 ) ) ;
#1543 = CIRCLE ( 'NONE', #8319, 0.2500000000000002220 ) ;
#1544 = ORIENTED_EDGE ( 'NONE', *, *, #818, .F. ) ;
#1545 = CIRCLE ( 'NONE', #955, 0.2500000000000002220 ) ;
#1546 = PRESENTATION_LAYER_ASSIGNMENT (  '', '', ( #4780 ) ) ;
#1547 = DIRECTION ( 'NONE',  ( -0.000000000000000000, -1.000000000000000000, -0.000000000000000000 ) ) ;
#1548 = ORIENTED_EDGE ( 'NONE', *, *, #2218, .F. ) ;
#1549 = VECTOR ( 'NONE', #4902, 1000.000000000000000 ) ;
#1550 = AXIS2_PLACEMENT_3D ( 'NONE', #178, #6201, #1594 ) ;
#1551 = CARTESIAN_POINT ( 'NONE',  ( -3.375000000000000888, 4.069999999999999396, -4.934999999999982734 ) ) ;
#1552 = CARTESIAN_POINT ( 'NONE',  ( -0.2184433619633069923, 0.000000000000000000, -3.674889971370063790 ) ) ;
#1553 = LINE ( 'NONE', #5823, #3929 ) ;
#1554 = DIRECTION ( 'NONE',  ( 1.000000000000000000, -0.000000000000000000, 1.239088197126291063E-16 ) ) ;
#1555 = VERTEX_POINT ( 'NONE', #8753 ) ;
#1556 = VECTOR ( 'NONE', #6078, 1000.000000000000000 ) ;
#1557 =( NAMED_UNIT ( * ) PLANE_ANGLE_UNIT ( ) SI_UNIT ( $, .RADIAN. ) );
#1558 = DIRECTION ( 'NONE',  ( -0.000000000000000000, -0.000000000000000000, -1.000000000000000000 ) ) ;
#1559 = CARTESIAN_POINT ( 'NONE',  ( -6.125000000000000000, 4.069999999999999396, -2.934999999999964970 ) ) ;
#1560 = STYLED_ITEM ( 'NONE', ( #8678 ), #1816 ) ;
#1561 = SURFACE_STYLE_USAGE ( .BOTH. , #8177 ) ;
#1562 = PRESENTATION_LAYER_ASSIGNMENT (  '', '', ( #7423 ) ) ;
#1563 = MECHANICAL_DESIGN_GEOMETRIC_PRESENTATION_REPRESENTATION (  '', ( #1715 ), #2154 ) ;
#1564 = MECHANICAL_DESIGN_GEOMETRIC_PRESENTATION_REPRESENTATION (  '', ( #365 ), #5574 ) ;
#1565 = SURFACE_SIDE_STYLE ('',( #6920 ) ) ;
#1566 = PRESENTATION_STYLE_ASSIGNMENT (( #6597 ) ) ;
#1567 = FILL_AREA_STYLE_COLOUR ( '', #3700 ) ;
#1568 =( NAMED_UNIT ( * ) SI_UNIT ( $, .STERADIAN. ) SOLID_ANGLE_UNIT ( ) );
#1569 = VERTEX_POINT ( 'NONE', #801 ) ;
#1570 =( GEOMETRIC_REPRESENTATION_CONTEXT ( 3 ) GLOBAL_UNCERTAINTY_ASSIGNED_CONTEXT ( ( #6548 ) ) GLOBAL_UNIT_ASSIGNED_CONTEXT ( ( #2543, #5513, #5554 ) ) REPRESENTATION_CONTEXT ( 'NONE', 'WORKASPACE' ) );
#1571 = COLOUR_RGB ( '',0.3176470588235293935, 0.2470588235294117752, 0.2078431372549019440 ) ;
#1572 = VECTOR ( 'NONE', #5306, 1000.000000000000000 ) ;
#1573 = PRESENTATION_STYLE_ASSIGNMENT (( #7548 ) ) ;
#1574 = SURFACE_STYLE_FILL_AREA ( #8322 ) ;
#1575 = COLOUR_RGB ( '',0.7921568627450980005, 0.8196078431372548767, 0.9333333333333333481 ) ;
#1576 = MECHANICAL_DESIGN_GEOMETRIC_PRESENTATION_REPRESENTATION (  '', ( #4038 ), #3562 ) ;
#1577 = ORIENTED_EDGE ( 'NONE', *, *, #8381, .F. ) ;
#1578 = DIRECTION ( 'NONE',  ( -0.000000000000000000, -1.000000000000000000, -0.000000000000000000 ) ) ;
#1579 = PLANE ( 'NONE',  #7029 ) ;
#1580 = LINE ( 'NONE', #3013, #1700 ) ;
#1581 = CARTESIAN_POINT ( 'NONE',  ( 4.124999999999999112, 4.069999999999999396, -4.935000000000000497 ) ) ;
#1582 = VERTEX_POINT ( 'NONE', #3707 ) ;
#1583 = PRESENTATION_LAYER_ASSIGNMENT (  '', '', ( #5751 ) ) ;
#1584 =( GEOMETRIC_REPRESENTATION_CONTEXT ( 3 ) GLOBAL_UNCERTAINTY_ASSIGNED_CONTEXT ( ( #6002 ) ) GLOBAL_UNIT_ASSIGNED_CONTEXT ( ( #6314, #4846, #9320 ) ) REPRESENTATION_CONTEXT ( 'NONE', 'WORKASPACE' ) );
#1585 = ORIENTED_EDGE ( 'NONE', *, *, #5627, .F. ) ;
#1586 = COLOUR_RGB ( '',0.3176470588235293935, 0.2470588235294117752, 0.2078431372549019440 ) ;
#1587 = LINE ( 'NONE', #1778, #5430 ) ;
#1588 =( NAMED_UNIT ( * ) SI_UNIT ( $, .STERADIAN. ) SOLID_ANGLE_UNIT ( ) );
#1589 = PRESENTATION_STYLE_ASSIGNMENT (( #3021 ) ) ;
#1590 = EDGE_CURVE ( 'NONE', #8837, #8438, #710, .T. ) ;
#1591 = SURFACE_STYLE_FILL_AREA ( #5208 ) ;
#1592 = VECTOR ( 'NONE', #9423, 1000.000000000000000 ) ;
#1593 = FACE_OUTER_BOUND ( 'NONE', #8569, .T. ) ;
#1594 = DIRECTION ( 'NONE',  ( 0.000000000000000000, 0.000000000000000000, -1.000000000000000000 ) ) ;
#1595 = EDGE_LOOP ( 'NONE', ( #4913, #2106, #1043, #6241 ) ) ;
#1596 = FILL_AREA_STYLE ('',( #6768 ) ) ;
#1597 = DIRECTION ( 'NONE',  ( -0.000000000000000000, -1.000000000000000000, -0.000000000000000000 ) ) ;
#1598 = ORIENTED_EDGE ( 'NONE', *, *, #8381, .T. ) ;
#1599 = FILL_AREA_STYLE ('',( #1787 ) ) ;
#1600 = PRESENTATION_LAYER_ASSIGNMENT (  '', '', ( #8517 ) ) ;
#1601 = CARTESIAN_POINT ( 'NONE',  ( 3.374999999999999112, 1.570000000000000062, 4.935000000000004050 ) ) ;
#1602 = VERTEX_POINT ( 'NONE', #5970 ) ;
#1603 = EDGE_CURVE ( 'NONE', #1066, #2871, #8368, .T. ) ;
#1604 = FILL_AREA_STYLE_COLOUR ( '', #6954 ) ;
#1605 = LINE ( 'NONE', #5467, #3358 ) ;
#1606 = VECTOR ( 'NONE', #165, 999.9999999999998863 ) ;
#1607 = MECHANICAL_DESIGN_GEOMETRIC_PRESENTATION_REPRESENTATION (  '', ( #3263 ), #4373 ) ;
#1608 = ORIENTED_EDGE ( 'NONE', *, *, #130, .F. ) ;
#1609 = CARTESIAN_POINT ( 'NONE',  ( -6.125000000000000888, 4.069999999999999396, 4.684999999999968523 ) ) ;
#1610 = DIRECTION ( 'NONE',  ( -0.7071067811865469066, 0.000000000000000000, -0.7071067811865482389 ) ) ;
#1611 = VECTOR ( 'NONE', #5936, 1000.000000000000000 ) ;
#1612 =( NAMED_UNIT ( * ) SI_UNIT ( $, .STERADIAN. ) SOLID_ANGLE_UNIT ( ) );
#1613 = FILL_AREA_STYLE ('',( #1658 ) ) ;
#1614 = EDGE_CURVE ( 'NONE', #249, #5824, #3026, .T. ) ;
#1615 = PRESENTATION_STYLE_ASSIGNMENT (( #2227 ) ) ;
#1616 = CARTESIAN_POINT ( 'NONE',  ( 3.874999999999999112, 1.570000000000000062, 4.685000000000003162 ) ) ;
#1617 = ADVANCED_FACE ( 'NONE', ( #7482 ), #8216, .F. ) ;
#1618 = COLOUR_RGB ( '',0.2980392156862745057, 0.2980392156862745057, 0.2980392156862745057 ) ;
#1619 = STYLED_ITEM ( 'NONE', ( #2453 ), #7675 ) ;
#1620 = VERTEX_POINT ( 'NONE', #1145 ) ;
#1621 = FACE_OUTER_BOUND ( 'NONE', #4231, .T. ) ;
#1622 = SURFACE_SIDE_STYLE ('',( #1666 ) ) ;
#1623 = MECHANICAL_DESIGN_GEOMETRIC_PRESENTATION_REPRESENTATION (  '', ( #5968 ), #405 ) ;
#1624 = ORIENTED_EDGE ( 'NONE', *, *, #8373, .T. ) ;
#1625 = EDGE_CURVE ( 'NONE', #7651, #1296, #8623, .T. ) ;
#1626 = LINE ( 'NONE', #7323, #1456 ) ;
#1627 = PLANE ( 'NONE',  #1777 ) ;
#1628 = DIRECTION ( 'NONE',  ( 1.000000000000000000, 0.000000000000000000, -0.000000000000000000 ) ) ;
#1629 = DIRECTION ( 'NONE',  ( 0.000000000000000000, -1.000000000000000000, 0.000000000000000000 ) ) ;
#1630 = ORIENTED_EDGE ( 'NONE', *, *, #8085, .T. ) ;
#1631 = VERTEX_POINT ( 'NONE', #3511 ) ;
#1632 = CARTESIAN_POINT ( 'NONE',  ( -4.864889971370032207, -7.320507819255958490E-19, 3.591556638036664584 ) ) ;
#1633 = DIRECTION ( 'NONE',  ( -0.000000000000000000, -0.000000000000000000, -1.000000000000000000 ) ) ;
#1634 = SURFACE_STYLE_USAGE ( .BOTH. , #8251 ) ;
#1635 = SURFACE_STYLE_FILL_AREA ( #8851 ) ;
#1636 = FACE_OUTER_BOUND ( 'NONE', #161, .T. ) ;
#1637 = SURFACE_STYLE_USAGE ( .BOTH. , #3150 ) ;
#1638 = ORIENTED_EDGE ( 'NONE', *, *, #8951, .F. ) ;
#1639 = CARTESIAN_POINT ( 'NONE',  ( 5.113388347648315069, -0.5000000000000000000, -3.923388347648350205 ) ) ;
#1640 = ORIENTED_EDGE ( 'NONE', *, *, #2807, .T. ) ;
#1641 = CARTESIAN_POINT ( 'NONE',  ( 4.823223304703361691, 0.000000000000000000, 3.633223304703332435 ) ) ;
#1642 = ADVANCED_FACE ( 'NONE', ( #1840 ), #9172, .F. ) ;
#1643 = SURFACE_STYLE_FILL_AREA ( #3716 ) ;
#1644 = DIRECTION ( 'NONE',  ( 1.000000000000000000, 0.000000000000000000, 0.000000000000000000 ) ) ;
#1645 = ORIENTED_EDGE ( 'NONE', *, *, #6172, .F. ) ;
#1646 =( NAMED_UNIT ( * ) SI_UNIT ( $, .STERADIAN. ) SOLID_ANGLE_UNIT ( ) );
#1647 = PRESENTATION_STYLE_ASSIGNMENT (( #5327 ) ) ;
#1648 = CARTESIAN_POINT ( 'NONE',  ( -6.125000000000000888, 4.069999999999999396, 4.684999999999968523 ) ) ;
#1649 = FILL_AREA_STYLE_COLOUR ( '', #7873 ) ;
#1650 = ORIENTED_EDGE ( 'NONE', *, *, #3458, .T. ) ;
#1651 = ADVANCED_FACE ( 'NONE', ( #8502 ), #1943, .T. ) ;
#1652 = DIRECTION ( 'NONE',  ( -0.7071067811865474617, 0.000000000000000000, -0.7071067811865474617 ) ) ;
#1653 = UNCERTAINTY_MEASURE_WITH_UNIT (LENGTH_MEASURE( 1.000000000000000082E-05 ), #534, 'distance_accuracy_value', 'NONE');
#1654 =( LENGTH_UNIT ( ) NAMED_UNIT ( * ) SI_UNIT ( .MILLI., .METRE. ) );
#1655 = EDGE_CURVE ( 'NONE', #2084, #2840, #262, .T. ) ;
#1656 = FILL_AREA_STYLE ('',( #6744 ) ) ;
#1657 = PLANE ( 'NONE',  #2352 ) ;
#1658 = FILL_AREA_STYLE_COLOUR ( '', #326 ) ;
#1659 = CARTESIAN_POINT ( 'NONE',  ( -2.450000000000001066, -1.000000000000000000, 3.776666666666634420 ) ) ;
#1660 = FILL_AREA_STYLE_COLOUR ( '', #3069 ) ;
#1661 = DIRECTION ( 'NONE',  ( -0.7071067811865472397, -0.000000000000000000, 0.7071067811865479058 ) ) ;
#1662 = PRESENTATION_STYLE_ASSIGNMENT (( #4656 ) ) ;
#1663 = EDGE_CURVE ( 'NONE', #4056, #9199, #3138, .T. ) ;
#1664 = PLANE ( 'NONE',  #4279 ) ;
#1665 = PRESENTATION_LAYER_ASSIGNMENT (  '', '', ( #459 ) ) ;
#1666 = SURFACE_STYLE_FILL_AREA ( #2375 ) ;
#1667 =( NAMED_UNIT ( * ) PLANE_ANGLE_UNIT ( ) SI_UNIT ( $, .RADIAN. ) );
#1668 = VERTEX_POINT ( 'NONE', #4568 ) ;
#1669 = CARTESIAN_POINT ( 'NONE',  ( -6.125000000000000888, 4.069999999999999396, 4.684999999999968523 ) ) ;
#1670 = PLANE ( 'NONE',  #5628 ) ;
#1671 =( NAMED_UNIT ( * ) SI_UNIT ( $, .STERADIAN. ) SOLID_ANGLE_UNIT ( ) );
#1672 = CARTESIAN_POINT ( 'NONE',  ( -4.125000000000000888, 4.069999999999999396, -4.934999999999965858 ) ) ;
#1673 = ORIENTED_EDGE ( 'NONE', *, *, #4066, .T. ) ;
#1674 = UNCERTAINTY_MEASURE_WITH_UNIT (LENGTH_MEASURE( 1.000000000000000082E-05 ), #9325, 'distance_accuracy_value', 'NONE');
#1675 = EDGE_CURVE ( 'NONE', #7233, #8146, #856, .T. ) ;
#1676 = ORIENTED_EDGE ( 'NONE', *, *, #8669, .F. ) ;
#1677 = UNCERTAINTY_MEASURE_WITH_UNIT (LENGTH_MEASURE( 1.000000000000000082E-05 ), #2244, 'distance_accuracy_value', 'NONE');
#1678 = SURFACE_STYLE_USAGE ( .BOTH. , #3803 ) ;
#1679 = VECTOR ( 'NONE', #3623, 1000.000000000000000 ) ;
#1680 = DIRECTION ( 'NONE',  ( -0.000000000000000000, 1.000000000000000000, 0.000000000000000000 ) ) ;
#1681 = SURFACE_STYLE_USAGE ( .BOTH. , #7617 ) ;
#1682 = PRESENTATION_STYLE_ASSIGNMENT (( #8291 ) ) ;
#1683 = ORIENTED_EDGE ( 'NONE', *, *, #5193, .T. ) ;
#1684 = VECTOR ( 'NONE', #4254, 1000.000000000000000 ) ;
#1685 =( NAMED_UNIT ( * ) PLANE_ANGLE_UNIT ( ) SI_UNIT ( $, .RADIAN. ) );
#1686 = VERTEX_POINT ( 'NONE', #6752 ) ;
#1687 = SURFACE_STYLE_USAGE ( .BOTH. , #7486 ) ;
#1688 = AXIS2_PLACEMENT_3D ( 'NONE', #7940, #2123, #3629 ) ;
#1689 =( NAMED_UNIT ( * ) PLANE_ANGLE_UNIT ( ) SI_UNIT ( $, .RADIAN. ) );
#1690 = VECTOR ( 'NONE', #4238, 1000.000000000000000 ) ;
#1691 = ORIENTED_EDGE ( 'NONE', *, *, #2010, .T. ) ;
#1692 = CARTESIAN_POINT ( 'NONE',  ( -3.625000000000000444, 4.069999999999999396, -4.684999999999982734 ) ) ;
#1693 = CARTESIAN_POINT ( 'NONE',  ( -0.05000000000000229955, -1.000000000000000000, -3.760000000000031761 ) ) ;
#1694 = DIRECTION ( 'NONE',  ( -0.7071067811865472397, -0.000000000000000000, -0.7071067811865479058 ) ) ;
#1695 = PRESENTATION_STYLE_ASSIGNMENT (( #3077 ) ) ;
#1696 = VERTEX_POINT ( 'NONE', #3934 ) ;
#1697 = COLOUR_RGB ( '',0.2862745098039215508, 0.6627450980392156632, 0.3294117647058823484 ) ;
#1698 = CARTESIAN_POINT ( 'NONE',  ( 3.624999999999998668, 4.069999999999999396, -2.935000000000000053 ) ) ;
#1699 = VERTEX_POINT ( 'NONE', #5436 ) ;
#1700 = VECTOR ( 'NONE', #5890, 1000.000000000000000 ) ;
#1701 = LINE ( 'NONE', #2406, #2768 ) ;
#1702 = PRESENTATION_LAYER_ASSIGNMENT (  '', '', ( #345 ) ) ;
#1703 =( LENGTH_UNIT ( ) NAMED_UNIT ( * ) SI_UNIT ( .MILLI., .METRE. ) );
#1704 =( LENGTH_UNIT ( ) NAMED_UNIT ( * ) SI_UNIT ( .MILLI., .METRE. ) );
#1705 = DIRECTION ( 'NONE',  ( -1.000000000000000000, 0.000000000000000000, 0.000000000000000000 ) ) ;
#1706 = CARTESIAN_POINT ( 'NONE',  ( -2.250000000000000888, 0.000000000000000000, 3.879035593728817233 ) ) ;
#1707 = CARTESIAN_POINT ( 'NONE',  ( -3.875000000000000888, 4.069999999999999396, -4.684999999999964970 ) ) ;
#1708 = PRESENTATION_LAYER_ASSIGNMENT (  '', '', ( #4014 ) ) ;
#1709 = ADVANCED_FACE ( 'NONE', ( #5485 ), #9098, .F. ) ;
#1710 = PRESENTATION_LAYER_ASSIGNMENT (  '', '', ( #2156 ) ) ;
#1711 = FILL_AREA_STYLE ('',( #1092 ) ) ;
#1712 = CARTESIAN_POINT ( 'NONE',  ( 1.624999999999999334, 1.570000000000000062, -4.935000000000000497 ) ) ;
#1713 = SURFACE_SIDE_STYLE ('',( #4792 ) ) ;
#1714 = DIRECTION ( 'NONE',  ( -0.000000000000000000, 1.000000000000000000, 0.000000000000000000 ) ) ;
#1715 = STYLED_ITEM ( 'NONE', ( #3348 ), #5053 ) ;
#1716 =( NAMED_UNIT ( * ) SI_UNIT ( $, .STERADIAN. ) SOLID_ANGLE_UNIT ( ) );
#1717 = AXIS2_PLACEMENT_3D ( 'NONE', #6213, #4137, #5548 ) ;
#1718 = ADVANCED_FACE ( 'NONE', ( #3830 ), #5295, .F. ) ;
#1719 = SURFACE_SIDE_STYLE ('',( #1574 ) ) ;
#1720 = CARTESIAN_POINT ( 'NONE',  ( 6.124999999999999112, 1.570000000000000062, 2.935000000000003606 ) ) ;
#1721 = EDGE_LOOP ( 'NONE', ( #8842, #9103, #2166, #8090, #7999, #2127, #2034, #1525 ) ) ;
#1722 =( GEOMETRIC_REPRESENTATION_CONTEXT ( 3 ) GLOBAL_UNCERTAINTY_ASSIGNED_CONTEXT ( ( #5698 ) ) GLOBAL_UNIT_ASSIGNED_CONTEXT ( ( #7545, #5172, #6626 ) ) REPRESENTATION_CONTEXT ( 'NONE', 'WORKASPACE' ) );
#1723 =( LENGTH_UNIT ( ) NAMED_UNIT ( * ) SI_UNIT ( .MILLI., .METRE. ) );
#1724 = VECTOR ( 'NONE', #6063, 1000.000000000000114 ) ;
#1725 = B_SPLINE_SURFACE_WITH_KNOTS ( 'NONE', 3, 1, ( 
 ( #8572, #716 ),
 ( #7964, #6630 ),
 ( #2691, #9410 ),
 ( #7865, #1277 ),
 ( #3658, #1452 ),
 ( #2837, #3460 ) ),
 .UNSPECIFIED., .F., .F., .F.,
 ( 4, 2, 4 ),
 ( 2, 2 ),
 ( 0.000000000000000000, 0.5000000000000000000, 1.000000000000000000 ),
 ( 0.000000000000000000, 1.000000000000000000 ),
 .UNSPECIFIED. ) ;
#1726 = CARTESIAN_POINT ( 'NONE',  ( -7.620000000000000107, 1.570000000000000062, 6.350000000000001421 ) ) ;
#1727 = MECHANICAL_DESIGN_GEOMETRIC_PRESENTATION_REPRESENTATION (  '', ( #1864 ), #1218 ) ;
#1728 = VECTOR ( 'NONE', #6469, 999.9999999999998863 ) ;
#1729 = SURFACE_STYLE_USAGE ( .BOTH. , #2337 ) ;
#1730 = VERTEX_POINT ( 'NONE', #6790 ) ;
#1731 = LINE ( 'NONE', #312, #4177 ) ;
#1732 =( GEOMETRIC_REPRESENTATION_CONTEXT ( 3 ) GLOBAL_UNCERTAINTY_ASSIGNED_CONTEXT ( ( #5353 ) ) GLOBAL_UNIT_ASSIGNED_CONTEXT ( ( #6237, #4659, #3696 ) ) REPRESENTATION_CONTEXT ( 'NONE', 'WORKASPACE' ) );
#1733 = VECTOR ( 'NONE', #3652, 1000.000000000000000 ) ;
#1734 = MECHANICAL_DESIGN_GEOMETRIC_PRESENTATION_REPRESENTATION (  '', ( #6525 ), #5282 ) ;
#1735 = CARTESIAN_POINT ( 'NONE',  ( 5.319999999999999396, 10.06999999999999851, -4.129999999999965254 ) ) ;
#1736 =( NAMED_UNIT ( * ) PLANE_ANGLE_UNIT ( ) SI_UNIT ( $, .RADIAN. ) );
#1737 = DIRECTION ( 'NONE',  ( -1.000000000000000000, -0.000000000000000000, -0.000000000000000000 ) ) ;
#1738 = VECTOR ( 'NONE', #2742, 1000.000000000000000 ) ;
#1739 = ORIENTED_EDGE ( 'NONE', *, *, #1194, .F. ) ;
#1740 = COLOUR_RGB ( '',0.2980392156862745057, 0.2980392156862745057, 0.2980392156862745057 ) ;
#1741 = LINE ( 'NONE', #2254, #2326 ) ;
#1742 = ORIENTED_EDGE ( 'NONE', *, *, #2516, .T. ) ;
#1743 = LINE ( 'NONE', #7006, #3558 ) ;
#1744 = AXIS2_PLACEMENT_3D ( 'NONE', #4662, #3833, #5344 ) ;
#1745 = CARTESIAN_POINT ( 'NONE',  ( -4.886611652351683155, -0.5000000000000000000, 3.696611652351649902 ) ) ;
#1746 = ORIENTED_EDGE ( 'NONE', *, *, #4391, .F. ) ;
#1747 =( NAMED_UNIT ( * ) SI_UNIT ( $, .STERADIAN. ) SOLID_ANGLE_UNIT ( ) );
#1748 = EDGE_CURVE ( 'NONE', #7047, #7146, #3882, .T. ) ;
#1749 = FACE_OUTER_BOUND ( 'NONE', #7697, .T. ) ;
#1750 = PLANE ( 'NONE',  #1846 ) ;
#1751 = FILL_AREA_STYLE ('',( #1649 ) ) ;
#1752 = ORIENTED_EDGE ( 'NONE', *, *, #6388, .F. ) ;
#1753 =( GEOMETRIC_REPRESENTATION_CONTEXT ( 3 ) GLOBAL_UNCERTAINTY_ASSIGNED_CONTEXT ( ( #3612 ) ) GLOBAL_UNIT_ASSIGNED_CONTEXT ( ( #1703, #3782, #1612 ) ) REPRESENTATION_CONTEXT ( 'NONE', 'WORKASPACE' ) );
#1754 = PRESENTATION_STYLE_ASSIGNMENT (( #2361 ) ) ;
#1755 = UNCERTAINTY_MEASURE_WITH_UNIT (LENGTH_MEASURE( 1.000000000000000082E-05 ), #6144, 'distance_accuracy_value', 'NONE');
#1756 = LINE ( 'NONE', #6353, #8496 ) ;
#1757 = PLANE ( 'NONE',  #2125 ) ;
#1758 = CIRCLE ( 'NONE', #7160, 0.2500000000000002220 ) ;
#1759 =( NAMED_UNIT ( * ) PLANE_ANGLE_UNIT ( ) SI_UNIT ( $, .RADIAN. ) );
#1760 = LINE ( 'NONE', #8275, #8324 ) ;
#1761 = CARTESIAN_POINT ( 'NONE',  ( -0.1133883476483197039, -0.5000000000000000000, 3.696611652351650790 ) ) ;
#1762 = CARTESIAN_POINT ( 'NONE',  ( -3.625000000000000444, 4.069999999999999396, 4.684999999999986287 ) ) ;
#1763 =( NAMED_UNIT ( * ) PLANE_ANGLE_UNIT ( ) SI_UNIT ( $, .RADIAN. ) );
#1764 = VECTOR ( 'NONE', #8673, 1000.000000000000000 ) ;
#1765 = CARTESIAN_POINT ( 'NONE',  ( -0.2500000000000011102, 0.000000000000000000, 3.879035593728816789 ) ) ;
#1766 = MECHANICAL_DESIGN_GEOMETRIC_PRESENTATION_REPRESENTATION (  '', ( #4542 ), #9112 ) ;
#1767 = DIRECTION ( 'NONE',  ( -0.7071067811865482389, -0.000000000000000000, -0.7071067811865469066 ) ) ;
#1768 = FILL_AREA_STYLE ('',( #7604 ) ) ;
#1769 = VERTEX_POINT ( 'NONE', #398 ) ;
#1770 = STYLED_ITEM ( 'NONE', ( #8300 ), #8380 ) ;
#1772 =( GEOMETRIC_REPRESENTATION_CONTEXT ( 3 ) GLOBAL_UNCERTAINTY_ASSIGNED_CONTEXT ( ( #6248 ) ) GLOBAL_UNIT_ASSIGNED_CONTEXT ( ( #13, #783, #5889 ) ) REPRESENTATION_CONTEXT ( 'NONE', 'WORKASPACE' ) );
#1771 =( NAMED_UNIT ( * ) PLANE_ANGLE_UNIT ( ) SI_UNIT ( $, .RADIAN. ) );
#1773 = CARTESIAN_POINT ( 'NONE',  ( 2.180000000000000604, 10.06999999999999851, 4.130000000000034532 ) ) ;
#1774 = ORIENTED_EDGE ( 'NONE', *, *, #7899, .T. ) ;
#1775 = UNCERTAINTY_MEASURE_WITH_UNIT (LENGTH_MEASURE( 1.000000000000000082E-05 ), #1305, 'distance_accuracy_value', 'NONE');
#1776 = ADVANCED_FACE ( 'NONE', ( #1287 ), #3467, .F. ) ;
#1777 = AXIS2_PLACEMENT_3D ( 'NONE', #448, #1813, #308 ) ;
#1778 = CARTESIAN_POINT ( 'NONE',  ( -2.820000000000000728, 10.06999999999999851, -4.129999999999965254 ) ) ;
#1779 = CARTESIAN_POINT ( 'NONE',  ( -5.875000000000000888, 4.069999999999999396, 2.684999999999968523 ) ) ;
#1780 =( NAMED_UNIT ( * ) PLANE_ANGLE_UNIT ( ) SI_UNIT ( $, .RADIAN. ) );
#1781 = SURFACE_STYLE_FILL_AREA ( #3387 ) ;
#1782 = AXIS2_PLACEMENT_3D ( 'NONE', #3878, #340, #6093 ) ;
#1783 = CARTESIAN_POINT ( 'NONE',  ( -1.040834085586084257E-15, -1.000000000000000000, -7.620000000000000107 ) ) ;
#1784 = ORIENTED_EDGE ( 'NONE', *, *, #5755, .T. ) ;
#1785 = CARTESIAN_POINT ( 'NONE',  ( -4.750000000000001776, -0.000000000000000000, 3.740964406271118925 ) ) ;
#1786 = VERTEX_POINT ( 'NONE', #5620 ) ;
#1787 = FILL_AREA_STYLE_COLOUR ( '', #4168 ) ;
#1788 = EDGE_CURVE ( 'NONE', #2004, #8922, #4214, .T. ) ;
#1789 = UNCERTAINTY_MEASURE_WITH_UNIT (LENGTH_MEASURE( 1.000000000000000082E-05 ), #8992, 'distance_accuracy_value', 'NONE');
#1790 = LINE ( 'NONE', #9076, #7302 ) ;
#1791 = CARTESIAN_POINT ( 'NONE',  ( 2.499999999999997780, 0.000000000000000000, -3.810000000000031140 ) ) ;
#1792 = EDGE_LOOP ( 'NONE', ( #7315, #944, #1858, #3916 ) ) ;
#1793 = DIRECTION ( 'NONE',  ( 0.000000000000000000, -1.000000000000000000, 0.000000000000000000 ) ) ;
#1794 = FILL_AREA_STYLE ('',( #7054 ) ) ;
#1795 = DIRECTION ( 'NONE',  ( -0.000000000000000000, -1.000000000000000000, -0.000000000000000000 ) ) ;
#1796 = EDGE_LOOP ( 'NONE', ( #2991, #1544, #349, #9459 ) ) ;
#1797 = FACE_OUTER_BOUND ( 'NONE', #6203, .T. ) ;
#1798 = ADVANCED_FACE ( 'NONE', ( #4990 ), #8774, .T. ) ;
#1799 = CARTESIAN_POINT ( 'NONE',  ( -2.179999999999999272, 4.069999999999999396, 3.490000000000034852 ) ) ;
#1800 = DIRECTION ( 'NONE',  ( -0.000000000000000000, -0.000000000000000000, -1.000000000000000000 ) ) ;
#1801 = CARTESIAN_POINT ( 'NONE',  ( 0.2184433619633018020, 0.000000000000000000, -3.945110028630002930 ) ) ;
#1802 = CARTESIAN_POINT ( 'NONE',  ( 2.449999999999997513, -1.000000000000000000, -3.860000000000031406 ) ) ;
#1803 = CARTESIAN_POINT ( 'NONE',  ( 5.874999999999999112, 1.570000000000000062, -2.685000000000000497 ) ) ;
#1804 = LINE ( 'NONE', #527, #5255 ) ;
#1805 =( NAMED_UNIT ( * ) PLANE_ANGLE_UNIT ( ) SI_UNIT ( $, .RADIAN. ) );
#1806 = DIRECTION ( 'NONE',  ( -0.000000000000000000, -1.000000000000000000, -0.000000000000000000 ) ) ;
#1807 = DIRECTION ( 'NONE',  ( 0.000000000000000000, 0.000000000000000000, -1.000000000000000000 ) ) ;
#1808 = SURFACE_STYLE_USAGE ( .BOTH. , #6238 ) ;
#1809 = CARTESIAN_POINT ( 'NONE',  ( -0.3199999999999991185, 4.069999999999999396, 4.130000000000034532 ) ) ;
#1810 = DIRECTION ( 'NONE',  ( 1.000000000000000000, 0.000000000000000000, 0.000000000000000000 ) ) ;
#1811 = ORIENTED_EDGE ( 'NONE', *, *, #8787, .F. ) ;
#1812 = LINE ( 'NONE', #1669, #2378 ) ;
#1813 = DIRECTION ( 'NONE',  ( -0.000000000000000000, 1.000000000000000000, 0.000000000000000000 ) ) ;
#1814 = DIRECTION ( 'NONE',  ( -1.239088197126291063E-16, -0.000000000000000000, 1.000000000000000000 ) ) ;
#1815 = ORIENTED_EDGE ( 'NONE', *, *, #2340, .F. ) ;
#1816 = ADVANCED_FACE ( 'NONE', ( #8547 ), #6580, .T. ) ;
#1817 =( LENGTH_UNIT ( ) NAMED_UNIT ( * ) SI_UNIT ( .MILLI., .METRE. ) );
#1818 = STYLED_ITEM ( 'NONE', ( #117 ), #5781 ) ;
#1819 = DIRECTION ( 'NONE',  ( 0.000000000000000000, 0.000000000000000000, -1.000000000000000000 ) ) ;
#1820 = ORIENTED_EDGE ( 'NONE', *, *, #5858, .T. ) ;
#1821 = EDGE_CURVE ( 'NONE', #2684, #4555, #5032, .T. ) ;
#1822 = PLANE ( 'NONE',  #2175 ) ;
#1823 = EDGE_LOOP ( 'NONE', ( #3951, #5471, #6106, #1979 ) ) ;
#1824 = MECHANICAL_DESIGN_GEOMETRIC_PRESENTATION_REPRESENTATION (  '', ( #2574 ), #4289 ) ;
#1825 = UNCERTAINTY_MEASURE_WITH_UNIT (LENGTH_MEASURE( 1.000000000000000082E-05 ), #317, 'distance_accuracy_value', 'NONE');
#1826 = CARTESIAN_POINT ( 'NONE',  ( -2.550000000000001599, -1.000000000000000000, 3.759999999999968701 ) ) ;
#1827 = EDGE_CURVE ( 'NONE', #9256, #4821, #2214, .T. ) ;
#1828 = VERTEX_POINT ( 'NONE', #2846 ) ;
#1829 = PLANE ( 'NONE',  #8624 ) ;
#1830 = PLANE ( 'NONE',  #3528 ) ;
#1831 = LINE ( 'NONE', #3405, #5402 ) ;
#1832 = ORIENTED_EDGE ( 'NONE', *, *, #1441, .F. ) ;
#1833 = FILL_AREA_STYLE_COLOUR ( '', #9376 ) ;
#1834 = MECHANICAL_DESIGN_GEOMETRIC_PRESENTATION_REPRESENTATION (  '', ( #638 ), #1538 ) ;
#1835 = LINE ( 'NONE', #5560, #2970 ) ;
#1836 = FILL_AREA_STYLE ('',( #9223 ) ) ;
#1837 = CARTESIAN_POINT ( 'NONE',  ( 2.819999999999998508, 10.06999999999999851, -4.129999999999965254 ) ) ;
#1838 = SURFACE_SIDE_STYLE ('',( #5562 ) ) ;
#1839 = CARTESIAN_POINT ( 'NONE',  ( 2.516666666666661722, -1.000000000000000000, -3.860000000000031406 ) ) ;
#1840 = FACE_OUTER_BOUND ( 'NONE', #866, .T. ) ;
#1841 = DIRECTION ( 'NONE',  ( 0.000000000000000000, 0.000000000000000000, -1.000000000000000000 ) ) ;
#1842 = ADVANCED_FACE ( 'NONE', ( #101 ), #1326, .F. ) ;
#1843 = STYLED_ITEM ( 'NONE', ( #6198 ), #3801 ) ;
#1844 = DIRECTION ( 'NONE',  ( 0.7071067811865482389, 0.000000000000000000, 0.7071067811865469066 ) ) ;
#1845 = PLANE ( 'NONE',  #388 ) ;
#1846 = AXIS2_PLACEMENT_3D ( 'NONE', #6778, #8947, #4690 ) ;
#1847 = CARTESIAN_POINT ( 'NONE',  ( -4.823223304703365244, 0.000000000000000000, -3.986776695296669448 ) ) ;
#1848 = CARTESIAN_POINT ( 'NONE',  ( -4.983333333333335169, -1.000000000000000000, -3.760000000000031761 ) ) ;
#1849 =( GEOMETRIC_REPRESENTATION_CONTEXT ( 3 ) GLOBAL_UNCERTAINTY_ASSIGNED_CONTEXT ( ( #2885 ) ) GLOBAL_UNIT_ASSIGNED_CONTEXT ( ( #6709, #2225, #2616 ) ) REPRESENTATION_CONTEXT ( 'NONE', 'WORKASPACE' ) );
#1850 = DIRECTION ( 'NONE',  ( 1.365923996832131609E-16, 0.000000000000000000, 1.000000000000000000 ) ) ;
#1851 = ORIENTED_EDGE ( 'NONE', *, *, #5789, .F. ) ;
#1852 = LINE ( 'NONE', #3185, #4856 ) ;
#1853 =( LENGTH_UNIT ( ) NAMED_UNIT ( * ) SI_UNIT ( .MILLI., .METRE. ) );
#1854 =( GEOMETRIC_REPRESENTATION_CONTEXT ( 3 ) GLOBAL_UNCERTAINTY_ASSIGNED_CONTEXT ( ( #2353 ) ) GLOBAL_UNIT_ASSIGNED_CONTEXT ( ( #7144, #5686, #1298 ) ) REPRESENTATION_CONTEXT ( 'NONE', 'WORKASPACE' ) );
#1855 = AXIS2_PLACEMENT_3D ( 'NONE', #3988, #3285, #1866 ) ;
#1856 = LINE ( 'NONE', #1065, #965 ) ;
#1857 = SURFACE_SIDE_STYLE ('',( #8465 ) ) ;
#1858 = ORIENTED_EDGE ( 'NONE', *, *, #586, .F. ) ;
#1859 = MECHANICAL_DESIGN_GEOMETRIC_PRESENTATION_REPRESENTATION (  '', ( #2311 ), #45 ) ;
#1860 = FILL_AREA_STYLE ('',( #4894 ) ) ;
#1861 = CARTESIAN_POINT ( 'NONE',  ( -0.01666666666667090263, -1.000000000000000000, -3.860000000000031406 ) ) ;
#1862 = CARTESIAN_POINT ( 'NONE',  ( 6.124999999999999112, 4.069999999999999396, -4.684999999999999609 ) ) ;
#1863 = MECHANICAL_DESIGN_GEOMETRIC_PRESENTATION_REPRESENTATION (  '', ( #369 ), #2317 ) ;
#1864 = STYLED_ITEM ( 'NONE', ( #1182 ), #2773 ) ;
#1865 = STYLED_ITEM ( 'NONE', ( #861 ), #4481 ) ;
#1866 = DIRECTION ( 'NONE',  ( 0.000000000000000000, -0.000000000000000000, -1.000000000000000000 ) ) ;
#1867 = CARTESIAN_POINT ( 'NONE',  ( 4.823223304703361691, 0.000000000000000000, 3.633223304703332435 ) ) ;
#1868 = ORIENTED_EDGE ( 'NONE', *, *, #559, .T. ) ;
#1869 = FACE_OUTER_BOUND ( 'NONE', #6478, .T. ) ;
#1870 = VECTOR ( 'NONE', #3654, 1000.000000000000000 ) ;
#1871 = ORIENTED_EDGE ( 'NONE', *, *, #763, .T. ) ;
#1872 = DIRECTION ( 'NONE',  ( -0.000000000000000000, -1.000000000000000000, -0.000000000000000000 ) ) ;
#1873 = EDGE_CURVE ( 'NONE', #778, #9055, #4260, .T. ) ;
#1874 = UNCERTAINTY_MEASURE_WITH_UNIT (LENGTH_MEASURE( 1.000000000000000082E-05 ), #1931, 'distance_accuracy_value', 'NONE');
#1875 = CARTESIAN_POINT ( 'NONE',  ( 4.999999999999997335, 0.000000000000000000, -3.810000000000031140 ) ) ;
#1876 = ORIENTED_EDGE ( 'NONE', *, *, #9153, .T. ) ;
#1877 = VECTOR ( 'NONE', #4753, 1000.000000000000000 ) ;
#1878 = AXIS2_PLACEMENT_3D ( 'NONE', #7666, #3197, #3335 ) ;
#1879 = CARTESIAN_POINT ( 'NONE',  ( -2.450000000000001954, -1.000000000000000000, -3.760000000000031761 ) ) ;
#1880 =( GEOMETRIC_REPRESENTATION_CONTEXT ( 3 ) GLOBAL_UNCERTAINTY_ASSIGNED_CONTEXT ( ( #281 ) ) GLOBAL_UNIT_ASSIGNED_CONTEXT ( ( #6097, #1763, #4706 ) ) REPRESENTATION_CONTEXT ( 'NONE', 'WORKASPACE' ) );
#1881 = FACE_OUTER_BOUND ( 'NONE', #1461, .T. ) ;
#1882 = FILL_AREA_STYLE ('',( #2726 ) ) ;
#1883 = LINE ( 'NONE', #1133, #215 ) ;
#1884 = CARTESIAN_POINT ( 'NONE',  ( -2.323223304703364800, 0.000000000000000000, 3.633223304703330658 ) ) ;
#1885 = EDGE_LOOP ( 'NONE', ( #2670, #745, #225, #4529, #2488, #5460, #4583, #8046 ) ) ;
#1886 = PRESENTATION_STYLE_ASSIGNMENT (( #4731 ) ) ;
#1887 = EDGE_CURVE ( 'NONE', #4544, #4442, #9367, .T. ) ;
#1888 = LINE ( 'NONE', #7778, #3542 ) ;
#1889 = EDGE_CURVE ( 'NONE', #6282, #8245, #8721, .T. ) ;
#1890 = CARTESIAN_POINT ( 'NONE',  ( -1.125000000000000666, 4.069999999999999396, -2.935000000000000053 ) ) ;
#1891 = UNCERTAINTY_MEASURE_WITH_UNIT (LENGTH_MEASURE( 1.000000000000000082E-05 ), #8689, 'distance_accuracy_value', 'NONE');
#1892 = CARTESIAN_POINT ( 'NONE',  ( -3.875000000000000888, 4.069999999999999396, 4.684999999999968523 ) ) ;
#1893 =( NAMED_UNIT ( * ) PLANE_ANGLE_UNIT ( ) SI_UNIT ( $, .RADIAN. ) );
#1894 = DIRECTION ( 'NONE',  ( -0.000000000000000000, -1.000000000000000000, -0.000000000000000000 ) ) ;
#1895 =( NAMED_UNIT ( * ) SI_UNIT ( $, .STERADIAN. ) SOLID_ANGLE_UNIT ( ) );
#1896 = CARTESIAN_POINT ( 'NONE',  ( 0.8749999999999990008, 4.069999999999999396, -4.935000000000000497 ) ) ;
#1897 = MECHANICAL_DESIGN_GEOMETRIC_PRESENTATION_REPRESENTATION (  '', ( #5454 ), #1753 ) ;
#1898 = CARTESIAN_POINT ( 'NONE',  ( 4.966666666666662344, -1.000000000000000000, -3.860000000000031406 ) ) ;
#1899 = SURFACE_STYLE_USAGE ( .BOTH. , #2740 ) ;
#1900 = DIRECTION ( 'NONE',  ( -0.7071067811865479058, 0.000000000000000000, 0.7071067811865472397 ) ) ;
#1901 = PLANE ( 'NONE',  #3820 ) ;
#1902 = COLOUR_RGB ( '',0.2980392156862745057, 0.2980392156862745057, 0.2980392156862745057 ) ;
#1903 = FACE_OUTER_BOUND ( 'NONE', #3488, .T. ) ;
#1904 =( NAMED_UNIT ( * ) SI_UNIT ( $, .STERADIAN. ) SOLID_ANGLE_UNIT ( ) );
#1905 = FILL_AREA_STYLE ('',( #7033 ) ) ;
#1906 =( LENGTH_UNIT ( ) NAMED_UNIT ( * ) SI_UNIT ( .MILLI., .METRE. ) );
#1907 = STYLED_ITEM ( 'NONE', ( #1981 ), #8109 ) ;
#1908 = VECTOR ( 'NONE', #9022, 999.9999999999998863 ) ;
#1909 = ORIENTED_EDGE ( 'NONE', *, *, #5248, .T. ) ;
#1910 = EDGE_CURVE ( 'NONE', #6892, #7044, #7536, .T. ) ;
#1911 = CARTESIAN_POINT ( 'NONE',  ( 0.1351100286299672382, 0.000000000000000000, -4.028443361963335967 ) ) ;
#1912 = STYLED_ITEM ( 'NONE', ( #2336 ), #8543 ) ;
#1913 = SURFACE_SIDE_STYLE ('',( #7757 ) ) ;
#1914 = VECTOR ( 'NONE', #8636, 1000.000000000000000 ) ;
#1915 = PRESENTATION_STYLE_ASSIGNMENT (( #9014 ) ) ;
#1916 = CARTESIAN_POINT ( 'NONE',  ( 10.00000000000000000, -1.000000000000000000, 0.000000000000000000 ) ) ;
#1917 = DIRECTION ( 'NONE',  ( -0.000000000000000000, -0.000000000000000000, -1.000000000000000000 ) ) ;
#1918 = ORIENTED_EDGE ( 'NONE', *, *, #3769, .T. ) ;
#1919 = AXIS2_PLACEMENT_3D ( 'NONE', #5181, #2072, #875 ) ;
#1920 = APPLICATION_CONTEXT ( 'automotive_design' ) ;
#1921 = CARTESIAN_POINT ( 'NONE',  ( -4.950000000000001066, -1.000000000000000000, 3.759999999999968701 ) ) ;
#1922 = ORIENTED_EDGE ( 'NONE', *, *, #2521, .F. ) ;
#1923 = SURFACE_STYLE_USAGE ( .BOTH. , #2720 ) ;
#1924 = DIRECTION ( 'NONE',  ( 0.000000000000000000, -1.000000000000000000, 0.000000000000000000 ) ) ;
#1925 = STYLED_ITEM ( 'NONE', ( #2504 ), #8893 ) ;
#1926 = PRESENTATION_STYLE_ASSIGNMENT (( #5464 ) ) ;
#1927 = ORIENTED_EDGE ( 'NONE', *, *, #4067, .T. ) ;
#1928 = PLANE ( 'NONE',  #3436 ) ;
#1929 = DIRECTION ( 'NONE',  ( -0.7071067811865472397, -0.000000000000000000, 0.7071067811865479058 ) ) ;
#1930 = FACE_OUTER_BOUND ( 'NONE', #4470, .T. ) ;
#1931 =( LENGTH_UNIT ( ) NAMED_UNIT ( * ) SI_UNIT ( .MILLI., .METRE. ) );
#1932 = ORIENTED_EDGE ( 'NONE', *, *, #1077, .F. ) ;
#1933 = DIRECTION ( 'NONE',  ( 0.000000000000000000, 0.000000000000000000, -1.000000000000000000 ) ) ;
#1934 = EDGE_CURVE ( 'NONE', #2673, #7571, #4694, .T. ) ;
#1935 = FACE_OUTER_BOUND ( 'NONE', #1885, .T. ) ;
#1936 = CARTESIAN_POINT ( 'NONE',  ( 7.500000000000001776, 4.069999999999999396, 7.620000000000000107 ) ) ;
#1937 = ADVANCED_FACE ( 'NONE', ( #8950 ), #7455, .F. ) ;
#1938 = CARTESIAN_POINT ( 'NONE',  ( 0.04999999999999796274, -1.000000000000000000, -3.776666666666699257 ) ) ;
#1939 = DIRECTION ( 'NONE',  ( -0.000000000000000000, -1.000000000000000000, -0.000000000000000000 ) ) ;
#1940 = CARTESIAN_POINT ( 'NONE',  ( 4.823223304703361691, 0.000000000000000000, 3.633223304703332435 ) ) ;
#1941 = DIRECTION ( 'NONE',  ( 0.1247869418429880528, -0.9843050534722200817, 0.1247869418429867622 ) ) ;
#1942 = EDGE_CURVE ( 'NONE', #2004, #1555, #4594, .T. ) ;
#1943 = PLANE ( 'NONE',  #8507 ) ;
#1944 = EDGE_CURVE ( 'NONE', #4272, #6118, #7636, .T. ) ;
#1945 = SURFACE_SIDE_STYLE ('',( #1093 ) ) ;
#1946 =( NAMED_UNIT ( * ) PLANE_ANGLE_UNIT ( ) SI_UNIT ( $, .RADIAN. ) );
#1947 = CARTESIAN_POINT ( 'NONE',  ( -2.676776695296640529, 0.000000000000000000, -3.633223304703395939 ) ) ;
#1948 = ADVANCED_FACE ( 'NONE', ( #3965 ), #195, .F. ) ;
#1949 = SURFACE_STYLE_FILL_AREA ( #1230 ) ;
#1950 = SURFACE_SIDE_STYLE ('',( #4077 ) ) ;
#1951 = FACE_OUTER_BOUND ( 'NONE', #6741, .T. ) ;
#1952 = EDGE_CURVE ( 'NONE', #8330, #5758, #3865, .T. ) ;
#1953 =( LENGTH_UNIT ( ) NAMED_UNIT ( * ) SI_UNIT ( .MILLI., .METRE. ) );
#1954 = FACE_BOUND ( 'NONE', #4278, .T. ) ;
#1955 = FILL_AREA_STYLE ('',( #4852 ) ) ;
#1956 = VERTEX_POINT ( 'NONE', #1698 ) ;
#1957 = ADVANCED_FACE ( 'NONE', ( #432 ), #4777, .F. ) ;
#1958 = PLANE ( 'NONE',  #2008 ) ;
#1959 = ORIENTED_EDGE ( 'NONE', *, *, #444, .T. ) ;
#1960 = EDGE_CURVE ( 'NONE', #7342, #1382, #4004, .T. ) ;
#1961 =( NAMED_UNIT ( * ) SI_UNIT ( $, .STERADIAN. ) SOLID_ANGLE_UNIT ( ) );
#1962 = CARTESIAN_POINT ( 'NONE',  ( 1.374999999999999556, 4.069999999999999396, 2.935000000000003606 ) ) ;
#1963 = ORIENTED_EDGE ( 'NONE', *, *, #1378, .T. ) ;
#1964 = EDGE_CURVE ( 'NONE', #2437, #6624, #1219, .T. ) ;
#1965 = FILL_AREA_STYLE ('',( #5503 ) ) ;
#1966 = ORIENTED_EDGE ( 'NONE', *, *, #9339, .F. ) ;
#1967 = SURFACE_STYLE_USAGE ( .BOTH. , #421 ) ;
#1968 =( GEOMETRIC_REPRESENTATION_CONTEXT ( 3 ) GLOBAL_UNCERTAINTY_ASSIGNED_CONTEXT ( ( #8952 ) ) GLOBAL_UNIT_ASSIGNED_CONTEXT ( ( #6037, #6792, #6098 ) ) REPRESENTATION_CONTEXT ( 'NONE', 'WORKASPACE' ) );
#1969 = UNCERTAINTY_MEASURE_WITH_UNIT (LENGTH_MEASURE( 1.000000000000000082E-05 ), #8839, 'distance_accuracy_value', 'NONE');
#1970 = CARTESIAN_POINT ( 'NONE',  ( -2.450000000000001954, -1.000000000000000000, -3.860000000000031406 ) ) ;
#1971 = LINE ( 'NONE', #4908, #9190 ) ;
#1972 = ORIENTED_EDGE ( 'NONE', *, *, #3289, .T. ) ;
#1973 = CARTESIAN_POINT ( 'NONE',  ( -0.8750000000000005551, 4.069999999999999396, 2.685000000000003606 ) ) ;
#1974 = PRESENTATION_STYLE_ASSIGNMENT (( #3347 ) ) ;
#1975 = ORIENTED_EDGE ( 'NONE', *, *, #3211, .T. ) ;
#1976 = PRESENTATION_STYLE_ASSIGNMENT (( #8568 ) ) ;
#1977 = MECHANICAL_DESIGN_GEOMETRIC_PRESENTATION_REPRESENTATION (  '', ( #1075 ), #3502 ) ;
#1978 = CARTESIAN_POINT ( 'NONE',  ( -4.680000000000000604, 4.069999999999999396, -4.129999999999965254 ) ) ;
#1979 = ORIENTED_EDGE ( 'NONE', *, *, #626, .T. ) ;
#1980 =( LENGTH_UNIT ( ) NAMED_UNIT ( * ) SI_UNIT ( .MILLI., .METRE. ) );
#1981 = PRESENTATION_STYLE_ASSIGNMENT (( #3415 ) ) ;
#1982 = CARTESIAN_POINT ( 'NONE',  ( 2.569035593728847378, 0.000000000000000000, -4.060000000000032472 ) ) ;
#1983 = CARTESIAN_POINT ( 'NONE',  ( 1.624999999999999556, 1.570000000000000062, -2.685000000000000497 ) ) ;
#1984 = DIRECTION ( 'NONE',  ( 0.1247869418429880528, -0.9843050534722200817, 0.1247869418429867622 ) ) ;
#1985 = STYLED_ITEM ( 'NONE', ( #6897 ), #1089 ) ;
#1986 = SURFACE_SIDE_STYLE ('',( #7073 ) ) ;
#1987 = DIRECTION ( 'NONE',  ( 0.000000000000000000, -0.000000000000000000, 1.000000000000000000 ) ) ;
#1988 =( NAMED_UNIT ( * ) PLANE_ANGLE_UNIT ( ) SI_UNIT ( $, .RADIAN. ) );
#1989 = COLOUR_RGB ( '',0.3176470588235293935, 0.2470588235294117752, 0.2078431372549019440 ) ;
#1990 = CARTESIAN_POINT ( 'NONE',  ( -5.320000000000001172, 4.069999999999999396, -3.489999999999965574 ) ) ;
#1991 = CARTESIAN_POINT ( 'NONE',  ( 5.176776695296634756, 0.000000000000000000, -3.633223304703394163 ) ) ;
#1992 = VERTEX_POINT ( 'NONE', #7680 ) ;
#1993 = STYLED_ITEM ( 'NONE', ( #952 ), #571 ) ;
#1994 = ADVANCED_FACE ( 'NONE', ( #6441 ), #6349, .F. ) ;
#1995 = PRESENTATION_LAYER_ASSIGNMENT (  '', '', ( #8323 ) ) ;
#1996 =( LENGTH_UNIT ( ) NAMED_UNIT ( * ) SI_UNIT ( .MILLI., .METRE. ) );
#1997 = DIRECTION ( 'NONE',  ( 0.000000000000000000, -1.000000000000000000, 0.000000000000000000 ) ) ;
#1998 = VERTEX_POINT ( 'NONE', #4058 ) ;
#1999 = AXIS2_PLACEMENT_3D ( 'NONE', #4574, #3105, #6047 ) ;
#2000 = FILL_AREA_STYLE_COLOUR ( '', #2908 ) ;
#2001 = COLOUR_RGB ( '',0.3176470588235293935, 0.2470588235294117752, 0.2078431372549019440 ) ;
#2002 = DIRECTION ( 'NONE',  ( 0.7071067811865474617, 0.000000000000000000, -0.7071067811865474617 ) ) ;
#2003 = ORIENTED_EDGE ( 'NONE', *, *, #4959, .T. ) ;
#2004 = VERTEX_POINT ( 'NONE', #3302 ) ;
#2005 = PRESENTATION_LAYER_ASSIGNMENT (  '', '', ( #7867 ) ) ;
#2006 =( GEOMETRIC_REPRESENTATION_CONTEXT ( 3 ) GLOBAL_UNCERTAINTY_ASSIGNED_CONTEXT ( ( #4437 ) ) GLOBAL_UNIT_ASSIGNED_CONTEXT ( ( #7398, #7250, #7927 ) ) REPRESENTATION_CONTEXT ( 'NONE', 'WORKASPACE' ) );
#2007 = COLOUR_RGB ( '',0.2980392156862745057, 0.2980392156862745057, 0.2980392156862745057 ) ;
#2008 = AXIS2_PLACEMENT_3D ( 'NONE', #5636, #9146, #4125 ) ;
#2009 =( GEOMETRIC_REPRESENTATION_CONTEXT ( 3 ) GLOBAL_UNCERTAINTY_ASSIGNED_CONTEXT ( ( #2113 ) ) GLOBAL_UNIT_ASSIGNED_CONTEXT ( ( #7383, #177, #8152 ) ) REPRESENTATION_CONTEXT ( 'NONE', 'WORKASPACE' ) );
#2010 = EDGE_CURVE ( 'NONE', #2402, #7152, #6401, .T. ) ;
#2011 = LINE ( 'NONE', #4966, #8468 ) ;
#2012 = EDGE_LOOP ( 'NONE', ( #2193, #2822, #7621, #3030 ) ) ;
#2013 = SURFACE_STYLE_USAGE ( .BOTH. , #1129 ) ;
#2014 = DIRECTION ( 'NONE',  ( 0.000000000000000000, 0.000000000000000000, -1.000000000000000000 ) ) ;
#2015 =( NAMED_UNIT ( * ) SI_UNIT ( $, .STERADIAN. ) SOLID_ANGLE_UNIT ( ) );
#2016 = UNCERTAINTY_MEASURE_WITH_UNIT (LENGTH_MEASURE( 1.000000000000000082E-05 ), #4741, 'distance_accuracy_value', 'NONE');
#2017 = COLOUR_RGB ( '',0.3176470588235293935, 0.2470588235294117752, 0.2078431372549019440 ) ;
#2018 = CARTESIAN_POINT ( 'NONE',  ( 5.176776695296633868, 0.000000000000000000, -3.986776695296669448 ) ) ;
#2019 = ORIENTED_EDGE ( 'NONE', *, *, #7804, .T. ) ;
#2020 = AXIS2_PLACEMENT_3D ( 'NONE', #9352, #4874, #9307 ) ;
#2021 = VECTOR ( 'NONE', #8848, 1000.000000000000000 ) ;
#2022 = LINE ( 'NONE', #2876, #8790 ) ;
#2023 = ORIENTED_EDGE ( 'NONE', *, *, #1148, .T. ) ;
#2024 = CARTESIAN_POINT ( 'NONE',  ( 5.049999999999998934, -1.000000000000000000, 3.859999999999968345 ) ) ;
#2025 =( NAMED_UNIT ( * ) SI_UNIT ( $, .STERADIAN. ) SOLID_ANGLE_UNIT ( ) );
#2026 = STYLED_ITEM ( 'NONE', ( #6360 ), #1642 ) ;
#2027 = STYLED_ITEM ( 'NONE', ( #9384 ), #5763 ) ;
#2028 = LINE ( 'NONE', #2839, #7083 ) ;
#2029 = ORIENTED_EDGE ( 'NONE', *, *, #7752, .F. ) ;
#2030 =( NAMED_UNIT ( * ) PLANE_ANGLE_UNIT ( ) SI_UNIT ( $, .RADIAN. ) );
#2031 = CARTESIAN_POINT ( 'NONE',  ( -2.364889971370030874, 0.000000000000000000, 4.028443361963272906 ) ) ;
#2032 = FILL_AREA_STYLE ('',( #6488 ) ) ;
#2033 = FILL_AREA_STYLE ('',( #1188 ) ) ;
#2034 = ORIENTED_EDGE ( 'NONE', *, *, #3942, .T. ) ;
#2035 = CARTESIAN_POINT ( 'NONE',  ( -2.466666666666668561, -1.000000000000000000, -3.760000000000031761 ) ) ;
#2036 = COLOUR_RGB ( '',0.3176470588235293935, 0.2470588235294117752, 0.2078431372549019440 ) ;
#2037 = CARTESIAN_POINT ( 'NONE',  ( -2.819999999999998952, 4.069999999999999396, 4.130000000000034532 ) ) ;
#2038 = PRESENTATION_STYLE_ASSIGNMENT (( #8773 ) ) ;
#2039 = STYLED_ITEM ( 'NONE', ( #7550 ), #6618 ) ;
#2040 = FILL_AREA_STYLE ('',( #2119 ) ) ;
#2041 = CARTESIAN_POINT ( 'NONE',  ( -5.050000000000001599, -1.000000000000000000, 3.859999999999968345 ) ) ;
#2042 = SURFACE_STYLE_USAGE ( .BOTH. , #7795 ) ;
#2043 = ORIENTED_EDGE ( 'NONE', *, *, #4379, .F. ) ;
#2044 = COLOUR_RGB ( '',0.3176470588235293935, 0.2470588235294117752, 0.2078431372549019440 ) ;
#2045 = EDGE_CURVE ( 'NONE', #1073, #2771, #9164, .T. ) ;
#2046 =( NAMED_UNIT ( * ) SI_UNIT ( $, .STERADIAN. ) SOLID_ANGLE_UNIT ( ) );
#2047 = EDGE_LOOP ( 'NONE', ( #5317, #6265, #1832, #7921 ) ) ;
#2048 = CARTESIAN_POINT ( 'NONE',  ( -5.135110028629973122, 0.000000000000000000, -4.028443361963334191 ) ) ;
#2049 = EDGE_CURVE ( 'NONE', #3025, #1386, #4875, .T. ) ;
#2050 = CARTESIAN_POINT ( 'NONE',  ( 5.135110028629967793, 0.000000000000000000, 3.591556638036664584 ) ) ;
#2051 = VERTEX_POINT ( 'NONE', #2064 ) ;
#2052 = ORIENTED_EDGE ( 'NONE', *, *, #330, .F. ) ;
#2053 = PRESENTATION_LAYER_ASSIGNMENT (  '', '', ( #4061 ) ) ;
#2054 = SURFACE_SIDE_STYLE ('',( #2766 ) ) ;
#2055 = VECTOR ( 'NONE', #5874, 1000.000000000000114 ) ;
#2056 = CARTESIAN_POINT ( 'NONE',  ( -2.450000000000001954, -1.000000000000000000, -3.760000000000031761 ) ) ;
#2057 = SURFACE_SIDE_STYLE ('',( #2678 ) ) ;
#2058 = VERTEX_POINT ( 'NONE', #4977 ) ;
#2059 = DIRECTION ( 'NONE',  ( 0.000000000000000000, -1.000000000000000000, 0.000000000000000000 ) ) ;
#2060 =( NAMED_UNIT ( * ) PLANE_ANGLE_UNIT ( ) SI_UNIT ( $, .RADIAN. ) );
#2061 = COLOUR_RGB ( '',0.2980392156862745057, 0.2980392156862745057, 0.2980392156862745057 ) ;
#2062 = CARTESIAN_POINT ( 'NONE',  ( -7.620000000000001883, 1.570000000000000062, -6.349999999999997868 ) ) ;
#2063 = ORIENTED_EDGE ( 'NONE', *, *, #4248, .T. ) ;
#2064 = CARTESIAN_POINT ( 'NONE',  ( 3.874999999999999112, 4.069999999999999396, 4.685000000000003162 ) ) ;
#2065 = EDGE_CURVE ( 'NONE', #1047, #6613, #2022, .T. ) ;
#2066 = ORIENTED_EDGE ( 'NONE', *, *, #8883, .F. ) ;
#2067 = DIRECTION ( 'NONE',  ( -0.000000000000000000, -0.000000000000000000, -1.000000000000000000 ) ) ;
#2068 =( GEOMETRIC_REPRESENTATION_CONTEXT ( 3 ) GLOBAL_UNCERTAINTY_ASSIGNED_CONTEXT ( ( #7488 ) ) GLOBAL_UNIT_ASSIGNED_CONTEXT ( ( #1953, #2661, #5725 ) ) REPRESENTATION_CONTEXT ( 'NONE', 'WORKASPACE' ) );
#2069 = VERTEX_POINT ( 'NONE', #3559 ) ;
#2070 = FILL_AREA_STYLE ('',( #5861 ) ) ;
#2071 = FILL_AREA_STYLE_COLOUR ( '', #7568 ) ;
#2072 = DIRECTION ( 'NONE',  ( -1.000000000000000000, 0.000000000000000000, 0.000000000000000000 ) ) ;
#2073 =( NAMED_UNIT ( * ) SI_UNIT ( $, .STERADIAN. ) SOLID_ANGLE_UNIT ( ) );
#2074 = UNCERTAINTY_MEASURE_WITH_UNIT (LENGTH_MEASURE( 1.000000000000000082E-05 ), #8256, 'distance_accuracy_value', 'NONE');
#2075 = VERTEX_POINT ( 'NONE', #5917 ) ;
#2076 = MECHANICAL_DESIGN_GEOMETRIC_PRESENTATION_REPRESENTATION (  '', ( #2376 ), #7326 ) ;
#2077 = ADVANCED_FACE ( 'NONE', ( #3610 ), #3503, .F. ) ;
#2078 = CARTESIAN_POINT ( 'NONE',  ( 1.124999999999999112, 1.570000000000000062, 4.685000000000003162 ) ) ;
#2079 = B_SPLINE_SURFACE_WITH_KNOTS ( 'NONE', 3, 1, ( 
 ( #5757, #4858 ),
 ( #1160, #4755 ),
 ( #7040, #6325 ),
 ( #7700, #3437 ),
 ( #4226, #3483 ),
 ( #8594, #3329 ) ),
 .UNSPECIFIED., .F., .F., .F.,
 ( 4, 2, 4 ),
 ( 2, 2 ),
 ( 0.000000000000000000, 0.5000000000000000000, 1.000000000000000000 ),
 ( 0.000000000000000000, 1.000000000000000000 ),
 .UNSPECIFIED. ) ;
#2080 = CARTESIAN_POINT ( 'NONE',  ( -4.125000000000000888, 1.570000000000000062, -4.934999999999965858 ) ) ;
#2081 = LINE ( 'NONE', #5134, #2204 ) ;
#2082 = CARTESIAN_POINT ( 'NONE',  ( 2.449999999999998401, -1.000000000000000000, 3.759999999999968701 ) ) ;
#2083 = CARTESIAN_POINT ( 'NONE',  ( -5.319999999999999396, 10.06999999999999851, 4.130000000000034532 ) ) ;
#2084 = VERTEX_POINT ( 'NONE', #2152 ) ;
#2085 = ADVANCED_FACE ( 'NONE', ( #4439 ), #7341, .F. ) ;
#2086 = CARTESIAN_POINT ( 'NONE',  ( -2.179999999999999272, 10.06999999999999851, 3.490000000000034852 ) ) ;
#2087 = ORIENTED_EDGE ( 'NONE', *, *, #1302, .F. ) ;
#2088 =( LENGTH_UNIT ( ) NAMED_UNIT ( * ) SI_UNIT ( .MILLI., .METRE. ) );
#2089 = CARTESIAN_POINT ( 'NONE',  ( 4.983333333333329840, -1.000000000000000000, 3.759999999999968701 ) ) ;
#2090 = VERTEX_POINT ( 'NONE', #7198 ) ;
#2091 = DIRECTION ( 'NONE',  ( 1.000000000000000000, 0.000000000000000000, -0.000000000000000000 ) ) ;
#2092 = ORIENTED_EDGE ( 'NONE', *, *, #2512, .F. ) ;
#2093 = CARTESIAN_POINT ( 'NONE',  ( 1.374999999999999334, 1.570000000000000062, 4.685000000000003162 ) ) ;
#2094 = VERTEX_POINT ( 'NONE', #4345 ) ;
#2095 = LINE ( 'NONE', #8063, #6824 ) ;
#2096 = DIRECTION ( 'NONE',  ( 0.000000000000000000, 0.000000000000000000, -1.000000000000000000 ) ) ;
#2097 = SURFACE_SIDE_STYLE ('',( #7998 ) ) ;
#2098 = ORIENTED_EDGE ( 'NONE', *, *, #8449, .F. ) ;
#2099 = PLANE ( 'NONE',  #1429 ) ;
#2100 = UNCERTAINTY_MEASURE_WITH_UNIT (LENGTH_MEASURE( 1.000000000000000082E-05 ), #9315, 'distance_accuracy_value', 'NONE');
#2101 =( NAMED_UNIT ( * ) SI_UNIT ( $, .STERADIAN. ) SOLID_ANGLE_UNIT ( ) );
#2102 = ORIENTED_EDGE ( 'NONE', *, *, #5256, .F. ) ;
#2103 =( GEOMETRIC_REPRESENTATION_CONTEXT ( 3 ) GLOBAL_UNCERTAINTY_ASSIGNED_CONTEXT ( ( #331 ) ) GLOBAL_UNIT_ASSIGNED_CONTEXT ( ( #3792, #9004, #1716 ) ) REPRESENTATION_CONTEXT ( 'NONE', 'WORKASPACE' ) );
#2104 = EDGE_CURVE ( 'NONE', #1956, #6192, #2781, .T. ) ;
#2105 = CARTESIAN_POINT ( 'NONE',  ( -3.875000000000000888, 1.570000000000000062, 4.684999999999968523 ) ) ;
#2106 = ORIENTED_EDGE ( 'NONE', *, *, #2049, .T. ) ;
#2107 = CARTESIAN_POINT ( 'NONE',  ( -1.125000000000000666, 4.069999999999999396, -2.935000000000000053 ) ) ;
#2108 = SURFACE_SIDE_STYLE ('',( #5071 ) ) ;
#2109 = CARTESIAN_POINT ( 'NONE',  ( -4.125000000000000888, 4.069999999999999396, 2.684999999999968523 ) ) ;
#2110 =( GEOMETRIC_REPRESENTATION_CONTEXT ( 3 ) GLOBAL_UNCERTAINTY_ASSIGNED_CONTEXT ( ( #4427 ) ) GLOBAL_UNIT_ASSIGNED_CONTEXT ( ( #2808, #6462, #8137 ) ) REPRESENTATION_CONTEXT ( 'NONE', 'WORKASPACE' ) );
#2111 = SURFACE_STYLE_FILL_AREA ( #3776 ) ;
#2112 = ORIENTED_EDGE ( 'NONE', *, *, #4651, .T. ) ;
#2113 = UNCERTAINTY_MEASURE_WITH_UNIT (LENGTH_MEASURE( 1.000000000000000082E-05 ), #7383, 'distance_accuracy_value', 'NONE');
#2114 =( LENGTH_UNIT ( ) NAMED_UNIT ( * ) SI_UNIT ( .MILLI., .METRE. ) );
#2115 = DIRECTION ( 'NONE',  ( 0.000000000000000000, 0.000000000000000000, 1.000000000000000000 ) ) ;
#2116 =( GEOMETRIC_REPRESENTATION_CONTEXT ( 3 ) GLOBAL_UNCERTAINTY_ASSIGNED_CONTEXT ( ( #5956 ) ) GLOBAL_UNIT_ASSIGNED_CONTEXT ( ( #1704, #1506, #8996 ) ) REPRESENTATION_CONTEXT ( 'NONE', 'WORKASPACE' ) );
#2117 = PLANE ( 'NONE',  #7759 ) ;
#2118 = CARTESIAN_POINT ( 'NONE',  ( 2.483333333333331172, -1.000000000000000000, -3.760000000000031761 ) ) ;
#2119 = FILL_AREA_STYLE_COLOUR ( '', #7467 ) ;
#2120 = CARTESIAN_POINT ( 'NONE',  ( 5.016666666666663943, -1.000000000000000000, -3.760000000000031761 ) ) ;
#2121 = PLANE ( 'NONE',  #9049 ) ;
#2122 = FACE_BOUND ( 'NONE', #94, .T. ) ;
#2123 = DIRECTION ( 'NONE',  ( 1.000000000000000000, 0.000000000000000000, 0.000000000000000000 ) ) ;
#2124 = EDGE_CURVE ( 'NONE', #1135, #1493, #661, .T. ) ;
#2125 = AXIS2_PLACEMENT_3D ( 'NONE', #336, #2500, #4835 ) ;
#2126 = ORIENTED_EDGE ( 'NONE', *, *, #6382, .F. ) ;
#2127 = ORIENTED_EDGE ( 'NONE', *, *, #4670, .T. ) ;
#2128 = VECTOR ( 'NONE', #7979, 1000.000000000000000 ) ;
#2129 = FILL_AREA_STYLE ('',( #7269 ) ) ;
#2130 =( NAMED_UNIT ( * ) SI_UNIT ( $, .STERADIAN. ) SOLID_ANGLE_UNIT ( ) );
#2131 = MECHANICAL_DESIGN_GEOMETRIC_PRESENTATION_REPRESENTATION (  '', ( #478 ), #8166 ) ;
#2132 = CARTESIAN_POINT ( 'NONE',  ( -5.320000000000001172, 10.06999999999999851, -4.129999999999965254 ) ) ;
#2133 = ORIENTED_EDGE ( 'NONE', *, *, #637, .T. ) ;
#2134 = MECHANICAL_DESIGN_GEOMETRIC_PRESENTATION_REPRESENTATION (  '', ( #8901 ), #2744 ) ;
#2135 = SURFACE_SIDE_STYLE ('',( #5100 ) ) ;
#2136 = FILL_AREA_STYLE_COLOUR ( '', #4008 ) ;
#2137 = ORIENTED_EDGE ( 'NONE', *, *, #4886, .F. ) ;
#2138 = MECHANICAL_DESIGN_GEOMETRIC_PRESENTATION_REPRESENTATION (  '', ( #9342 ), #6944 ) ;
#2139 = ORIENTED_EDGE ( 'NONE', *, *, #3947, .F. ) ;
#2140 = DIRECTION ( 'NONE',  ( -1.239088197126291063E-16, -0.000000000000000000, 1.000000000000000000 ) ) ;
#2141 = VECTOR ( 'NONE', #6161, 1000.000000000000000 ) ;
#2142 = PRESENTATION_LAYER_ASSIGNMENT (  '', '', ( #7096 ) ) ;
#2143 =( GEOMETRIC_REPRESENTATION_CONTEXT ( 3 ) GLOBAL_UNCERTAINTY_ASSIGNED_CONTEXT ( ( #5825 ) ) GLOBAL_UNIT_ASSIGNED_CONTEXT ( ( #4266, #2803, #6370 ) ) REPRESENTATION_CONTEXT ( 'NONE', 'WORKASPACE' ) );
#2144 = CARTESIAN_POINT ( 'NONE',  ( 3.874999999999999112, 4.069999999999999396, -4.684999999999999609 ) ) ;
#2145 = STYLED_ITEM ( 'NONE', ( #6252 ), #3832 ) ;
#2146 = EDGE_LOOP ( 'NONE', ( #1174, #2536, #6751, #2268 ) ) ;
#2147 =( NAMED_UNIT ( * ) PLANE_ANGLE_UNIT ( ) SI_UNIT ( $, .RADIAN. ) );
#2148 = SURFACE_STYLE_USAGE ( .BOTH. , #8749 ) ;
#2149 = ORIENTED_EDGE ( 'NONE', *, *, #2338, .F. ) ;
#2150 =( GEOMETRIC_REPRESENTATION_CONTEXT ( 3 ) GLOBAL_UNCERTAINTY_ASSIGNED_CONTEXT ( ( #4049 ) ) GLOBAL_UNIT_ASSIGNED_CONTEXT ( ( #5592, #9246, #2187 ) ) REPRESENTATION_CONTEXT ( 'NONE', 'WORKASPACE' ) );
#2151 = LINE ( 'NONE', #5170, #523 ) ;
#2152 = CARTESIAN_POINT ( 'NONE',  ( 5.319999999999999396, 10.06999999999999851, -3.489999999999965574 ) ) ;
#2153 = VERTEX_POINT ( 'NONE', #6579 ) ;
#2154 =( GEOMETRIC_REPRESENTATION_CONTEXT ( 3 ) GLOBAL_UNCERTAINTY_ASSIGNED_CONTEXT ( ( #8305 ) ) GLOBAL_UNIT_ASSIGNED_CONTEXT ( ( #9211, #5603, #4872 ) ) REPRESENTATION_CONTEXT ( 'NONE', 'WORKASPACE' ) );
#2155 = EDGE_CURVE ( 'NONE', #1502, #748, #5814, .T. ) ;
#2156 = STYLED_ITEM ( 'NONE', ( #578 ), #4147 ) ;
#2157 = UNCERTAINTY_MEASURE_WITH_UNIT (LENGTH_MEASURE( 1.000000000000000082E-05 ), #1996, 'distance_accuracy_value', 'NONE');
#2158 = LINE ( 'NONE', #4293, #6390 ) ;
#2159 = CARTESIAN_POINT ( 'NONE',  ( -7.620000000000000107, 0.000000000000000000, 6.350000000000001421 ) ) ;
#2160 = ORIENTED_EDGE ( 'NONE', *, *, #8317, .T. ) ;
#2161 = MECHANICAL_DESIGN_GEOMETRIC_PRESENTATION_REPRESENTATION (  '', ( #1412 ), #6512 ) ;
#2162 =( LENGTH_UNIT ( ) NAMED_UNIT ( * ) SI_UNIT ( .MILLI., .METRE. ) );
#2163 = AXIS2_PLACEMENT_3D ( 'NONE', #2363, #5333, #1085 ) ;
#2164 = DIRECTION ( 'NONE',  ( 1.239088197126291063E-16, 0.000000000000000000, 1.000000000000000000 ) ) ;
#2165 = VECTOR ( 'NONE', #2823, 1000.000000000000000 ) ;
#2166 = ORIENTED_EDGE ( 'NONE', *, *, #2338, .T. ) ;
#2167 = EDGE_CURVE ( 'NONE', #4585, #2333, #239, .T. ) ;
#2168 = DIRECTION ( 'NONE',  ( 0.000000000000000000, 0.000000000000000000, 1.000000000000000000 ) ) ;
#2169 = PRESENTATION_LAYER_ASSIGNMENT (  '', '', ( #4185 ) ) ;
#2170 = PRESENTATION_STYLE_ASSIGNMENT (( #1331 ) ) ;
#2171 = CARTESIAN_POINT ( 'NONE',  ( 5.218443361963302607, 0.000000000000000000, 3.674889971369997621 ) ) ;
#2172 = LINE ( 'NONE', #3785, #5801 ) ;
#2173 = PLANE ( 'NONE',  #1100 ) ;
#2174 = MECHANICAL_DESIGN_GEOMETRIC_PRESENTATION_REPRESENTATION (  '', ( #6084 ), #5587 ) ;
#2175 = AXIS2_PLACEMENT_3D ( 'NONE', #5897, #5156, #2091 ) ;
#2176 = DIRECTION ( 'NONE',  ( 0.000000000000000000, -0.000000000000000000, 1.000000000000000000 ) ) ;
#2177 = CARTESIAN_POINT ( 'NONE',  ( 6.124999999999999112, 4.069999999999999396, 4.685000000000003162 ) ) ;
#2178 = EDGE_LOOP ( 'NONE', ( #8690, #6737, #4989, #4978 ) ) ;
#2179 = ORIENTED_EDGE ( 'NONE', *, *, #2758, .T. ) ;
#2180 = ADVANCED_FACE ( 'NONE', ( #3905 ), #7573, .F. ) ;
#2181 = CARTESIAN_POINT ( 'NONE',  ( 0.8749999999999990008, 4.069999999999999396, 4.935000000000004050 ) ) ;
#2182 = PRESENTATION_STYLE_ASSIGNMENT (( #3633 ) ) ;
#2183 = VERTEX_POINT ( 'NONE', #6013 ) ;
#2184 = LINE ( 'NONE', #3835, #1035 ) ;
#2185 = CARTESIAN_POINT ( 'NONE',  ( 10.00000000000000178, 10.06999999999999851, 7.620000000000000107 ) ) ;
#2186 = PLANE ( 'NONE',  #5876 ) ;
#2187 =( NAMED_UNIT ( * ) SI_UNIT ( $, .STERADIAN. ) SOLID_ANGLE_UNIT ( ) );
#2188 = DIRECTION ( 'NONE',  ( -1.000000000000000000, -0.000000000000000000, -0.000000000000000000 ) ) ;
#2189 = ORIENTED_EDGE ( 'NONE', *, *, #2586, .F. ) ;
#2190 = EDGE_CURVE ( 'NONE', #7693, #8476, #8940, .T. ) ;
#2191 = CARTESIAN_POINT ( 'NONE',  ( -1.125000000000000666, 1.570000000000000062, -2.935000000000000053 ) ) ;
#2192 = ADVANCED_FACE ( 'NONE', ( #2987 ), #137, .F. ) ;
#2193 = ORIENTED_EDGE ( 'NONE', *, *, #2708, .F. ) ;
#2194 = FACE_OUTER_BOUND ( 'NONE', #5803, .T. ) ;
#2195 = CARTESIAN_POINT ( 'NONE',  ( -1.625000000000001110, 4.069999999999999396, -2.684999999999983178 ) ) ;
#2196 = FILL_AREA_STYLE ('',( #8975 ) ) ;
#2197 = CARTESIAN_POINT ( 'NONE',  ( 5.113388347648316845, -0.5000000000000000000, 3.696611652351649902 ) ) ;
#2198 = ORIENTED_EDGE ( 'NONE', *, *, #2124, .T. ) ;
#2199 = DIRECTION ( 'NONE',  ( -0.7071067811865474617, -0.000000000000000000, -0.7071067811865474617 ) ) ;
#2200 = LINE ( 'NONE', #8852, #1391 ) ;
#2201 = ORIENTED_EDGE ( 'NONE', *, *, #145, .T. ) ;
#2202 = UNCERTAINTY_MEASURE_WITH_UNIT (LENGTH_MEASURE( 1.000000000000000082E-05 ), #8580, 'distance_accuracy_value', 'NONE');
#2203 = DIRECTION ( 'NONE',  ( 0.000000000000000000, 0.000000000000000000, -1.000000000000000000 ) ) ;
#2204 = VECTOR ( 'NONE', #1466, 1000.000000000000000 ) ;
#2205 = SURFACE_STYLE_FILL_AREA ( #7960 ) ;
#2206 = ORIENTED_EDGE ( 'NONE', *, *, #3972, .F. ) ;
#2207 =( LENGTH_UNIT ( ) NAMED_UNIT ( * ) SI_UNIT ( .MILLI., .METRE. ) );
#2208 = VECTOR ( 'NONE', #3031, 999.9999999999998863 ) ;
#2209 = ORIENTED_EDGE ( 'NONE', *, *, #415, .F. ) ;
#2210 = CARTESIAN_POINT ( 'NONE',  ( -5.176776695296640085, 0.000000000000000000, 3.986776695296604167 ) ) ;
#2211 = VERTEX_POINT ( 'NONE', #4489 ) ;
#2212 = EDGE_CURVE ( 'NONE', #6021, #2684, #182, .T. ) ;
#2213 = UNCERTAINTY_MEASURE_WITH_UNIT (LENGTH_MEASURE( 1.000000000000000082E-05 ), #9113, 'distance_accuracy_value', 'NONE');
#2214 = LINE ( 'NONE', #2946, #3228 ) ;
#2215 = VECTOR ( 'NONE', #4265, 1000.000000000000000 ) ;
#2216 = SURFACE_STYLE_FILL_AREA ( #8819 ) ;
#2217 = COLOUR_RGB ( '',0.3176470588235293935, 0.2470588235294117752, 0.2078431372549019440 ) ;
#2218 = EDGE_CURVE ( 'NONE', #7571, #7273, #1741, .T. ) ;
#2219 =( NAMED_UNIT ( * ) PLANE_ANGLE_UNIT ( ) SI_UNIT ( $, .RADIAN. ) );
#2220 = LINE ( 'NONE', #5719, #4831 ) ;
#2221 = EDGE_CURVE ( 'NONE', #8676, #114, #8926, .T. ) ;
#2222 = ADVANCED_FACE ( 'NONE', ( #7092 ), #7764, .F. ) ;
#2223 = CARTESIAN_POINT ( 'NONE',  ( -6.125000000000000888, 1.570000000000000062, -4.684999999999964970 ) ) ;
#2224 = DIRECTION ( 'NONE',  ( 0.1247869418429880528, -0.9843050534722200817, 0.1247869418429867622 ) ) ;
#2225 =( NAMED_UNIT ( * ) PLANE_ANGLE_UNIT ( ) SI_UNIT ( $, .RADIAN. ) );
#2226 = COLOUR_RGB ( '',0.3176470588235293935, 0.2470588235294117752, 0.2078431372549019440 ) ;
#2227 = SURFACE_STYLE_USAGE ( .BOTH. , #5939 ) ;
#2228 = EDGE_CURVE ( 'NONE', #141, #2923, #2570, .T. ) ;
#2229 = SURFACE_STYLE_USAGE ( .BOTH. , #6710 ) ;
#2230 = CARTESIAN_POINT ( 'NONE',  ( 0.000000000000000000, 4.069999999999999396, 0.000000000000000000 ) ) ;
#2231 = ORIENTED_EDGE ( 'NONE', *, *, #8091, .T. ) ;
#2232 = ORIENTED_EDGE ( 'NONE', *, *, #6797, .F. ) ;
#2233 = ADVANCED_FACE ( 'NONE', ( #370 ), #5816, .T. ) ;
#2234 = SURFACE_STYLE_FILL_AREA ( #1021 ) ;
#2235 = ADVANCED_FACE ( 'NONE', ( #1869 ), #1822, .F. ) ;
#2236 = SURFACE_STYLE_FILL_AREA ( #6603 ) ;
#2237 = ORIENTED_EDGE ( 'NONE', *, *, #100, .T. ) ;
#2238 = B_SPLINE_SURFACE_WITH_KNOTS ( 'NONE', 3, 1, ( 
 ( #8274, #3221 ),
 ( #1015, #1659 ),
 ( #7505, #9132 ),
 ( #1706, #964 ),
 ( #4649, #8419 ),
 ( #4598, #4564 ) ),
 .UNSPECIFIED., .F., .F., .F.,
 ( 4, 2, 4 ),
 ( 2, 2 ),
 ( 0.000000000000000000, 0.5000000000000000000, 1.000000000000000000 ),
 ( 0.000000000000000000, 1.000000000000000000 ),
 .UNSPECIFIED. ) ;
#2239 = PRESENTATION_STYLE_ASSIGNMENT (( #895 ) ) ;
#2240 = CARTESIAN_POINT ( 'NONE',  ( -1.625000000000001110, 4.069999999999999396, -4.934999999999982734 ) ) ;
#2241 = CARTESIAN_POINT ( 'NONE',  ( 4.966666666666664121, -1.000000000000000000, 3.759999999999968701 ) ) ;
#2242 = ORIENTED_EDGE ( 'NONE', *, *, #2511, .F. ) ;
#2243 = UNCERTAINTY_MEASURE_WITH_UNIT (LENGTH_MEASURE( 1.000000000000000082E-05 ), #9374, 'distance_accuracy_value', 'NONE');
#2244 =( LENGTH_UNIT ( ) NAMED_UNIT ( * ) SI_UNIT ( .MILLI., .METRE. ) );
#2245 = EDGE_LOOP ( 'NONE', ( #8642, #4863, #6257, #570 ) ) ;
#2246 = CARTESIAN_POINT ( 'NONE',  ( 0.3200000000000008393, 10.06999999999999851, 3.490000000000034852 ) ) ;
#2247 = PLANE ( 'NONE',  #5707 ) ;
#2248 = EDGE_CURVE ( 'NONE', #1582, #9030, #747, .T. ) ;
#2249 = FACE_OUTER_BOUND ( 'NONE', #292, .T. ) ;
#2250 = FACE_OUTER_BOUND ( 'NONE', #8194, .T. ) ;
#2251 = CARTESIAN_POINT ( 'NONE',  ( 5.249999999999997335, 0.000000000000000000, -3.740964406271182874 ) ) ;
#2252 = VERTEX_POINT ( 'NONE', #4186 ) ;
#2253 = LINE ( 'NONE', #5211, #7020 ) ;
#2254 = CARTESIAN_POINT ( 'NONE',  ( -1.625000000000001110, 1.570000000000000062, -2.684999999999983178 ) ) ;
#2255 = ORIENTED_EDGE ( 'NONE', *, *, #3647, .F. ) ;
#2256 = UNCERTAINTY_MEASURE_WITH_UNIT (LENGTH_MEASURE( 1.000000000000000082E-05 ), #4461, 'distance_accuracy_value', 'NONE');
#2257 = LINE ( 'NONE', #8943, #9244 ) ;
#2258 = VERTEX_POINT ( 'NONE', #4961 ) ;
#2259 = CARTESIAN_POINT ( 'NONE',  ( -0.1767766952966397243, 0.000000000000000000, -3.986776695296667672 ) ) ;
#2260 =( LENGTH_UNIT ( ) NAMED_UNIT ( * ) SI_UNIT ( .MILLI., .METRE. ) );
#2261 = VERTEX_POINT ( 'NONE', #7948 ) ;
#2262 = DIRECTION ( 'NONE',  ( 0.000000000000000000, 0.000000000000000000, 1.000000000000000000 ) ) ;
#2263 = FILL_AREA_STYLE_COLOUR ( '', #6253 ) ;
#2264 = SURFACE_STYLE_USAGE ( .BOTH. , #6089 ) ;
#2265 = CARTESIAN_POINT ( 'NONE',  ( 5.069035593728845157, 0.000000000000000000, -3.560000000000030251 ) ) ;
#2266 = CARTESIAN_POINT ( 'NONE',  ( -5.000000000000001776, 0.000000000000000000, -3.810000000000031140 ) ) ;
#2267 = FACE_OUTER_BOUND ( 'NONE', #3977, .T. ) ;
#2268 = ORIENTED_EDGE ( 'NONE', *, *, #559, .F. ) ;
#2269 = EDGE_LOOP ( 'NONE', ( #5999, #5844, #7051, #3569 ) ) ;
#2270 = COLOUR_RGB ( '',0.3176470588235293935, 0.2470588235294117752, 0.2078431372549019440 ) ;
#2271 = EDGE_CURVE ( 'NONE', #9055, #939, #548, .T. ) ;
#2272 = DIRECTION ( 'NONE',  ( -1.000000000000000000, 0.000000000000000000, 0.000000000000000000 ) ) ;
#2273 = SURFACE_STYLE_USAGE ( .BOTH. , #1622 ) ;
#2274 = SURFACE_STYLE_FILL_AREA ( #7553 ) ;
#2275 = ORIENTED_EDGE ( 'NONE', *, *, #1910, .T. ) ;
#2276 = LINE ( 'NONE', #5239, #736 ) ;
#2277 = VECTOR ( 'NONE', #9091, 1000.000000000000000 ) ;
#2278 = FILL_AREA_STYLE_COLOUR ( '', #4845 ) ;
#2279 = DIRECTION ( 'NONE',  ( 0.7071067811865474617, 0.000000000000000000, 0.7071067811865474617 ) ) ;
#2280 = SURFACE_STYLE_FILL_AREA ( #3014 ) ;
#2281 = SHAPE_DEFINITION_REPRESENTATION ( #908, #7900 ) ;
#2282 = ORIENTED_EDGE ( 'NONE', *, *, #4233, .T. ) ;
#2283 = EDGE_CURVE ( 'NONE', #4287, #5390, #7990, .T. ) ;
#2284 = UNCERTAINTY_MEASURE_WITH_UNIT (LENGTH_MEASURE( 1.000000000000000082E-05 ), #1654, 'distance_accuracy_value', 'NONE');
#2285 = VERTEX_POINT ( 'NONE', #698 ) ;
#2286 = AXIS2_PLACEMENT_3D ( 'NONE', #5217, #4496, #872 ) ;
#2287 = LINE ( 'NONE', #3020, #378 ) ;
#2288 = VECTOR ( 'NONE', #5880, 1000.000000000000000 ) ;
#2289 = PLANE ( 'NONE',  #2986 ) ;
#2290 = FACE_OUTER_BOUND ( 'NONE', #5304, .T. ) ;
#2291 =( NAMED_UNIT ( * ) PLANE_ANGLE_UNIT ( ) SI_UNIT ( $, .RADIAN. ) );
#2292 = DIRECTION ( 'NONE',  ( -6.776263578034403699E-16, 0.000000000000000000, -1.000000000000000000 ) ) ;
#2293 = COLOUR_RGB ( '',0.2980392156862745057, 0.2980392156862745057, 0.2980392156862745057 ) ;
#2294 = CARTESIAN_POINT ( 'NONE',  ( -5.069035593728854039, -0.000000000000000000, 4.059999999999968523 ) ) ;
#2295 = ORIENTED_EDGE ( 'NONE', *, *, #4067, .F. ) ;
#2296 = CARTESIAN_POINT ( 'NONE',  ( -1.375000000000001110, 4.069999999999999396, 4.684999999999986287 ) ) ;
#2297 = COLOUR_RGB ( '',0.2980392156862745057, 0.2980392156862745057, 0.2980392156862745057 ) ;
#2298 = ORIENTED_EDGE ( 'NONE', *, *, #7804, .F. ) ;
#2299 = LINE ( 'NONE', #3955, #6509 ) ;
#2300 = ADVANCED_FACE ( 'NONE', ( #6612 ), #4232, .F. ) ;
#2301 = PRESENTATION_LAYER_ASSIGNMENT (  '', '', ( #5406 ) ) ;
#2302 = VECTOR ( 'NONE', #6092, 1000.000000000000000 ) ;
#2303 =( LENGTH_UNIT ( ) NAMED_UNIT ( * ) SI_UNIT ( .MILLI., .METRE. ) );
#2304 = ORIENTED_EDGE ( 'NONE', *, *, #1169, .F. ) ;
#2305 = PRODUCT_DEFINITION_FORMATION_WITH_SPECIFIED_SOURCE ( 'ANY', '', #8025, .NOT_KNOWN. ) ;
#2306 = STYLED_ITEM ( 'NONE', ( #2484 ), #706 ) ;
#2307 =( LENGTH_UNIT ( ) NAMED_UNIT ( * ) SI_UNIT ( .MILLI., .METRE. ) );
#2308 = CARTESIAN_POINT ( 'NONE',  ( 1.624999999999999556, 4.069999999999999396, 2.685000000000003606 ) ) ;
#2309 = FILL_AREA_STYLE ('',( #4445 ) ) ;
#2310 = ORIENTED_EDGE ( 'NONE', *, *, #3734, .F. ) ;
#2311 = STYLED_ITEM ( 'NONE', ( #8866 ), #4954 ) ;
#2312 = DIRECTION ( 'NONE',  ( -1.000000000000000000, 0.000000000000000000, 0.000000000000000000 ) ) ;
#2313 = UNCERTAINTY_MEASURE_WITH_UNIT (LENGTH_MEASURE( 1.000000000000000082E-05 ), #6068, 'distance_accuracy_value', 'NONE');
#2314 = PLANE ( 'NONE',  #8037 ) ;
#2315 = EDGE_CURVE ( 'NONE', #3142, #6892, #600, .T. ) ;
#2316 = SURFACE_STYLE_FILL_AREA ( #3035 ) ;
#2317 =( GEOMETRIC_REPRESENTATION_CONTEXT ( 3 ) GLOBAL_UNCERTAINTY_ASSIGNED_CONTEXT ( ( #3118 ) ) GLOBAL_UNIT_ASSIGNED_CONTEXT ( ( #4152, #2738, #7168 ) ) REPRESENTATION_CONTEXT ( 'NONE', 'WORKASPACE' ) );
#2318 = PRESENTATION_LAYER_ASSIGNMENT (  '', '', ( #1560 ) ) ;
#2319 = CLOSED_SHELL ( 'NONE', ( #5995, #6505, #706, #5488, #3921, #923 ) ) ;
#2320 = B_SPLINE_SURFACE_WITH_KNOTS ( 'NONE', 3, 1, ( 
 ( #1185, #4785 ),
 ( #4110, #7025 ),
 ( #7061, #525 ),
 ( #3357, #7113 ),
 ( #9224, #7823 ),
 ( #7683, #1802 ) ),
 .UNSPECIFIED., .F., .F., .F.,
 ( 4, 2, 4 ),
 ( 2, 2 ),
 ( 0.000000000000000000, 0.5000000000000000000, 1.000000000000000000 ),
 ( 0.000000000000000000, 1.000000000000000000 ),
 .UNSPECIFIED. ) ;
#2321 = VECTOR ( 'NONE', #9405, 1000.000000000000000 ) ;
#2322 = COLOUR_RGB ( '',0.2980392156862745057, 0.2980392156862745057, 0.2980392156862745057 ) ;
#2323 = FILL_AREA_STYLE ('',( #3677 ) ) ;
#2324 = VECTOR ( 'NONE', #2203, 1000.000000000000000 ) ;
#2325 = ORIENTED_EDGE ( 'NONE', *, *, #7072, .F. ) ;
#2326 = VECTOR ( 'NONE', #3065, 1000.000000000000000 ) ;
#2327 = FILL_AREA_STYLE ('',( #7598 ) ) ;
#2328 = VECTOR ( 'NONE', #6886, 1000.000000000000000 ) ;
#2329 = VECTOR ( 'NONE', #2628, 1000.000000000000000 ) ;
#2330 = DIRECTION ( 'NONE',  ( 1.365923996832131609E-16, 0.000000000000000000, 1.000000000000000000 ) ) ;
#2331 =( GEOMETRIC_REPRESENTATION_CONTEXT ( 3 ) GLOBAL_UNCERTAINTY_ASSIGNED_CONTEXT ( ( #6629 ) ) GLOBAL_UNIT_ASSIGNED_CONTEXT ( ( #253, #2219, #7402 ) ) REPRESENTATION_CONTEXT ( 'NONE', 'WORKASPACE' ) );
#2332 = PRESENTATION_LAYER_ASSIGNMENT (  '', '', ( #3728 ) ) ;
#2333 = VERTEX_POINT ( 'NONE', #5742 ) ;
#2334 = PRESENTATION_STYLE_ASSIGNMENT (( #6042 ) ) ;
#2335 =( GEOMETRIC_REPRESENTATION_CONTEXT ( 3 ) GLOBAL_UNCERTAINTY_ASSIGNED_CONTEXT ( ( #2431 ) ) GLOBAL_UNIT_ASSIGNED_CONTEXT ( ( #4603, #3227, #4743 ) ) REPRESENTATION_CONTEXT ( 'NONE', 'WORKASPACE' ) );
#2336 = PRESENTATION_STYLE_ASSIGNMENT (( #166 ) ) ;
#2337 = SURFACE_SIDE_STYLE ('',( #3837 ) ) ;
#2338 = EDGE_CURVE ( 'NONE', #1212, #8167, #1345, .T. ) ;
#2339 = ORIENTED_EDGE ( 'NONE', *, *, #1519, .F. ) ;
#2340 = EDGE_CURVE ( 'NONE', #2897, #1102, #4386, .T. ) ;
#2341 = ORIENTED_EDGE ( 'NONE', *, *, #6491, .F. ) ;
#2342 = DIRECTION ( 'NONE',  ( 1.000000000000000000, 0.000000000000000000, -6.776263578034403699E-16 ) ) ;
#2343 = FILL_AREA_STYLE ('',( #8930 ) ) ;
#2344 = EDGE_CURVE ( 'NONE', #1786, #99, #5802, .T. ) ;
#2345 = LINE ( 'NONE', #82, #7238 ) ;
#2346 = EDGE_CURVE ( 'NONE', #5594, #8747, #7690, .T. ) ;
#2347 = STYLED_ITEM ( 'NONE', ( #1476 ), #6591 ) ;
#2348 = ORIENTED_EDGE ( 'NONE', *, *, #4066, .F. ) ;
#2349 = FILL_AREA_STYLE_COLOUR ( '', #1420 ) ;
#2350 = ORIENTED_EDGE ( 'NONE', *, *, #2697, .T. ) ;
#2351 = CARTESIAN_POINT ( 'NONE',  ( 4.949999999999998401, -1.000000000000000000, 3.793333333333301471 ) ) ;
#2352 = AXIS2_PLACEMENT_3D ( 'NONE', #9270, #1140, #3354 ) ;
#2353 = UNCERTAINTY_MEASURE_WITH_UNIT (LENGTH_MEASURE( 1.000000000000000082E-05 ), #7144, 'distance_accuracy_value', 'NONE');
#2354 = PLANE ( 'NONE',  #7609 ) ;
#2355 = FILL_AREA_STYLE ('',( #5177 ) ) ;
#2356 = VERTEX_POINT ( 'NONE', #3756 ) ;
#2357 = SURFACE_SIDE_STYLE ('',( #8946 ) ) ;
#2358 = LINE ( 'NONE', #1648, #8386 ) ;
#2359 = ORIENTED_EDGE ( 'NONE', *, *, #6400, .F. ) ;
#2360 = ADVANCED_FACE ( 'NONE', ( #4428 ), #5186, .T. ) ;
#2361 = SURFACE_STYLE_USAGE ( .BOTH. , #4507 ) ;
#2362 = EDGE_CURVE ( 'NONE', #6147, #778, #2554, .T. ) ;
#2363 = CARTESIAN_POINT ( 'NONE',  ( 2.500000000000000000, -1.000000000000000000, 0.000000000000000000 ) ) ;
#2364 = VECTOR ( 'NONE', #1260, 1000.000000000000000 ) ;
#2365 = MECHANICAL_DESIGN_GEOMETRIC_PRESENTATION_REPRESENTATION (  '', ( #6408 ), #7922 ) ;
#2366 = CARTESIAN_POINT ( 'NONE',  ( 0.06903559372884848777, 0.000000000000000000, 3.559999999999968079 ) ) ;
#2367 = PRESENTATION_STYLE_ASSIGNMENT (( #3735 ) ) ;
#2368 = DIRECTION ( 'NONE',  ( -0.000000000000000000, 1.000000000000000000, 0.000000000000000000 ) ) ;
#2369 = EDGE_CURVE ( 'NONE', #9358, #4821, #1059, .T. ) ;
#2370 = MECHANICAL_DESIGN_GEOMETRIC_PRESENTATION_REPRESENTATION (  '', ( #6276 ), #6124 ) ;
#2371 = PRESENTATION_LAYER_ASSIGNMENT (  '', '', ( #8094 ) ) ;
#2372 = CARTESIAN_POINT ( 'NONE',  ( 0.1767766952966345340, 0.000000000000000000, -3.986776695296669448 ) ) ;
#2373 = PRESENTATION_STYLE_ASSIGNMENT (( #8237 ) ) ;
#2374 = LINE ( 'NONE', #5343, #2563 ) ;
#2375 = FILL_AREA_STYLE ('',( #8963 ) ) ;
#2376 = STYLED_ITEM ( 'NONE', ( #9134 ), #8932 ) ;
#2377 = CARTESIAN_POINT ( 'NONE',  ( -4.950000000000001066, -1.000000000000000000, 3.759999999999968701 ) ) ;
#2378 = VECTOR ( 'NONE', #5527, 1000.000000000000000 ) ;
#2379 = ORIENTED_EDGE ( 'NONE', *, *, #7509, .T. ) ;
#2380 = SURFACE_SIDE_STYLE ('',( #5391 ) ) ;
#2381 = FILL_AREA_STYLE ('',( #605 ) ) ;
#2382 = CARTESIAN_POINT ( 'NONE',  ( -5.319999999999999396, 10.06999999999999851, 4.130000000000034532 ) ) ;
#2383 = CARTESIAN_POINT ( 'NONE',  ( 6.124999999999999112, 4.069999999999999396, 4.685000000000003162 ) ) ;
#2384 = ORIENTED_EDGE ( 'NONE', *, *, #6138, .T. ) ;
#2385 = EDGE_LOOP ( 'NONE', ( #5576, #8857, #1005, #1478 ) ) ;
#2386 = PLANE ( 'NONE',  #1123 ) ;
#2387 = CARTESIAN_POINT ( 'NONE',  ( -4.125000000000000888, 4.069999999999999396, 2.684999999999968523 ) ) ;
#2388 = CARTESIAN_POINT ( 'NONE',  ( 4.999999999999997335, 0.000000000000000000, -3.810000000000031140 ) ) ;
#2389 = CARTESIAN_POINT ( 'NONE',  ( 4.680000000000000604, 10.06999999999999851, 4.130000000000034532 ) ) ;
#2390 = ORIENTED_EDGE ( 'NONE', *, *, #2512, .T. ) ;
#2391 =( NAMED_UNIT ( * ) PLANE_ANGLE_UNIT ( ) SI_UNIT ( $, .RADIAN. ) );
#2392 = B_SPLINE_SURFACE_WITH_KNOTS ( 'NONE', 3, 1, ( 
 ( #2842, #9363 ),
 ( #2031, #767 ),
 ( #5822, #8717 ),
 ( #9464, #3510 ),
 ( #5768, #3662 ),
 ( #3463, #7295 ) ),
 .UNSPECIFIED., .F., .F., .F.,
 ( 4, 2, 4 ),
 ( 2, 2 ),
 ( 0.000000000000000000, 0.5000000000000000000, 1.000000000000000000 ),
 ( 0.000000000000000000, 1.000000000000000000 ),
 .UNSPECIFIED. ) ;
#2393 = ORIENTED_EDGE ( 'NONE', *, *, #1821, .F. ) ;
#2394 = DIRECTION ( 'NONE',  ( 1.000000000000000000, 0.000000000000000000, -6.776263578034403699E-16 ) ) ;
#2395 = LINE ( 'NONE', #3814, #712 ) ;
#2396 =( NAMED_UNIT ( * ) PLANE_ANGLE_UNIT ( ) SI_UNIT ( $, .RADIAN. ) );
#2397 = EDGE_LOOP ( 'NONE', ( #6938, #5120, #1638, #3757 ) ) ;
#2398 = SURFACE_STYLE_USAGE ( .BOTH. , #8990 ) ;
#2399 = FACE_OUTER_BOUND ( 'NONE', #3154, .T. ) ;
#2400 = CARTESIAN_POINT ( 'NONE',  ( 5.176776695296635644, 0.000000000000000000, 3.633223304703330658 ) ) ;
#2401 = CARTESIAN_POINT ( 'NONE',  ( -2.450000000000001954, -1.000000000000000000, -3.860000000000031406 ) ) ;
#2402 = VERTEX_POINT ( 'NONE', #7428 ) ;
#2403 = CARTESIAN_POINT ( 'NONE',  ( 2.179999999999998828, 4.069999999999999396, -4.129999999999965254 ) ) ;
#2404 = ADVANCED_FACE ( 'NONE', ( #853 ), #4707, .F. ) ;
#2405 = UNCERTAINTY_MEASURE_WITH_UNIT (LENGTH_MEASURE( 1.000000000000000082E-05 ), #7056, 'distance_accuracy_value', 'NONE');
#2406 = CARTESIAN_POINT ( 'NONE',  ( -2.386611652351683155, -0.5000000000000000000, 3.696611652351649902 ) ) ;
#2407 = LINE ( 'NONE', #5283, #3727 ) ;
#2408 = CARTESIAN_POINT ( 'NONE',  ( -4.930964406271153067, 4.020033170236863447E-19, 4.059999999999970299 ) ) ;
#2409 = FACE_OUTER_BOUND ( 'NONE', #8813, .T. ) ;
#2410 = SURFACE_SIDE_STYLE ('',( #8905 ) ) ;
#2411 = FILL_AREA_STYLE_COLOUR ( '', #711 ) ;
#2412 = FILL_AREA_STYLE ('',( #1660 ) ) ;
#2413 = DIRECTION ( 'NONE',  ( -0.000000000000000000, -1.000000000000000000, -0.000000000000000000 ) ) ;
#2414 = FACE_OUTER_BOUND ( 'NONE', #4418, .T. ) ;
#2415 =( LENGTH_UNIT ( ) NAMED_UNIT ( * ) SI_UNIT ( .MILLI., .METRE. ) );
#2416 = CARTESIAN_POINT ( 'NONE',  ( 2.180000000000000604, 10.06999999999999851, 3.490000000000034852 ) ) ;
#2417 = SURFACE_SIDE_STYLE ('',( #6669 ) ) ;
#2418 = PRESENTATION_LAYER_ASSIGNMENT (  '', '', ( #5370 ) ) ;
#2419 = PLANE ( 'NONE',  #6700 ) ;
#2420 = ORIENTED_EDGE ( 'NONE', *, *, #2457, .T. ) ;
#2421 =( NAMED_UNIT ( * ) PLANE_ANGLE_UNIT ( ) SI_UNIT ( $, .RADIAN. ) );
#2422 = FACE_OUTER_BOUND ( 'NONE', #6581, .T. ) ;
#2423 = LINE ( 'NONE', #1726, #6209 ) ;
#2424 = MECHANICAL_DESIGN_GEOMETRIC_PRESENTATION_REPRESENTATION (  '', ( #8583 ), #3664 ) ;
#2425 = ORIENTED_EDGE ( 'NONE', *, *, #2571, .F. ) ;
#2426 = UNCERTAINTY_MEASURE_WITH_UNIT (LENGTH_MEASURE( 1.000000000000000082E-05 ), #8957, 'distance_accuracy_value', 'NONE');
#2427 = FILL_AREA_STYLE_COLOUR ( '', #1270 ) ;
#2428 =( LENGTH_UNIT ( ) NAMED_UNIT ( * ) SI_UNIT ( .MILLI., .METRE. ) );
#2429 = DIRECTION ( 'NONE',  ( 0.000000000000000000, -0.000000000000000000, 1.000000000000000000 ) ) ;
#2430 = SURFACE_STYLE_FILL_AREA ( #3246 ) ;
#2431 = UNCERTAINTY_MEASURE_WITH_UNIT (LENGTH_MEASURE( 1.000000000000000082E-05 ), #4603, 'distance_accuracy_value', 'NONE');
#2432 = CARTESIAN_POINT ( 'NONE',  ( -5.050000000000001599, -1.000000000000000000, 3.759999999999968701 ) ) ;
#2433 = CARTESIAN_POINT ( 'NONE',  ( -4.950000000000001066, -1.000000000000000000, 3.859999999999968345 ) ) ;
#2434 = VERTEX_POINT ( 'NONE', #7745 ) ;
#2435 = VECTOR ( 'NONE', #6485, 1000.000000000000114 ) ;
#2436 =( NAMED_UNIT ( * ) SI_UNIT ( $, .STERADIAN. ) SOLID_ANGLE_UNIT ( ) );
#2437 = VERTEX_POINT ( 'NONE', #5622 ) ;
#2438 = VECTOR ( 'NONE', #4166, 1000.000000000000000 ) ;
#2439 = MECHANICAL_DESIGN_GEOMETRIC_PRESENTATION_REPRESENTATION (  '', ( #8314 ), #7400 ) ;
#2440 = ORIENTED_EDGE ( 'NONE', *, *, #3632, .T. ) ;
#2441 =( NAMED_UNIT ( * ) PLANE_ANGLE_UNIT ( ) SI_UNIT ( $, .RADIAN. ) );
#2442 = SURFACE_STYLE_FILL_AREA ( #6777 ) ;
#2443 = CARTESIAN_POINT ( 'NONE',  ( -2.430964406271152622, 0.000000000000000000, -4.060000000000032472 ) ) ;
#2444 = EDGE_LOOP ( 'NONE', ( #8035, #17, #8591, #5234 ) ) ;
#2445 = PRESENTATION_LAYER_ASSIGNMENT (  '', '', ( #5088 ) ) ;
#2446 = COLOUR_RGB ( '',0.2980392156862745057, 0.2980392156862745057, 0.2980392156862745057 ) ;
#2447 = CARTESIAN_POINT ( 'NONE',  ( -5.319999999999999396, 10.06999999999999851, 3.490000000000034852 ) ) ;
#2448 = MECHANICAL_DESIGN_GEOMETRIC_PRESENTATION_REPRESENTATION (  '', ( #5406 ), #7551 ) ;
#2449 = CIRCLE ( 'NONE', #1244, 0.2500000000000002220 ) ;
#2450 =( LENGTH_UNIT ( ) NAMED_UNIT ( * ) SI_UNIT ( .MILLI., .METRE. ) );
#2451 = MECHANICAL_DESIGN_GEOMETRIC_PRESENTATION_REPRESENTATION (  '', ( #6496 ), #1854 ) ;
#2452 = LINE ( 'NONE', #3968, #5855 ) ;
#2453 = PRESENTATION_STYLE_ASSIGNMENT (( #3171 ) ) ;
#2454 = SURFACE_SIDE_STYLE ('',( #8233 ) ) ;
#2455 = CARTESIAN_POINT ( 'NONE',  ( -5.050000000000002487, -1.000000000000000000, -3.860000000000031406 ) ) ;
#2456 = PRESENTATION_LAYER_ASSIGNMENT (  '', '', ( #4932 ) ) ;
#2457 = EDGE_CURVE ( 'NONE', #7854, #7571, #1151, .T. ) ;
#2458 = MECHANICAL_DESIGN_GEOMETRIC_PRESENTATION_REPRESENTATION (  '', ( #1405 ), #358 ) ;
#2459 = CARTESIAN_POINT ( 'NONE',  ( 2.249999999999998668, 0.000000000000000000, 3.879035593728816789 ) ) ;
#2460 = FILL_AREA_STYLE ('',( #7159 ) ) ;
#2461 = SURFACE_STYLE_FILL_AREA ( #3137 ) ;
#2462 = CARTESIAN_POINT ( 'NONE',  ( 2.386611652351680046, -0.5000000000000000000, 3.696611652351650790 ) ) ;
#2463 = AXIS2_PLACEMENT_3D ( 'NONE', #7196, #6576, #565 ) ;
#2464 =( LENGTH_UNIT ( ) NAMED_UNIT ( * ) SI_UNIT ( .MILLI., .METRE. ) );
#2465 = LINE ( 'NONE', #4570, #7145 ) ;
#2466 = CARTESIAN_POINT ( 'NONE',  ( -4.930964406271151290, -0.000000000000000000, 3.559999999999968079 ) ) ;
#2467 = EDGE_LOOP ( 'NONE', ( #5807, #2531, #7413, #6082 ) ) ;
#2468 = SURFACE_SIDE_STYLE ('',( #8327 ) ) ;
#2469 = COLOUR_RGB ( '',0.7921568627450980005, 0.8196078431372548767, 0.9333333333333333481 ) ;
#2470 = VECTOR ( 'NONE', #9129, 1000.000000000000000 ) ;
#2471 = CARTESIAN_POINT ( 'NONE',  ( -2.750000000000001332, 0.000000000000000000, 3.879035593728816789 ) ) ;
#2472 = MECHANICAL_DESIGN_GEOMETRIC_PRESENTATION_REPRESENTATION (  '', ( #7423 ), #4176 ) ;
#2473 = VECTOR ( 'NONE', #5505, 1000.000000000000000 ) ;
#2474 = DIRECTION ( 'NONE',  ( 0.000000000000000000, 0.000000000000000000, -1.000000000000000000 ) ) ;
#2475 = ORIENTED_EDGE ( 'NONE', *, *, #444, .F. ) ;
#2476 = ADVANCED_FACE ( 'NONE', ( #8548 ), #1845, .F. ) ;
#2477 = CARTESIAN_POINT ( 'NONE',  ( -1.375000000000001110, 1.570000000000000062, 2.934999999999986287 ) ) ;
#2478 = VECTOR ( 'NONE', #6088, 1000.000000000000000 ) ;
#2479 = CLOSED_SHELL ( 'NONE', ( #3751, #7399, #3470, #6114, #1651, #5094 ) ) ;
#2480 = CARTESIAN_POINT ( 'NONE',  ( -5.050000000000001599, -1.000000000000000000, 3.776666666666634864 ) ) ;
#2481 = COLOUR_RGB ( '',0.3176470588235293935, 0.2470588235294117752, 0.2078431372549019440 ) ;
#2482 = DIRECTION ( 'NONE',  ( -0.000000000000000000, -1.000000000000000000, -0.000000000000000000 ) ) ;
#2483 = SURFACE_SIDE_STYLE ('',( #7042 ) ) ;
#2484 = PRESENTATION_STYLE_ASSIGNMENT (( #9068 ) ) ;
#2485 = FILL_AREA_STYLE_COLOUR ( '', #32 ) ;
#2486 =( GEOMETRIC_REPRESENTATION_CONTEXT ( 3 ) GLOBAL_UNCERTAINTY_ASSIGNED_CONTEXT ( ( #2833 ) ) GLOBAL_UNIT_ASSIGNED_CONTEXT ( ( #2428, #4717, #1588 ) ) REPRESENTATION_CONTEXT ( 'NONE', 'WORKASPACE' ) );
#2487 =( GEOMETRIC_REPRESENTATION_CONTEXT ( 3 ) GLOBAL_UNCERTAINTY_ASSIGNED_CONTEXT ( ( #7562 ) ) GLOBAL_UNIT_ASSIGNED_CONTEXT ( ( #5523, #442, #9176 ) ) REPRESENTATION_CONTEXT ( 'NONE', 'WORKASPACE' ) );
#2488 = ORIENTED_EDGE ( 'NONE', *, *, #7660, .T. ) ;
#2489 = ORIENTED_EDGE ( 'NONE', *, *, #6609, .T. ) ;
#2490 = MANIFOLD_SOLID_BREP ( 'LPattern2[5]', #4778 ) ;
#2491 = LINE ( 'NONE', #5598, #1908 ) ;
#2492 = DIRECTION ( 'NONE',  ( 0.000000000000000000, -0.000000000000000000, 1.000000000000000000 ) ) ;
#2493 = EDGE_LOOP ( 'NONE', ( #644, #135, #7225, #8561 ) ) ;
#2494 = DIRECTION ( 'NONE',  ( 0.000000000000000000, 0.000000000000000000, 1.000000000000000000 ) ) ;
#2495 = EDGE_LOOP ( 'NONE', ( #982, #2971, #147, #6173 ) ) ;
#2496 = MECHANICAL_DESIGN_GEOMETRIC_PRESENTATION_REPRESENTATION (  '', ( #8231 ), #5597 ) ;
#2497 = SURFACE_SIDE_STYLE ('',( #2584 ) ) ;
#2498 = CARTESIAN_POINT ( 'NONE',  ( -2.323223304703364800, 0.000000000000000000, 3.633223304703330658 ) ) ;
#2499 =( NAMED_UNIT ( * ) SI_UNIT ( $, .STERADIAN. ) SOLID_ANGLE_UNIT ( ) );
#2500 = DIRECTION ( 'NONE',  ( 1.000000000000000000, 0.000000000000000000, 0.000000000000000000 ) ) ;
#2501 = PRESENTATION_LAYER_ASSIGNMENT (  '', '', ( #1013 ) ) ;
#2502 = DIRECTION ( 'NONE',  ( 1.000000000000000000, 0.000000000000000000, -6.776263578034403699E-16 ) ) ;
#2503 =( NAMED_UNIT ( * ) PLANE_ANGLE_UNIT ( ) SI_UNIT ( $, .RADIAN. ) );
#2504 = PRESENTATION_STYLE_ASSIGNMENT (( #1056 ) ) ;
#2505 = LINE ( 'NONE', #9173, #3443 ) ;
#2506 = FACE_OUTER_BOUND ( 'NONE', #2936, .T. ) ;
#2507 = FILL_AREA_STYLE ('',( #1058 ) ) ;
#2508 = EDGE_CURVE ( 'NONE', #7158, #6486, #7790, .T. ) ;
#2509 = DIRECTION ( 'NONE',  ( 0.7071067811865472397, 0.000000000000000000, 0.7071067811865479058 ) ) ;
#2510 = PRESENTATION_LAYER_ASSIGNMENT (  '', '', ( #6408 ) ) ;
#2511 = EDGE_CURVE ( 'NONE', #855, #5864, #5669, .T. ) ;
#2512 = EDGE_CURVE ( 'NONE', #1474, #634, #625, .T. ) ;
#2513 = CARTESIAN_POINT ( 'NONE',  ( -4.864889971370032207, 0.000000000000000000, -3.591556638036726756 ) ) ;
#2514 = CARTESIAN_POINT ( 'NONE',  ( 1.561251128379126385E-15, 10.06999999999999851, 7.620000000000000107 ) ) ;
#2515 = EDGE_LOOP ( 'NONE', ( #6564, #6513, #3034, #2023 ) ) ;
#2516 = EDGE_CURVE ( 'NONE', #7289, #2285, #8628, .T. ) ;
#2517 = LINE ( 'NONE', #403, #9269 ) ;
#2518 = AXIS2_PLACEMENT_3D ( 'NONE', #1175, #3296, #9207 ) ;
#2519 = SURFACE_STYLE_FILL_AREA ( #8328 ) ;
#2520 = CARTESIAN_POINT ( 'NONE',  ( -6.125000000000000888, 1.570000000000000062, -4.684999999999964970 ) ) ;
#2521 = EDGE_CURVE ( 'NONE', #4544, #169, #4261, .T. ) ;
#2522 = ORIENTED_EDGE ( 'NONE', *, *, #870, .F. ) ;
#2523 = UNCERTAINTY_MEASURE_WITH_UNIT (LENGTH_MEASURE( 1.000000000000000082E-05 ), #7824, 'distance_accuracy_value', 'NONE');
#2524 = EDGE_CURVE ( 'NONE', #4688, #7693, #5130, .T. ) ;
#2525 = VECTOR ( 'NONE', #9235, 1000.000000000000000 ) ;
#2526 = CARTESIAN_POINT ( 'NONE',  ( 3.874999999999999112, 4.069999999999999396, 4.685000000000003162 ) ) ;
#2527 = PRESENTATION_LAYER_ASSIGNMENT (  '', '', ( #5968 ) ) ;
#2528 = FACE_OUTER_BOUND ( 'NONE', #2877, .T. ) ;
#2529 =( NAMED_UNIT ( * ) SI_UNIT ( $, .STERADIAN. ) SOLID_ANGLE_UNIT ( ) );
#2530 = CARTESIAN_POINT ( 'NONE',  ( 2.819999999999998508, 10.06999999999999851, -4.129999999999965254 ) ) ;
#2531 = ORIENTED_EDGE ( 'NONE', *, *, #6499, .F. ) ;
#2532 = CARTESIAN_POINT ( 'NONE',  ( -4.823223304703364356, 0.000000000000000000, 3.633223304703330658 ) ) ;
#2533 = ORIENTED_EDGE ( 'NONE', *, *, #8385, .T. ) ;
#2534 = CARTESIAN_POINT ( 'NONE',  ( -0.05000000000000143219, -1.000000000000000000, 3.859999999999968345 ) ) ;
#2535 = PLANE ( 'NONE',  #4145 ) ;
#2536 = ORIENTED_EDGE ( 'NONE', *, *, #3297, .F. ) ;
#2537 = PRESENTATION_STYLE_ASSIGNMENT (( #5547 ) ) ;
#2538 = DIRECTION ( 'NONE',  ( 0.7071067811865474617, 0.000000000000000000, -0.7071067811865474617 ) ) ;
#2539 = DIRECTION ( 'NONE',  ( -0.7071067811865474617, 0.000000000000000000, 0.7071067811865474617 ) ) ;
#2540 = CARTESIAN_POINT ( 'NONE',  ( -2.550000000000002487, -1.000000000000000000, -3.860000000000031406 ) ) ;
#2541 = DIRECTION ( 'NONE',  ( 0.000000000000000000, 1.000000000000000000, 0.000000000000000000 ) ) ;
#2542 = ORIENTED_EDGE ( 'NONE', *, *, #2167, .T. ) ;
#2543 =( LENGTH_UNIT ( ) NAMED_UNIT ( * ) SI_UNIT ( .MILLI., .METRE. ) );
#2544 = DIRECTION ( 'NONE',  ( 0.000000000000000000, -0.000000000000000000, 1.000000000000000000 ) ) ;
#2545 = SURFACE_STYLE_USAGE ( .BOTH. , #299 ) ;
#2546 = DIRECTION ( 'NONE',  ( -0.000000000000000000, -0.000000000000000000, -1.000000000000000000 ) ) ;
#2547 = UNCERTAINTY_MEASURE_WITH_UNIT (LENGTH_MEASURE( 1.000000000000000082E-05 ), #1472, 'distance_accuracy_value', 'NONE');
#2548 = CARTESIAN_POINT ( 'NONE',  ( 0.04999999999999796274, -1.000000000000000000, -3.826666666666699523 ) ) ;
#2549 = LINE ( 'NONE', #4064, #7013 ) ;
#2550 = CARTESIAN_POINT ( 'NONE',  ( -3.875000000000000888, 4.069999999999999396, 4.684999999999968523 ) ) ;
#2551 = SURFACE_STYLE_FILL_AREA ( #4068 ) ;
#2552 = CARTESIAN_POINT ( 'NONE',  ( 7.620000000000000995, 0.000000000000000000, 6.350000000000001421 ) ) ;
#2553 = FILL_AREA_STYLE ('',( #1149 ) ) ;
#2554 = LINE ( 'NONE', #6988, #6838 ) ;
#2555 = SURFACE_STYLE_FILL_AREA ( #7125 ) ;
#2556 = CARTESIAN_POINT ( 'NONE',  ( -4.930964406271153955, -0.000000000000000000, -3.560000000000030251 ) ) ;
#2557 = PRESENTATION_STYLE_ASSIGNMENT (( #1234 ) ) ;
#2558 = VERTEX_POINT ( 'NONE', #7401 ) ;
#2559 = SURFACE_STYLE_FILL_AREA ( #4079 ) ;
#2560 = DIRECTION ( 'NONE',  ( 0.000000000000000000, 0.000000000000000000, 1.000000000000000000 ) ) ;
#2561 = ORIENTED_EDGE ( 'NONE', *, *, #5439, .F. ) ;
#2562 = EDGE_CURVE ( 'NONE', #7965, #953, #5932, .T. ) ;
#2563 = VECTOR ( 'NONE', #5387, 1000.000000000000000 ) ;
#2564 = CARTESIAN_POINT ( 'NONE',  ( -3.625000000000000444, 4.069999999999999396, -4.684999999999982734 ) ) ;
#2565 = COLOUR_RGB ( '',0.3176470588235293935, 0.2470588235294117752, 0.2078431372549019440 ) ;
#2566 = DIRECTION ( 'NONE',  ( 0.1247869418429880528, -0.9843050534722200817, 0.1247869418429867622 ) ) ;
#2567 = EDGE_CURVE ( 'NONE', #7273, #2333, #8771, .T. ) ;
#2568 = FILL_AREA_STYLE ('',( #9148 ) ) ;
#2569 = ORIENTED_EDGE ( 'NONE', *, *, #549, .F. ) ;
#2570 = LINE ( 'NONE', #2675, #686 ) ;
#2571 = EDGE_CURVE ( 'NONE', #141, #3954, #6590, .T. ) ;
#2572 = ORIENTED_EDGE ( 'NONE', *, *, #9205, .T. ) ;
#2573 = PRESENTATION_STYLE_ASSIGNMENT (( #1923 ) ) ;
#2574 = STYLED_ITEM ( 'NONE', ( #2557 ), #2932 ) ;
#2575 = FILL_AREA_STYLE ('',( #4724 ) ) ;
#2576 =( LENGTH_UNIT ( ) NAMED_UNIT ( * ) SI_UNIT ( .MILLI., .METRE. ) );
#2577 = ORIENTED_EDGE ( 'NONE', *, *, #1964, .T. ) ;
#2578 =( NAMED_UNIT ( * ) PLANE_ANGLE_UNIT ( ) SI_UNIT ( $, .RADIAN. ) );
#2579 = CARTESIAN_POINT ( 'NONE',  ( -5.176776695296640085, 0.000000000000000000, -3.986776695296667672 ) ) ;
#2580 = VECTOR ( 'NONE', #401, 1000.000000000000000 ) ;
#2581 = DIRECTION ( 'NONE',  ( 0.000000000000000000, 0.000000000000000000, -1.000000000000000000 ) ) ;
#2582 =( NAMED_UNIT ( * ) PLANE_ANGLE_UNIT ( ) SI_UNIT ( $, .RADIAN. ) );
#2583 = ORIENTED_EDGE ( 'NONE', *, *, #4615, .T. ) ;
#2584 = SURFACE_STYLE_FILL_AREA ( #569 ) ;
#2585 = ADVANCED_FACE ( 'NONE', ( #8019 ), #9470, .F. ) ;
#2586 = EDGE_CURVE ( 'NONE', #1354, #6448, #5982, .T. ) ;
#2587 = FACE_OUTER_BOUND ( 'NONE', #2269, .T. ) ;
#2588 = CARTESIAN_POINT ( 'NONE',  ( -0.3200000000000008393, 10.06999999999999851, -4.129999999999965254 ) ) ;
#2589 = CARTESIAN_POINT ( 'NONE',  ( -0.3199999999999991185, 10.06999999999999851, 4.130000000000034532 ) ) ;
#2590 = SURFACE_SIDE_STYLE ('',( #5710 ) ) ;
#2591 = LINE ( 'NONE', #8541, #8776 ) ;
#2592 = DIRECTION ( 'NONE',  ( 0.000000000000000000, 0.000000000000000000, 1.000000000000000000 ) ) ;
#2593 = CARTESIAN_POINT ( 'NONE',  ( -2.820000000000000728, 4.069999999999999396, -4.129999999999965254 ) ) ;
#2594 = PRESENTATION_LAYER_ASSIGNMENT (  '', '', ( #4779 ) ) ;
#2595 = COLOUR_RGB ( '',0.2980392156862745057, 0.2980392156862745057, 0.2980392156862745057 ) ;
#2596 = CARTESIAN_POINT ( 'NONE',  ( -4.679999999999998828, 10.06999999999999851, 3.490000000000034852 ) ) ;
#2597 = EDGE_CURVE ( 'NONE', #249, #5126, #5077, .T. ) ;
#2598 = SURFACE_SIDE_STYLE ('',( #6413 ) ) ;
#2599 = MECHANICAL_DESIGN_GEOMETRIC_PRESENTATION_REPRESENTATION (  '', ( #5553 ), #3066 ) ;
#2600 = AXIS2_PLACEMENT_3D ( 'NONE', #1973, #4827, #5602 ) ;
#2601 =( LENGTH_UNIT ( ) NAMED_UNIT ( * ) SI_UNIT ( .MILLI., .METRE. ) );
#2602 =( GEOMETRIC_REPRESENTATION_CONTEXT ( 3 ) GLOBAL_UNCERTAINTY_ASSIGNED_CONTEXT ( ( #149 ) ) GLOBAL_UNIT_ASSIGNED_CONTEXT ( ( #8183, #159, #4055 ) ) REPRESENTATION_CONTEXT ( 'NONE', 'WORKASPACE' ) );
#2603 = ORIENTED_EDGE ( 'NONE', *, *, #9167, .F. ) ;
#2604 = CARTESIAN_POINT ( 'NONE',  ( 2.533333333333331883, -1.000000000000000000, 3.859999999999967901 ) ) ;
#2605 = PRESENTATION_STYLE_ASSIGNMENT (( #3320 ) ) ;
#2606 = VECTOR ( 'NONE', #6293, 1000.000000000000000 ) ;
#2607 = AXIS2_PLACEMENT_3D ( 'NONE', #1916, #6431, #4817 ) ;
#2608 = CARTESIAN_POINT ( 'NONE',  ( -2.750000000000001332, 0.000000000000000000, 3.740964406271120257 ) ) ;
#2609 = LINE ( 'NONE', #8387, #4764 ) ;
#2610 = ORIENTED_EDGE ( 'NONE', *, *, #7045, .F. ) ;
#2611 = AXIS2_PLACEMENT_3D ( 'NONE', #7815, #5466, #6342 ) ;
#2612 = LINE ( 'NONE', #3328, #1877 ) ;
#2613 = FACE_OUTER_BOUND ( 'NONE', #6065, .T. ) ;
#2614 =( GEOMETRIC_REPRESENTATION_CONTEXT ( 3 ) GLOBAL_UNCERTAINTY_ASSIGNED_CONTEXT ( ( #8342 ) ) GLOBAL_UNIT_ASSIGNED_CONTEXT ( ( #1095, #2741, #9174 ) ) REPRESENTATION_CONTEXT ( 'NONE', 'WORKASPACE' ) );
#2615 = VECTOR ( 'NONE', #792, 1000.000000000000000 ) ;
#2616 =( NAMED_UNIT ( * ) SI_UNIT ( $, .STERADIAN. ) SOLID_ANGLE_UNIT ( ) );
#2617 = AXIS2_PLACEMENT_3D ( 'NONE', #8658, #2059, #2014 ) ;
#2618 = CARTESIAN_POINT ( 'NONE',  ( -3.625000000000000444, 4.069999999999999396, 4.684999999999986287 ) ) ;
#2619 = EDGE_CURVE ( 'NONE', #5969, #1344, #1504, .T. ) ;
#2620 = FILL_AREA_STYLE ('',( #1164 ) ) ;
#2621 = EDGE_LOOP ( 'NONE', ( #7891, #3301, #996, #8791 ) ) ;
#2622 = PRESENTATION_LAYER_ASSIGNMENT (  '', '', ( #6830 ) ) ;
#2623 = CARTESIAN_POINT ( 'NONE',  ( -4.950000000000001066, -1.000000000000000000, 3.826666666666633798 ) ) ;
#2624 = EDGE_CURVE ( 'NONE', #328, #2676, #8173, .T. ) ;
#2625 = ORIENTED_EDGE ( 'NONE', *, *, #4304, .T. ) ;
#2626 = CIRCLE ( 'NONE', #8048, 0.2500000000000002220 ) ;
#2627 =( GEOMETRIC_REPRESENTATION_CONTEXT ( 3 ) GLOBAL_UNCERTAINTY_ASSIGNED_CONTEXT ( ( #7637 ) ) GLOBAL_UNIT_ASSIGNED_CONTEXT ( ( #6334, #7094, #8060 ) ) REPRESENTATION_CONTEXT ( 'NONE', 'WORKASPACE' ) );
#2628 = DIRECTION ( 'NONE',  ( -1.000000000000000000, -0.000000000000000000, -0.000000000000000000 ) ) ;
#2629 = EDGE_CURVE ( 'NONE', #3744, #8752, #3781, .T. ) ;
#2630 = UNCERTAINTY_MEASURE_WITH_UNIT (LENGTH_MEASURE( 1.000000000000000082E-05 ), #248, 'distance_accuracy_value', 'NONE');
#2631 = CARTESIAN_POINT ( 'NONE',  ( -0.03333333333333486637, -1.000000000000000000, 3.859999999999967901 ) ) ;
#2632 = CARTESIAN_POINT ( 'NONE',  ( 0.000000000000000000, 4.069999999999999396, 0.000000000000000000 ) ) ;
#2633 = ORIENTED_EDGE ( 'NONE', *, *, #6979, .F. ) ;
#2634 = COLOUR_RGB ( '',0.2980392156862745057, 0.2980392156862745057, 0.2980392156862745057 ) ;
#2635 = ADVANCED_FACE ( 'NONE', ( #3669 ), #6640, .T. ) ;
#2636 = LINE ( 'NONE', #8409, #8027 ) ;
#2637 =( NAMED_UNIT ( * ) PLANE_ANGLE_UNIT ( ) SI_UNIT ( $, .RADIAN. ) );
#2638 = CARTESIAN_POINT ( 'NONE',  ( 1.124999999999999112, 4.069999999999999396, 4.685000000000003162 ) ) ;
#2639 = ORIENTED_EDGE ( 'NONE', *, *, #5020, .F. ) ;
#2640 = SURFACE_STYLE_FILL_AREA ( #2460 ) ;
#2641 = DIRECTION ( 'NONE',  ( -0.000000000000000000, -1.000000000000000000, -0.000000000000000000 ) ) ;
#2642 = SURFACE_STYLE_USAGE ( .BOTH. , #4107 ) ;
#2643 = DIRECTION ( 'NONE',  ( -1.239088197126291063E-16, -0.000000000000000000, 1.000000000000000000 ) ) ;
#2644 = SURFACE_SIDE_STYLE ('',( #6356 ) ) ;
#2645 = FILL_AREA_STYLE_COLOUR ( '', #7023 ) ;
#2646 = EDGE_CURVE ( 'NONE', #7267, #9261, #6024, .T. ) ;
#2647 = CARTESIAN_POINT ( 'NONE',  ( 3.624999999999998668, 1.570000000000000062, -4.684999999999999609 ) ) ;
#2648 = DIRECTION ( 'NONE',  ( -1.000000000000000000, -0.000000000000000000, -0.000000000000000000 ) ) ;
#2649 = DIRECTION ( 'NONE',  ( -1.000000000000000000, 0.000000000000000000, -0.000000000000000000 ) ) ;
#2650 = SURFACE_STYLE_FILL_AREA ( #9227 ) ;
#2651 = DIRECTION ( 'NONE',  ( 1.000000000000000000, 0.000000000000000000, 0.000000000000000000 ) ) ;
#2652 = PRESENTATION_STYLE_ASSIGNMENT (( #8115 ) ) ;
#2653 = CARTESIAN_POINT ( 'NONE',  ( -2.550000000000002487, -1.000000000000000000, -3.760000000000031761 ) ) ;
#2654 = SURFACE_SIDE_STYLE ('',( #1949 ) ) ;
#2655 = SURFACE_STYLE_USAGE ( .BOTH. , #4847 ) ;
#2656 = COLOUR_RGB ( '',0.3176470588235293935, 0.2470588235294117752, 0.2078431372549019440 ) ;
#2657 = ADVANCED_FACE ( 'NONE', ( #1797 ), #8414, .F. ) ;
#2658 = SURFACE_SIDE_STYLE ('',( #4117 ) ) ;
#2659 = EDGE_CURVE ( 'NONE', #1529, #5238, #8229, .T. ) ;
#2660 = SURFACE_STYLE_FILL_AREA ( #1905 ) ;
#2661 =( NAMED_UNIT ( * ) PLANE_ANGLE_UNIT ( ) SI_UNIT ( $, .RADIAN. ) );
#2662 = LINE ( 'NONE', #8589, #203 ) ;
#2663 =( GEOMETRIC_REPRESENTATION_CONTEXT ( 3 ) GLOBAL_UNCERTAINTY_ASSIGNED_CONTEXT ( ( #6155 ) ) GLOBAL_UNIT_ASSIGNED_CONTEXT ( ( #9225, #577, #7206 ) ) REPRESENTATION_CONTEXT ( 'NONE', 'WORKASPACE' ) );
#2664 =( GEOMETRIC_REPRESENTATION_CONTEXT ( 3 ) GLOBAL_UNCERTAINTY_ASSIGNED_CONTEXT ( ( #3895 ) ) GLOBAL_UNIT_ASSIGNED_CONTEXT ( ( #3147, #5674, #9180 ) ) REPRESENTATION_CONTEXT ( 'NONE', 'WORKASPACE' ) );
#2665 = ORIENTED_EDGE ( 'NONE', *, *, #4291, .F. ) ;
#2666 =( NAMED_UNIT ( * ) PLANE_ANGLE_UNIT ( ) SI_UNIT ( $, .RADIAN. ) );
#2667 = PRESENTATION_LAYER_ASSIGNMENT (  '', '', ( #1912 ) ) ;
#2668 = DIRECTION ( 'NONE',  ( -0.000000000000000000, -1.000000000000000000, -0.000000000000000000 ) ) ;
#2669 = STYLED_ITEM ( 'NONE', ( #2334 ), #7777 ) ;
#2670 = ORIENTED_EDGE ( 'NONE', *, *, #5439, .T. ) ;
#2671 = DIRECTION ( 'NONE',  ( -0.7071067811865472397, -0.000000000000000000, -0.7071067811865479058 ) ) ;
#2672 = LINE ( 'NONE', #416, #8185 ) ;
#2673 = VERTEX_POINT ( 'NONE', #4006 ) ;
#2674 = CIRCLE ( 'NONE', #573, 0.2500000000000002220 ) ;
#2675 = CARTESIAN_POINT ( 'NONE',  ( -3.875000000000000888, 4.069999999999999396, -2.934999999999964970 ) ) ;
#2676 = VERTEX_POINT ( 'NONE', #150 ) ;
#2677 = STYLED_ITEM ( 'NONE', ( #4112 ), #8976 ) ;
#2678 = SURFACE_STYLE_FILL_AREA ( #5111 ) ;
#2679 = ORIENTED_EDGE ( 'NONE', *, *, #1358, .T. ) ;
#2680 = SURFACE_STYLE_USAGE ( .BOTH. , #9257 ) ;
#2681 = CARTESIAN_POINT ( 'NONE',  ( -0.8750000000000005551, 4.069999999999999396, 2.685000000000003606 ) ) ;
#2682 = DIRECTION ( 'NONE',  ( 1.000000000000000000, 0.000000000000000000, -0.000000000000000000 ) ) ;
#2683 = PLANE ( 'NONE',  #7566 ) ;
#2684 = VERTEX_POINT ( 'NONE', #957 ) ;
#2685 = SURFACE_STYLE_FILL_AREA ( #6924 ) ;
#2686 = CARTESIAN_POINT ( 'NONE',  ( 0.04999999999999883010, -1.000000000000000000, 3.759999999999968701 ) ) ;
#2687 = EDGE_LOOP ( 'NONE', ( #4491, #5766, #2325, #6345 ) ) ;
#2688 = EDGE_CURVE ( 'NONE', #6121, #9261, #1701, .T. ) ;
#2689 =( NAMED_UNIT ( * ) PLANE_ANGLE_UNIT ( ) SI_UNIT ( $, .RADIAN. ) );
#2690 =( NAMED_UNIT ( * ) SI_UNIT ( $, .STERADIAN. ) SOLID_ANGLE_UNIT ( ) );
#2691 = CARTESIAN_POINT ( 'NONE',  ( 4.749999999999997335, 0.000000000000000000, -3.740964406271183318 ) ) ;
#2692 = DIRECTION ( 'NONE',  ( 1.000000000000000000, 0.000000000000000000, -6.776263578034403699E-16 ) ) ;
#2693 = CARTESIAN_POINT ( 'NONE',  ( 0.04999999999999883010, -1.000000000000000000, 3.843333333333300406 ) ) ;
#2694 = PLANE ( 'NONE',  #6501 ) ;
#2695 = DIRECTION ( 'NONE',  ( 0.000000000000000000, -0.000000000000000000, 1.000000000000000000 ) ) ;
#2696 = FILL_AREA_STYLE_COLOUR ( '', #6729 ) ;
#2697 = EDGE_CURVE ( 'NONE', #1620, #2897, #6783, .T. ) ;
#2698 = DIRECTION ( 'NONE',  ( 0.000000000000000000, -1.000000000000000000, 0.000000000000000000 ) ) ;
#2699 = DIRECTION ( 'NONE',  ( -0.7071067811865469066, 0.000000000000000000, 0.7071067811865482389 ) ) ;
#2700 = DIRECTION ( 'NONE',  ( 1.000000000000000000, 0.000000000000000000, -6.776263578034403699E-16 ) ) ;
#2701 = CARTESIAN_POINT ( 'NONE',  ( -2.613388347648320842, -0.5000000000000000000, -3.923388347648349317 ) ) ;
#2702 = PLANE ( 'NONE',  #6263 ) ;
#2703 = CARTESIAN_POINT ( 'NONE',  ( 2.466666666666664565, -1.000000000000000000, 3.859999999999967901 ) ) ;
#2704 = FACE_OUTER_BOUND ( 'NONE', #8564, .T. ) ;
#2705 = FACE_BOUND ( 'NONE', #4760, .T. ) ;
#2706 = SURFACE_STYLE_USAGE ( .BOTH. , #3430 ) ;
#2707 = ORIENTED_EDGE ( 'NONE', *, *, #6958, .T. ) ;
#2708 = EDGE_CURVE ( 'NONE', #1631, #8236, #3721, .T. ) ;
#2709 =( NAMED_UNIT ( * ) PLANE_ANGLE_UNIT ( ) SI_UNIT ( $, .RADIAN. ) );
#2710 = DIRECTION ( 'NONE',  ( -0.7071067811865472397, 0.000000000000000000, -0.7071067811865479058 ) ) ;
#2711 = ADVANCED_FACE ( 'NONE', ( #252 ), #2314, .T. ) ;
#2712 = LINE ( 'NONE', #2564, #7424 ) ;
#2713 = ORIENTED_EDGE ( 'NONE', *, *, #1748, .T. ) ;
#2714 = DIRECTION ( 'NONE',  ( 0.000000000000000000, 0.000000000000000000, -1.000000000000000000 ) ) ;
#2715 = FACE_OUTER_BOUND ( 'NONE', #8204, .T. ) ;
#2716 = ORIENTED_EDGE ( 'NONE', *, *, #4357, .T. ) ;
#2717 =( NAMED_UNIT ( * ) PLANE_ANGLE_UNIT ( ) SI_UNIT ( $, .RADIAN. ) );
#2718 = ADVANCED_FACE ( 'NONE', ( #1935 ), #4918, .F. ) ;
#2719 = ORIENTED_EDGE ( 'NONE', *, *, #5658, .T. ) ;
#2720 = SURFACE_SIDE_STYLE ('',( #602 ) ) ;
#2721 =( GEOMETRIC_REPRESENTATION_CONTEXT ( 3 ) GLOBAL_UNCERTAINTY_ASSIGNED_CONTEXT ( ( #1653 ) ) GLOBAL_UNIT_ASSIGNED_CONTEXT ( ( #534, #3423, #6989 ) ) REPRESENTATION_CONTEXT ( 'NONE', 'WORKASPACE' ) );
#2722 = DIRECTION ( 'NONE',  ( -0.7071067811865474617, 0.000000000000000000, 0.7071067811865474617 ) ) ;
#2723 = VERTEX_POINT ( 'NONE', #9217 ) ;
#2724 = CARTESIAN_POINT ( 'NONE',  ( 1.124999999999999112, 4.069999999999999396, -4.684999999999999609 ) ) ;
#2725 = LINE ( 'NONE', #5650, #6968 ) ;
#2726 = FILL_AREA_STYLE_COLOUR ( '', #199 ) ;
#2727 = FILL_AREA_STYLE_COLOUR ( '', #826 ) ;
#2728 = EDGE_LOOP ( 'NONE', ( #8796, #3195, #5896, #7582 ) ) ;
#2729 = FACE_OUTER_BOUND ( 'NONE', #9124, .T. ) ;
#2730 = VECTOR ( 'NONE', #7962, 1000.000000000000000 ) ;
#2731 = EDGE_LOOP ( 'NONE', ( #5788, #5116, #611, #1691 ) ) ;
#2732 = SURFACE_STYLE_FILL_AREA ( #4106 ) ;
#2733 = CARTESIAN_POINT ( 'NONE',  ( 1.374999999999999334, 4.069999999999999396, 4.685000000000003162 ) ) ;
#2734 = SURFACE_STYLE_FILL_AREA ( #7918 ) ;
#2735 = CARTESIAN_POINT ( 'NONE',  ( 2.718443361963301275, 0.000000000000000000, 3.945110028629938537 ) ) ;
#2736 =( GEOMETRIC_REPRESENTATION_CONTEXT ( 3 ) GLOBAL_UNCERTAINTY_ASSIGNED_CONTEXT ( ( #2243 ) ) GLOBAL_UNIT_ASSIGNED_CONTEXT ( ( #9374, #1423, #5133 ) ) REPRESENTATION_CONTEXT ( 'NONE', 'WORKASPACE' ) );
#2737 = FACE_OUTER_BOUND ( 'NONE', #4121, .T. ) ;
#2738 =( NAMED_UNIT ( * ) PLANE_ANGLE_UNIT ( ) SI_UNIT ( $, .RADIAN. ) );
#2739 = ORIENTED_EDGE ( 'NONE', *, *, #9236, .T. ) ;
#2740 = SURFACE_SIDE_STYLE ('',( #4927 ) ) ;
#2741 =( NAMED_UNIT ( * ) PLANE_ANGLE_UNIT ( ) SI_UNIT ( $, .RADIAN. ) );
#2742 = DIRECTION ( 'NONE',  ( 0.000000000000000000, 0.000000000000000000, 1.000000000000000000 ) ) ;
#2743 = SURFACE_STYLE_USAGE ( .BOTH. , #7252 ) ;
#2744 =( GEOMETRIC_REPRESENTATION_CONTEXT ( 3 ) GLOBAL_UNCERTAINTY_ASSIGNED_CONTEXT ( ( #391 ) ) GLOBAL_UNIT_ASSIGNED_CONTEXT ( ( #6152, #4610, #3892 ) ) REPRESENTATION_CONTEXT ( 'NONE', 'WORKASPACE' ) );
#2745 = EDGE_CURVE ( 'NONE', #4722, #9406, #167, .T. ) ;
#2746 = SURFACE_STYLE_FILL_AREA ( #5675 ) ;
#2747 = FACE_OUTER_BOUND ( 'NONE', #8359, .T. ) ;
#2748 = LINE ( 'NONE', #2177, #2288 ) ;
#2749 = ORIENTED_EDGE ( 'NONE', *, *, #3587, .T. ) ;
#2750 = COLOUR_RGB ( '',0.3176470588235293935, 0.2470588235294117752, 0.2078431372549019440 ) ;
#2751 = VECTOR ( 'NONE', #7055, 999.9999999999998863 ) ;
#2752 = PRESENTATION_LAYER_ASSIGNMENT (  '', '', ( #4005 ) ) ;
#2753 = LINE ( 'NONE', #2086, #6236 ) ;
#2754 = STYLED_ITEM ( 'NONE', ( #2893 ), #3909 ) ;
#2755 = FILL_AREA_STYLE ('',( #7219 ) ) ;
#2756 = DIRECTION ( 'NONE',  ( -1.000000000000000000, 0.000000000000000000, 6.776263578034403699E-16 ) ) ;
#2757 = EDGE_LOOP ( 'NONE', ( #3465, #431, #7004, #5368 ) ) ;
#2758 = EDGE_CURVE ( 'NONE', #7299, #6126, #1888, .T. ) ;
#2759 = FILL_AREA_STYLE ('',( #3590 ) ) ;
#2760 =( NAMED_UNIT ( * ) PLANE_ANGLE_UNIT ( ) SI_UNIT ( $, .RADIAN. ) );
#2761 = STYLED_ITEM ( 'NONE', ( #1647 ), #4236 ) ;
#2762 = CARTESIAN_POINT ( 'NONE',  ( 5.176776695296635644, 0.000000000000000000, 3.633223304703330658 ) ) ;
#2763 = ORIENTED_EDGE ( 'NONE', *, *, #5063, .T. ) ;
#2764 = DIRECTION ( 'NONE',  ( -0.7071067811865469066, 0.000000000000000000, 0.7071067811865482389 ) ) ;
#2765 = ORIENTED_EDGE ( 'NONE', *, *, #1934, .F. ) ;
#2766 = SURFACE_STYLE_FILL_AREA ( #6572 ) ;
#2767 = PRESENTATION_LAYER_ASSIGNMENT (  '', '', ( #1139 ) ) ;
#2768 = VECTOR ( 'NONE', #3920, 1000.000000000000114 ) ;
#2769 = LINE ( 'NONE', #3448, #8968 ) ;
#2770 =( NAMED_UNIT ( * ) PLANE_ANGLE_UNIT ( ) SI_UNIT ( $, .RADIAN. ) );
#2771 = VERTEX_POINT ( 'NONE', #7819 ) ;
#2772 = SURFACE_STYLE_FILL_AREA ( #2381 ) ;
#2773 = ADVANCED_FACE ( 'NONE', ( #4143 ), #7110, .F. ) ;
#2774 = DIRECTION ( 'NONE',  ( -0.000000000000000000, -1.000000000000000000, -0.000000000000000000 ) ) ;
#2775 =( GEOMETRIC_REPRESENTATION_CONTEXT ( 3 ) GLOBAL_UNCERTAINTY_ASSIGNED_CONTEXT ( ( #8259 ) ) GLOBAL_UNIT_ASSIGNED_CONTEXT ( ( #2792, #8503, #580 ) ) REPRESENTATION_CONTEXT ( 'NONE', 'WORKASPACE' ) );
#2776 = DIRECTION ( 'NONE',  ( -0.000000000000000000, 1.000000000000000000, 0.000000000000000000 ) ) ;
#2777 = ORIENTED_EDGE ( 'NONE', *, *, #7802, .T. ) ;
#2778 = CLOSED_SHELL ( 'NONE', ( #7675, #5826, #3176, #8311, #7485, #5078 ) ) ;
#2779 = COLOUR_RGB ( '',0.3176470588235293935, 0.2470588235294117752, 0.2078431372549019440 ) ;
#2780 = AXIS2_PLACEMENT_3D ( 'NONE', #6671, #4430, #649 ) ;
#2781 = LINE ( 'NONE', #8665, #1870 ) ;
#2782 = EDGE_LOOP ( 'NONE', ( #4322, #9212, #5881, #2583 ) ) ;
#2783 = FACE_OUTER_BOUND ( 'NONE', #7481, .T. ) ;
#2784 = STYLED_ITEM ( 'NONE', ( #6025 ), #5996 ) ;
#2785 =( GEOMETRIC_REPRESENTATION_CONTEXT ( 3 ) GLOBAL_UNCERTAINTY_ASSIGNED_CONTEXT ( ( #7970 ) ) GLOBAL_UNIT_ASSIGNED_CONTEXT ( ( #8560, #3991, #7046 ) ) REPRESENTATION_CONTEXT ( 'NONE', 'WORKASPACE' ) );
#2786 = SURFACE_STYLE_USAGE ( .BOTH. , #762 ) ;
#2787 = MECHANICAL_DESIGN_GEOMETRIC_PRESENTATION_REPRESENTATION (  '', ( #9082 ), #4964 ) ;
#2788 = CARTESIAN_POINT ( 'NONE',  ( 2.749999999999998224, 0.000000000000000000, 3.740964406271118925 ) ) ;
#2789 = ORIENTED_EDGE ( 'NONE', *, *, #9253, .T. ) ;
#2790 = CARTESIAN_POINT ( 'NONE',  ( 7.620000000000000995, 1.570000000000000062, 6.350000000000001421 ) ) ;
#2791 = DIRECTION ( 'NONE',  ( 1.000000000000000000, 0.000000000000000000, -0.000000000000000000 ) ) ;
#2792 =( LENGTH_UNIT ( ) NAMED_UNIT ( * ) SI_UNIT ( .MILLI., .METRE. ) );
#2793 = ORIENTED_EDGE ( 'NONE', *, *, #8081, .T. ) ;
#2794 = UNCERTAINTY_MEASURE_WITH_UNIT (LENGTH_MEASURE( 1.000000000000000082E-05 ), #4433, 'distance_accuracy_value', 'NONE');
#2795 = STYLED_ITEM ( 'NONE', ( #1754 ), #1937 ) ;
#2796 = CARTESIAN_POINT ( 'NONE',  ( -2.180000000000001048, 10.06999999999999851, -4.129999999999965254 ) ) ;
#2797 =( NAMED_UNIT ( * ) SI_UNIT ( $, .STERADIAN. ) SOLID_ANGLE_UNIT ( ) );
#2798 = DIRECTION ( 'NONE',  ( -0.7071067811865472397, 0.000000000000000000, 0.7071067811865479058 ) ) ;
#2799 = VECTOR ( 'NONE', #4993, 1000.000000000000000 ) ;
#2800 = LINE ( 'NONE', #5782, #7474 ) ;
#2801 = PRESENTATION_STYLE_ASSIGNMENT (( #8684 ) ) ;
#2802 = PLANE ( 'NONE',  #4854 ) ;
#2803 =( NAMED_UNIT ( * ) PLANE_ANGLE_UNIT ( ) SI_UNIT ( $, .RADIAN. ) );
#2804 = LINE ( 'NONE', #5786, #5397 ) ;
#2805 = ORIENTED_EDGE ( 'NONE', *, *, #2964, .F. ) ;
#2806 =( GEOMETRIC_REPRESENTATION_CONTEXT ( 3 ) GLOBAL_UNCERTAINTY_ASSIGNED_CONTEXT ( ( #4400 ) ) GLOBAL_UNIT_ASSIGNED_CONTEXT ( ( #1980, #4981, #7343 ) ) REPRESENTATION_CONTEXT ( 'NONE', 'WORKASPACE' ) );
#2807 = EDGE_CURVE ( 'NONE', #742, #4132, #614, .T. ) ;
#2808 =( LENGTH_UNIT ( ) NAMED_UNIT ( * ) SI_UNIT ( .MILLI., .METRE. ) );
#2809 = ORIENTED_EDGE ( 'NONE', *, *, #6834, .T. ) ;
#2810 =( GEOMETRIC_REPRESENTATION_CONTEXT ( 3 ) GLOBAL_UNCERTAINTY_ASSIGNED_CONTEXT ( ( #3280 ) ) GLOBAL_UNIT_ASSIGNED_CONTEXT ( ( #9282, #1988, #3474 ) ) REPRESENTATION_CONTEXT ( 'NONE', 'WORKASPACE' ) );
#2811 = COLOUR_RGB ( '',0.2862745098039215508, 0.6627450980392156632, 0.3294117647058823484 ) ;
#2812 = SURFACE_STYLE_FILL_AREA ( #2759 ) ;
#2813 = CARTESIAN_POINT ( 'NONE',  ( -2.179999999999999272, 10.06999999999999851, 4.130000000000034532 ) ) ;
#2814 = VERTEX_POINT ( 'NONE', #3505 ) ;
#2815 = EDGE_CURVE ( 'NONE', #5687, #7991, #9356, .T. ) ;
#2816 = DIRECTION ( 'NONE',  ( 1.000000000000000000, 0.000000000000000000, 0.000000000000000000 ) ) ;
#2817 = ORIENTED_EDGE ( 'NONE', *, *, #2344, .F. ) ;
#2818 = STYLED_ITEM ( 'NONE', ( #2367 ), #8015 ) ;
#2819 = DIRECTION ( 'NONE',  ( -0.000000000000000000, -1.000000000000000000, -0.000000000000000000 ) ) ;
#2820 = SURFACE_SIDE_STYLE ('',( #9400 ) ) ;
#2821 = DIRECTION ( 'NONE',  ( -0.000000000000000000, -1.000000000000000000, -0.000000000000000000 ) ) ;
#2822 = ORIENTED_EDGE ( 'NONE', *, *, #9319, .F. ) ;
#2823 = DIRECTION ( 'NONE',  ( 1.000000000000000000, 0.000000000000000000, -6.776263578034403699E-16 ) ) ;
#2824 = FILL_AREA_STYLE_COLOUR ( '', #6197 ) ;
#2825 = VECTOR ( 'NONE', #3817, 1000.000000000000000 ) ;
#2826 = CARTESIAN_POINT ( 'NONE',  ( 2.635110028629967793, 0.000000000000000000, 3.591556638036664584 ) ) ;
#2827 = PRESENTATION_LAYER_ASSIGNMENT (  '', '', ( #9421 ) ) ;
#2828 = SURFACE_STYLE_FILL_AREA ( #658 ) ;
#2829 = ORIENTED_EDGE ( 'NONE', *, *, #3655, .F. ) ;
#2830 = DIRECTION ( 'NONE',  ( 0.7071067811865482389, 0.000000000000000000, -0.7071067811865469066 ) ) ;
#2831 = SURFACE_STYLE_USAGE ( .BOTH. , #6627 ) ;
#2832 = VERTEX_POINT ( 'NONE', #5024 ) ;
#2833 = UNCERTAINTY_MEASURE_WITH_UNIT (LENGTH_MEASURE( 1.000000000000000082E-05 ), #2428, 'distance_accuracy_value', 'NONE');
#2834 = VECTOR ( 'NONE', #9275, 1000.000000000000000 ) ;
#2835 = MECHANICAL_DESIGN_GEOMETRIC_PRESENTATION_REPRESENTATION (  '', ( #8094 ), #7319 ) ;
#2836 = COLOUR_RGB ( '',0.3176470588235293935, 0.2470588235294117752, 0.2078431372549019440 ) ;
#2837 = CARTESIAN_POINT ( 'NONE',  ( 4.823223304703359915, 0.000000000000000000, -3.986776695296667672 ) ) ;
#2838 = ADVANCED_FACE ( 'NONE', ( #2783 ), #639, .F. ) ;
#2839 = CARTESIAN_POINT ( 'NONE',  ( 4.679999999999998828, 10.06999999999999851, -3.489999999999965574 ) ) ;
#2840 = VERTEX_POINT ( 'NONE', #8095 ) ;
#2841 = LINE ( 'NONE', #2939, #1449 ) ;
#2842 = CARTESIAN_POINT ( 'NONE',  ( -2.323223304703363912, 0.000000000000000000, 3.986776695296605943 ) ) ;
#2843 =( NAMED_UNIT ( * ) SI_UNIT ( $, .STERADIAN. ) SOLID_ANGLE_UNIT ( ) );
#2844 = FACE_OUTER_BOUND ( 'NONE', #122, .T. ) ;
#2845 = ORIENTED_EDGE ( 'NONE', *, *, #5171, .F. ) ;
#2846 = CARTESIAN_POINT ( 'NONE',  ( -3.375000000000000444, 1.570000000000000062, 2.684999999999986287 ) ) ;
#2847 =( NAMED_UNIT ( * ) PLANE_ANGLE_UNIT ( ) SI_UNIT ( $, .RADIAN. ) );
#2848 = B_SPLINE_SURFACE_WITH_KNOTS ( 'NONE', 3, 1, ( 
 ( #1112, #7183 ),
 ( #1159, #4088 ),
 ( #595, #1861 ),
 ( #4040, #3282 ),
 ( #1911, #5589 ),
 ( #3482, #7756 ) ),
 .UNSPECIFIED., .F., .F., .F.,
 ( 4, 2, 4 ),
 ( 2, 2 ),
 ( 0.000000000000000000, 0.5000000000000000000, 1.000000000000000000 ),
 ( 0.000000000000000000, 1.000000000000000000 ),
 .UNSPECIFIED. ) ;
#2849 = CARTESIAN_POINT ( 'NONE',  ( 2.533333333333330994, -1.000000000000000000, -3.760000000000031761 ) ) ;
#2850 = CARTESIAN_POINT ( 'NONE',  ( 5.249999999999998224, 0.000000000000000000, 3.740964406271118925 ) ) ;
#2851 = CARTESIAN_POINT ( 'NONE',  ( 4.966666666666663232, -1.000000000000000000, -3.760000000000031761 ) ) ;
#2852 = SURFACE_SIDE_STYLE ('',( #3736 ) ) ;
#2853 = DIRECTION ( 'NONE',  ( 1.000000000000000000, 0.000000000000000000, -4.956352788505162282E-16 ) ) ;
#2854 = SURFACE_STYLE_USAGE ( .BOTH. , #4939 ) ;
#2855 = SURFACE_STYLE_USAGE ( .BOTH. , #7 ) ;
#2856 = VERTEX_POINT ( 'NONE', #11 ) ;
#2857 = ORIENTED_EDGE ( 'NONE', *, *, #8997, .F. ) ;
#2858 = FILL_AREA_STYLE_COLOUR ( '', #691 ) ;
#2859 = FILL_AREA_STYLE ('',( #741 ) ) ;
#2860 = ORIENTED_EDGE ( 'NONE', *, *, #6007, .T. ) ;
#2861 = LINE ( 'NONE', #5841, #9188 ) ;
#2862 = DIRECTION ( 'NONE',  ( 0.000000000000000000, -0.000000000000000000, 1.000000000000000000 ) ) ;
#2863 = ADVANCED_FACE ( 'NONE', ( #4271 ), #9388, .F. ) ;
#2864 = SURFACE_SIDE_STYLE ('',( #3591 ) ) ;
#2865 = ORIENTED_EDGE ( 'NONE', *, *, #7365, .T. ) ;
#2866 = FILL_AREA_STYLE ('',( #9294 ) ) ;
#2867 = VERTEX_POINT ( 'NONE', #5792 ) ;
#2868 = CARTESIAN_POINT ( 'NONE',  ( 1.374999999999999334, 1.570000000000000062, 4.685000000000003162 ) ) ;
#2869 = CARTESIAN_POINT ( 'NONE',  ( -2.250000000000001776, 0.000000000000000000, -3.740964406271182874 ) ) ;
#2870 = EDGE_CURVE ( 'NONE', #6996, #3142, #7944, .T. ) ;
#2871 = VERTEX_POINT ( 'NONE', #4321 ) ;
#2872 = DIRECTION ( 'NONE',  ( 0.000000000000000000, 0.000000000000000000, 1.000000000000000000 ) ) ;
#2873 = EDGE_LOOP ( 'NONE', ( #5409, #8400, #5005, #6835 ) ) ;
#2874 =( NAMED_UNIT ( * ) SI_UNIT ( $, .STERADIAN. ) SOLID_ANGLE_UNIT ( ) );
#2875 = UNCERTAINTY_MEASURE_WITH_UNIT (LENGTH_MEASURE( 1.000000000000000082E-05 ), #3455, 'distance_accuracy_value', 'NONE');
#2876 = CARTESIAN_POINT ( 'NONE',  ( 2.179999999999998828, 10.06999999999999851, -3.489999999999965574 ) ) ;
#2877 = EDGE_LOOP ( 'NONE', ( #377, #1108, #5538, #7230 ) ) ;
#2878 = CARTESIAN_POINT ( 'NONE',  ( 2.549999999999998490, -1.000000000000000000, 3.793333333333300583 ) ) ;
#2879 = VERTEX_POINT ( 'NONE', #5144 ) ;
#2880 = LINE ( 'NONE', #8071, #6855 ) ;
#2881 = LINE ( 'NONE', #5862, #3593 ) ;
#2882 = COLOUR_RGB ( '',0.3176470588235293935, 0.2470588235294117752, 0.2078431372549019440 ) ;
#2883 = ORIENTED_EDGE ( 'NONE', *, *, #7053, .F. ) ;
#2884 = ADVANCED_FACE ( 'NONE', ( #8789 ), #8856, .T. ) ;
#2885 = UNCERTAINTY_MEASURE_WITH_UNIT (LENGTH_MEASURE( 1.000000000000000082E-05 ), #6709, 'distance_accuracy_value', 'NONE');
#2886 = CARTESIAN_POINT ( 'NONE',  ( -2.550000000000002487, -1.000000000000000000, -3.760000000000031761 ) ) ;
#2887 = ADVANCED_FACE ( 'NONE', ( #8282 ), #3887, .F. ) ;
#2888 = DIRECTION ( 'NONE',  ( -1.000000000000000000, 0.000000000000000000, 0.000000000000000000 ) ) ;
#2889 = CARTESIAN_POINT ( 'NONE',  ( 1.124999999999999112, 1.570000000000000062, -2.935000000000000053 ) ) ;
#2890 = DIRECTION ( 'NONE',  ( -0.1247869418429871646, -0.9843050534722198597, 0.1247869418429884414 ) ) ;
#2891 = CARTESIAN_POINT ( 'NONE',  ( 5.049999999999998934, -1.000000000000000000, 3.843333333333300406 ) ) ;
#2892 = CARTESIAN_POINT ( 'NONE',  ( 2.676776695296635200, 0.000000000000000000, -3.633223304703394163 ) ) ;
#2893 = PRESENTATION_STYLE_ASSIGNMENT (( #8557 ) ) ;
#2894 = DIRECTION ( 'NONE',  ( -1.000000000000000000, 0.000000000000000000, -0.000000000000000000 ) ) ;
#2895 = VECTOR ( 'NONE', #8261, 1000.000000000000000 ) ;
#2896 = DIRECTION ( 'NONE',  ( 0.000000000000000000, 0.000000000000000000, -1.000000000000000000 ) ) ;
#2897 = VERTEX_POINT ( 'NONE', #7650 ) ;
#2898 = STYLED_ITEM ( 'NONE', ( #8515 ), #1124 ) ;
#2899 =( LENGTH_UNIT ( ) NAMED_UNIT ( * ) SI_UNIT ( .MILLI., .METRE. ) );
#2900 = VECTOR ( 'NONE', #6674, 1000.000000000000000 ) ;
#2901 =( LENGTH_UNIT ( ) NAMED_UNIT ( * ) SI_UNIT ( .MILLI., .METRE. ) );
#2902 = VERTEX_POINT ( 'NONE', #1720 ) ;
#2903 = VECTOR ( 'NONE', #2774, 1000.000000000000000 ) ;
#2904 = AXIS2_PLACEMENT_3D ( 'NONE', #9403, #2096, #3496 ) ;
#2905 = DIRECTION ( 'NONE',  ( -0.000000000000000000, -1.000000000000000000, -0.000000000000000000 ) ) ;
#2906 =( LENGTH_UNIT ( ) NAMED_UNIT ( * ) SI_UNIT ( .MILLI., .METRE. ) );
#2907 = ORIENTED_EDGE ( 'NONE', *, *, #1150, .T. ) ;
#2908 = COLOUR_RGB ( '',0.2980392156862745057, 0.2980392156862745057, 0.2980392156862745057 ) ;
#2909 = PRESENTATION_LAYER_ASSIGNMENT (  '', '', ( #808 ) ) ;
#2910 = PRESENTATION_STYLE_ASSIGNMENT (( #8797 ) ) ;
#2911 = ORIENTED_EDGE ( 'NONE', *, *, #5567, .F. ) ;
#2912 = STYLED_ITEM ( 'NONE', ( #5102 ), #7900 ) ;
#2913 = SURFACE_SIDE_STYLE ('',( #20 ) ) ;
#2914 = FILL_AREA_STYLE ('',( #6810 ) ) ;
#2915 = STYLED_ITEM ( 'NONE', ( #5493 ), #4841 ) ;
#2916 = EDGE_CURVE ( 'NONE', #714, #2867, #211, .T. ) ;
#2917 = LINE ( 'NONE', #2197, #343 ) ;
#2918 = VECTOR ( 'NONE', #3416, 1000.000000000000000 ) ;
#2919 = EDGE_LOOP ( 'NONE', ( #3536, #3442, #6670, #1499 ) ) ;
#2920 = CARTESIAN_POINT ( 'NONE',  ( -5.176776695296640973, 0.000000000000000000, -3.633223304703395939 ) ) ;
#2921 = DIRECTION ( 'NONE',  ( -1.000000000000000000, 0.000000000000000000, -0.000000000000000000 ) ) ;
#2922 = SURFACE_STYLE_USAGE ( .BOTH. , #5167 ) ;
#2923 = VERTEX_POINT ( 'NONE', #3047 ) ;
#2924 =( GEOMETRIC_REPRESENTATION_CONTEXT ( 3 ) GLOBAL_UNCERTAINTY_ASSIGNED_CONTEXT ( ( #7049 ) ) GLOBAL_UNIT_ASSIGNED_CONTEXT ( ( #6566, #8650, #4274 ) ) REPRESENTATION_CONTEXT ( 'NONE', 'WORKASPACE' ) );
#2925 = CARTESIAN_POINT ( 'NONE',  ( -3.625000000000000444, 4.069999999999999396, 2.934999999999986287 ) ) ;
#2926 =( NAMED_UNIT ( * ) SI_UNIT ( $, .STERADIAN. ) SOLID_ANGLE_UNIT ( ) );
#2927 = CARTESIAN_POINT ( 'NONE',  ( 3.374999999999999112, 4.069999999999999396, -4.935000000000000497 ) ) ;
#2928 = B_SPLINE_SURFACE_WITH_KNOTS ( 'NONE', 3, 1, ( 
 ( #7067, #5619 ),
 ( #8579, #5916 ),
 ( #803, #1542 ),
 ( #6685, #8158 ),
 ( #4488, #87 ),
 ( #3708, #2985 ) ),
 .UNSPECIFIED., .F., .F., .F.,
 ( 4, 2, 4 ),
 ( 2, 2 ),
 ( 0.000000000000000000, 0.5000000000000000000, 1.000000000000000000 ),
 ( 0.000000000000000000, 1.000000000000000000 ),
 .UNSPECIFIED. ) ;
#2929 = ORIENTED_EDGE ( 'NONE', *, *, #2947, .F. ) ;
#2930 = PRESENTATION_LAYER_ASSIGNMENT (  '', '', ( #1715 ) ) ;
#2931 = ADVANCED_FACE ( 'NONE', ( #4663 ), #3182, .F. ) ;
#2932 = ADVANCED_FACE ( 'NONE', ( #9102 ), #4887, .F. ) ;
#2933 = COLOUR_RGB ( '',0.3176470588235293935, 0.2470588235294117752, 0.2078431372549019440 ) ;
#2934 = UNCERTAINTY_MEASURE_WITH_UNIT (LENGTH_MEASURE( 1.000000000000000082E-05 ), #2207, 'distance_accuracy_value', 'NONE');
#2935 = EDGE_CURVE ( 'NONE', #6433, #249, #482, .T. ) ;
#2936 = EDGE_LOOP ( 'NONE', ( #4429, #5546, #811, #9295 ) ) ;
#2937 = COLOUR_RGB ( '',0.3176470588235293935, 0.2470588235294117752, 0.2078431372549019440 ) ;
#2938 =( GEOMETRIC_REPRESENTATION_CONTEXT ( 3 ) GLOBAL_UNCERTAINTY_ASSIGNED_CONTEXT ( ( #460 ) ) GLOBAL_UNIT_ASSIGNED_CONTEXT ( ( #3162, #4634, #6871 ) ) REPRESENTATION_CONTEXT ( 'NONE', 'WORKASPACE' ) );
#2939 = CARTESIAN_POINT ( 'NONE',  ( 3.374999999999999112, 4.069999999999999396, 4.935000000000004050 ) ) ;
#2940 = CARTESIAN_POINT ( 'NONE',  ( -2.819999999999998952, 10.06999999999999851, 3.490000000000034852 ) ) ;
#2941 = CARTESIAN_POINT ( 'NONE',  ( 5.874999999999999112, 1.570000000000000062, 2.685000000000003606 ) ) ;
#2942 = VECTOR ( 'NONE', #5639, 1000.000000000000000 ) ;
#2943 = SURFACE_SIDE_STYLE ('',( #7297 ) ) ;
#2944 = ADVANCED_FACE ( 'NONE', ( #8586 ), #4026, .T. ) ;
#2945 = ORIENTED_EDGE ( 'NONE', *, *, #3952, .F. ) ;
#2946 = CARTESIAN_POINT ( 'NONE',  ( 3.874999999999999556, 1.570000000000000062, -2.935000000000000053 ) ) ;
#2947 = EDGE_CURVE ( 'NONE', #8138, #7047, #1101, .T. ) ;
#2948 = CARTESIAN_POINT ( 'NONE',  ( -1.375000000000001110, 1.570000000000000062, -4.684999999999982734 ) ) ;
#2949 = VECTOR ( 'NONE', #858, 1000.000000000000114 ) ;
#2950 = VECTOR ( 'NONE', #646, 999.9999999999998863 ) ;
#2951 = STYLED_ITEM ( 'NONE', ( #7440 ), #1535 ) ;
#2952 = CARTESIAN_POINT ( 'NONE',  ( -0.05000000000000143219, -1.000000000000000000, 3.759999999999968701 ) ) ;
#2953 = SURFACE_STYLE_FILL_AREA ( #2040 ) ;
#2954 = DIRECTION ( 'NONE',  ( -0.000000000000000000, -0.000000000000000000, -1.000000000000000000 ) ) ;
#2955 = SURFACE_STYLE_FILL_AREA ( #2323 ) ;
#2956 = AXIS2_PLACEMENT_3D ( 'NONE', #6428, #4857, #2710 ) ;
#2957 = VECTOR ( 'NONE', #1328, 1000.000000000000000 ) ;
#2958 = AXIS2_PLACEMENT_3D ( 'NONE', #7925, #1282, #4788 ) ;
#2959 = CARTESIAN_POINT ( 'NONE',  ( -1.125000000000000666, 4.069999999999999396, 2.935000000000003606 ) ) ;
#2960 = EDGE_LOOP ( 'NONE', ( #469, #8070, #5834, #3619 ) ) ;
#2961 = ORIENTED_EDGE ( 'NONE', *, *, #4673, .T. ) ;
#2962 = DIRECTION ( 'NONE',  ( -0.000000000000000000, -0.000000000000000000, -1.000000000000000000 ) ) ;
#2963 = VECTOR ( 'NONE', #1767, 999.9999999999998863 ) ;
#2964 = EDGE_CURVE ( 'NONE', #8522, #3232, #5525, .T. ) ;
#2965 = FACE_OUTER_BOUND ( 'NONE', #3634, .T. ) ;
#2966 = PRESENTATION_STYLE_ASSIGNMENT (( #7271 ) ) ;
#2967 = ORIENTED_EDGE ( 'NONE', *, *, #6142, .T. ) ;
#2968 =( NAMED_UNIT ( * ) PLANE_ANGLE_UNIT ( ) SI_UNIT ( $, .RADIAN. ) );
#2969 = CARTESIAN_POINT ( 'NONE',  ( -3.625000000000000444, 1.570000000000000062, -2.934999999999982734 ) ) ;
#2970 = VECTOR ( 'NONE', #1800, 1000.000000000000000 ) ;
#2971 = ORIENTED_EDGE ( 'NONE', *, *, #7789, .F. ) ;
#2972 = UNCERTAINTY_MEASURE_WITH_UNIT (LENGTH_MEASURE( 1.000000000000000082E-05 ), #2901, 'distance_accuracy_value', 'NONE');
#2973 = CARTESIAN_POINT ( 'NONE',  ( -0.1767766952966397243, 0.000000000000000000, 3.986776695296604167 ) ) ;
#2974 = EDGE_LOOP ( 'NONE', ( #5927, #3008, #5740, #9181 ) ) ;
#2975 = CARTESIAN_POINT ( 'NONE',  ( -6.125000000000000888, 1.570000000000000062, 4.684999999999968523 ) ) ;
#2976 = AXIS2_PLACEMENT_3D ( 'NONE', #3507, #1407, #4253 ) ;
#2977 =( LENGTH_UNIT ( ) NAMED_UNIT ( * ) SI_UNIT ( .MILLI., .METRE. ) );
#2978 = CARTESIAN_POINT ( 'NONE',  ( 3.374999999999999112, 4.069999999999999396, 2.685000000000003606 ) ) ;
#2979 = CARTESIAN_POINT ( 'NONE',  ( 5.049999999999998934, -1.000000000000000000, 3.759999999999968701 ) ) ;
#2980 =( LENGTH_UNIT ( ) NAMED_UNIT ( * ) SI_UNIT ( .MILLI., .METRE. ) );
#2981 = ORIENTED_EDGE ( 'NONE', *, *, #6403, .T. ) ;
#2982 = DIRECTION ( 'NONE',  ( -0.000000000000000000, -1.000000000000000000, -0.000000000000000000 ) ) ;
#2983 = VECTOR ( 'NONE', #8716, 1000.000000000000114 ) ;
#2984 = UNCERTAINTY_MEASURE_WITH_UNIT (LENGTH_MEASURE( 1.000000000000000082E-05 ), #7018, 'distance_accuracy_value', 'NONE');
#2985 = CARTESIAN_POINT ( 'NONE',  ( -4.950000000000001954, -1.000000000000000000, -3.760000000000031761 ) ) ;
#2986 = AXIS2_PLACEMENT_3D ( 'NONE', #8150, #7476, #3805 ) ;
#2987 = FACE_OUTER_BOUND ( 'NONE', #2178, .T. ) ;
#2988 = EDGE_LOOP ( 'NONE', ( #3777, #4224, #2232, #8878 ) ) ;
#2989 = UNCERTAINTY_MEASURE_WITH_UNIT (LENGTH_MEASURE( 1.000000000000000082E-05 ), #1168, 'distance_accuracy_value', 'NONE');
#2990 = STYLED_ITEM ( 'NONE', ( #2537 ), #8389 ) ;
#2991 = ORIENTED_EDGE ( 'NONE', *, *, #4822, .T. ) ;
#2992 = MECHANICAL_DESIGN_GEOMETRIC_PRESENTATION_REPRESENTATION (  '', ( #7321 ), #4695 ) ;
#2993 = DIRECTION ( 'NONE',  ( -1.000000000000000000, -0.000000000000000000, -0.000000000000000000 ) ) ;
#2994 = FILL_AREA_STYLE_COLOUR ( '', #5415 ) ;
#2995 =( NAMED_UNIT ( * ) SI_UNIT ( $, .STERADIAN. ) SOLID_ANGLE_UNIT ( ) );
#2996 = ORIENTED_EDGE ( 'NONE', *, *, #9469, .F. ) ;
#2997 = EDGE_CURVE ( 'NONE', #8, #7273, #4800, .T. ) ;
#2998 = PRESENTATION_STYLE_ASSIGNMENT (( #5774 ) ) ;
#2999 = VECTOR ( 'NONE', #8514, 999.9999999999998863 ) ;
#3000 = DIRECTION ( 'NONE',  ( -0.000000000000000000, -0.000000000000000000, -1.000000000000000000 ) ) ;
#3001 =( LENGTH_UNIT ( ) NAMED_UNIT ( * ) SI_UNIT ( .MILLI., .METRE. ) );
#3002 = CARTESIAN_POINT ( 'NONE',  ( -0.05000000000000143219, -1.000000000000000000, 3.759999999999968701 ) ) ;
#3003 = DIRECTION ( 'NONE',  ( 0.000000000000000000, 0.000000000000000000, 1.000000000000000000 ) ) ;
#3004 = FILL_AREA_STYLE ('',( #6177 ) ) ;
#3005 = ADVANCED_FACE ( 'NONE', ( #7879 ), #3519, .F. ) ;
#3006 =( GEOMETRIC_REPRESENTATION_CONTEXT ( 3 ) GLOBAL_UNCERTAINTY_ASSIGNED_CONTEXT ( ( #4586 ) ) GLOBAL_UNIT_ASSIGNED_CONTEXT ( ( #8726, #8182, #1016 ) ) REPRESENTATION_CONTEXT ( 'NONE', 'WORKASPACE' ) );
#3007 =( LENGTH_UNIT ( ) NAMED_UNIT ( * ) SI_UNIT ( .MILLI., .METRE. ) );
#3008 = ORIENTED_EDGE ( 'NONE', *, *, #2646, .T. ) ;
#3009 = EDGE_CURVE ( 'NONE', #7491, #1493, #1465, .T. ) ;
#3010 = ORIENTED_EDGE ( 'NONE', *, *, #5158, .F. ) ;
#3011 = PLANE ( 'NONE',  #1744 ) ;
#3012 = VERTEX_POINT ( 'NONE', #4994 ) ;
#3013 = CARTESIAN_POINT ( 'NONE',  ( 2.549999999999997602, -1.000000000000000000, -3.860000000000031406 ) ) ;
#3014 = FILL_AREA_STYLE ('',( #4469 ) ) ;
#3015 = EDGE_LOOP ( 'NONE', ( #6384, #2777, #4962, #8740 ) ) ;
#3016 = UNCERTAINTY_MEASURE_WITH_UNIT (LENGTH_MEASURE( 1.000000000000000082E-05 ), #2576, 'distance_accuracy_value', 'NONE');
#3017 = ORIENTED_EDGE ( 'NONE', *, *, #1157, .T. ) ;
#3018 = ADVANCED_FACE ( 'NONE', ( #8028 ), #3873, .T. ) ;
#3019 = DIRECTION ( 'NONE',  ( 0.1247869418429880528, -0.9843050534722200817, 0.1247869418429867622 ) ) ;
#3020 = CARTESIAN_POINT ( 'NONE',  ( -3.625000000000000444, 4.069999999999999396, 4.684999999999986287 ) ) ;
#3021 = SURFACE_STYLE_USAGE ( .BOTH. , #231 ) ;
#3022 = FILL_AREA_STYLE_COLOUR ( '', #1989 ) ;
#3023 = CARTESIAN_POINT ( 'NONE',  ( -5.050000000000002487, -1.000000000000000000, -3.843333333333365243 ) ) ;
#3024 = CARTESIAN_POINT ( 'NONE',  ( 2.466666666666663676, -1.000000000000000000, 3.759999999999968701 ) ) ;
#3025 = VERTEX_POINT ( 'NONE', #2952 ) ;
#3026 = LINE ( 'NONE', #2296, #532 ) ;
#3027 = EDGE_LOOP ( 'NONE', ( #7971, #8782, #2929, #5352 ) ) ;
#3028 = CARTESIAN_POINT ( 'NONE',  ( 0.3200000000000008393, 10.06999999999999851, 3.490000000000034852 ) ) ;
#3029 = PLANE ( 'NONE',  #7694 ) ;
#3030 = ORIENTED_EDGE ( 'NONE', *, *, #4734, .F. ) ;
#3031 = DIRECTION ( 'NONE',  ( -0.7071067811865469066, -0.000000000000000000, 0.7071067811865482389 ) ) ;
#3032 = CARTESIAN_POINT ( 'NONE',  ( -0.2500000000000019429, 0.000000000000000000, -3.879035593728879849 ) ) ;
#3033 = LINE ( 'NONE', #8719, #4031 ) ;
#3034 = ORIENTED_EDGE ( 'NONE', *, *, #6142, .F. ) ;
#3035 = FILL_AREA_STYLE ('',( #104 ) ) ;
#3036 = VECTOR ( 'NONE', #970, 1000.000000000000000 ) ;
#3037 = PRESENTATION_STYLE_ASSIGNMENT (( #8232 ) ) ;
#3038 = SURFACE_STYLE_USAGE ( .BOTH. , #6139 ) ;
#3039 = EDGE_CURVE ( 'NONE', #8831, #2684, #7305, .T. ) ;
#3040 = FILL_AREA_STYLE ('',( #886 ) ) ;
#3041 = ORIENTED_EDGE ( 'NONE', *, *, #1663, .F. ) ;
#3042 = DIRECTION ( 'NONE',  ( -0.000000000000000000, -0.000000000000000000, -1.000000000000000000 ) ) ;
#3043 = ADVANCED_FACE ( 'NONE', ( #7406 ), #828, .T. ) ;
#3044 = SURFACE_STYLE_USAGE ( .BOTH. , #4522 ) ;
#3045 = ADVANCED_FACE ( 'NONE', ( #7541 ), #154, .F. ) ;
#3046 =( NAMED_UNIT ( * ) SI_UNIT ( $, .STERADIAN. ) SOLID_ANGLE_UNIT ( ) );
#3047 = CARTESIAN_POINT ( 'NONE',  ( -3.875000000000000888, 1.570000000000000062, -2.934999999999964970 ) ) ;
#3048 = ORIENTED_EDGE ( 'NONE', *, *, #6568, .F. ) ;
#3049 = CARTESIAN_POINT ( 'NONE',  ( -2.323223304703364800, 0.000000000000000000, -3.633223304703394163 ) ) ;
#3050 = CARTESIAN_POINT ( 'NONE',  ( -5.319999999999999396, 10.06999999999999851, 3.490000000000034852 ) ) ;
#3051 =( NAMED_UNIT ( * ) PLANE_ANGLE_UNIT ( ) SI_UNIT ( $, .RADIAN. ) );
#3052 = ORIENTED_EDGE ( 'NONE', *, *, #5063, .F. ) ;
#3053 = EDGE_LOOP ( 'NONE', ( #5642, #6632, #932, #1180 ) ) ;
#3054 = CARTESIAN_POINT ( 'NONE',  ( -5.069035593728852263, -7.320507819255958490E-19, 3.559999999999968967 ) ) ;
#3055 = VECTOR ( 'NONE', #8618, 1000.000000000000114 ) ;
#3056 = LINE ( 'NONE', #8393, #4810 ) ;
#3057 = EDGE_CURVE ( 'NONE', #1730, #141, #6840, .T. ) ;
#3058 = VECTOR ( 'NONE', #7885, 1000.000000000000000 ) ;
#3059 = PLANE ( 'NONE',  #9414 ) ;
#3060 = CARTESIAN_POINT ( 'NONE',  ( 0.1133883476483179831, -0.5000000000000000000, 3.923388347648286700 ) ) ;
#3061 = FILL_AREA_STYLE_COLOUR ( '', #2322 ) ;
#3062 = ADVANCED_FACE ( 'NONE', ( #2409 ), #5265, .T. ) ;
#3063 = FILL_AREA_STYLE ('',( #5314 ) ) ;
#3064 = ORIENTED_EDGE ( 'NONE', *, *, #8004, .T. ) ;
#3065 = DIRECTION ( 'NONE',  ( 0.7071067811865479058, 0.000000000000000000, -0.7071067811865472397 ) ) ;
#3066 =( GEOMETRIC_REPRESENTATION_CONTEXT ( 3 ) GLOBAL_UNCERTAINTY_ASSIGNED_CONTEXT ( ( #4866 ) ) GLOBAL_UNIT_ASSIGNED_CONTEXT ( ( #1539, #7437, #3764 ) ) REPRESENTATION_CONTEXT ( 'NONE', 'WORKASPACE' ) );
#3067 = ORIENTED_EDGE ( 'NONE', *, *, #2190, .T. ) ;
#3068 = STYLED_ITEM ( 'NONE', ( #1915 ), #4546 ) ;
#3069 = COLOUR_RGB ( '',0.2980392156862745057, 0.2980392156862745057, 0.2980392156862745057 ) ;
#3070 = EDGE_CURVE ( 'NONE', #2261, #5278, #4109, .T. ) ;
#3071 =( NAMED_UNIT ( * ) SI_UNIT ( $, .STERADIAN. ) SOLID_ANGLE_UNIT ( ) );
#3072 = VERTEX_POINT ( 'NONE', #4878 ) ;
#3073 = MECHANICAL_DESIGN_GEOMETRIC_PRESENTATION_REPRESENTATION (  '', ( #5882 ), #2150 ) ;
#3074 = SURFACE_STYLE_USAGE ( .BOTH. , #6776 ) ;
#3075 = CARTESIAN_POINT ( 'NONE',  ( 1.374999999999999556, 1.570000000000000062, 2.935000000000003606 ) ) ;
#3076 = DIRECTION ( 'NONE',  ( -0.1247869418429871646, -0.9843050534722198597, 0.1247869418429884414 ) ) ;
#3077 = SURFACE_STYLE_USAGE ( .BOTH. , #7495 ) ;
#3078 = EDGE_LOOP ( 'NONE', ( #1300, #7952, #7763, #3127, #89, #6154, #8567, #6014 ) ) ;
#3079 =( GEOMETRIC_REPRESENTATION_CONTEXT ( 3 ) GLOBAL_UNCERTAINTY_ASSIGNED_CONTEXT ( ( #4447 ) ) GLOBAL_UNIT_ASSIGNED_CONTEXT ( ( #1003, #9081, #7633 ) ) REPRESENTATION_CONTEXT ( 'NONE', 'WORKASPACE' ) );
#3080 = UNCERTAINTY_MEASURE_WITH_UNIT (LENGTH_MEASURE( 1.000000000000000082E-05 ), #6004, 'distance_accuracy_value', 'NONE');
#3081 =( LENGTH_UNIT ( ) NAMED_UNIT ( * ) SI_UNIT ( .MILLI., .METRE. ) );
#3082 = CARTESIAN_POINT ( 'NONE',  ( -4.679999999999998828, 4.069999999999999396, 3.490000000000034852 ) ) ;
#3083 = B_SPLINE_SURFACE_WITH_KNOTS ( 'NONE', 3, 1, ( 
 ( #3231, #4025 ),
 ( #2513, #8584 ),
 ( #2556, #1848 ),
 ( #4931, #4076 ),
 ( #5487, #4745 ),
 ( #9101, #7127 ) ),
 .UNSPECIFIED., .F., .F., .F.,
 ( 4, 2, 4 ),
 ( 2, 2 ),
 ( 0.000000000000000000, 0.5000000000000000000, 1.000000000000000000 ),
 ( 0.000000000000000000, 1.000000000000000000 ),
 .UNSPECIFIED. ) ;
#3084 = COLOUR_RGB ( '',0.2980392156862745057, 0.2980392156862745057, 0.2980392156862745057 ) ;
#3085 = PRESENTATION_LAYER_ASSIGNMENT (  '', '', ( #7266 ) ) ;
#3086 = VECTOR ( 'NONE', #3704, 1000.000000000000000 ) ;
#3087 = SURFACE_SIDE_STYLE ('',( #4563 ) ) ;
#3088 = DIRECTION ( 'NONE',  ( 1.000000000000000000, 0.000000000000000000, 0.000000000000000000 ) ) ;
#3089 = DIRECTION ( 'NONE',  ( 0.000000000000000000, -0.000000000000000000, 1.000000000000000000 ) ) ;
#3090 = SURFACE_SIDE_STYLE ('',( #6962 ) ) ;
#3091 = STYLED_ITEM ( 'NONE', ( #1011 ), #6072 ) ;
#3092 = EDGE_LOOP ( 'NONE', ( #355, #3717, #4183, #7656 ) ) ;
#3093 = STYLED_ITEM ( 'NONE', ( #5703 ), #2085 ) ;
#3094 = CARTESIAN_POINT ( 'NONE',  ( -1.125000000000000666, 4.069999999999999396, -2.935000000000000053 ) ) ;
#3095 = VECTOR ( 'NONE', #79, 1000.000000000000000 ) ;
#3096 = EDGE_CURVE ( 'NONE', #1474, #115, #2452, .T. ) ;
#3097 = SURFACE_SIDE_STYLE ('',( #2234 ) ) ;
#3098 = CARTESIAN_POINT ( 'NONE',  ( -0.8750000000000005551, 4.069999999999999396, -2.685000000000000497 ) ) ;
#3099 = DIRECTION ( 'NONE',  ( -0.000000000000000000, -1.000000000000000000, -0.000000000000000000 ) ) ;
#3100 = ORIENTED_EDGE ( 'NONE', *, *, #8346, .T. ) ;
#3101 = PRESENTATION_STYLE_ASSIGNMENT (( #7555 ) ) ;
#3102 = AXIS2_PLACEMENT_3D ( 'NONE', #6035, #6888, #1807 ) ;
#3103 = CARTESIAN_POINT ( 'NONE',  ( 2.549999999999997602, -1.000000000000000000, -3.860000000000031406 ) ) ;
#3104 = PLANE ( 'NONE',  #3517 ) ;
#3105 = DIRECTION ( 'NONE',  ( 0.000000000000000000, 0.000000000000000000, 1.000000000000000000 ) ) ;
#3106 = ORIENTED_EDGE ( 'NONE', *, *, #6967, .T. ) ;
#3107 = UNCERTAINTY_MEASURE_WITH_UNIT (LENGTH_MEASURE( 1.000000000000000082E-05 ), #81, 'distance_accuracy_value', 'NONE');
#3108 = VERTEX_POINT ( 'NONE', #5613 ) ;
#3109 = FACE_OUTER_BOUND ( 'NONE', #8768, .T. ) ;
#3110 = CARTESIAN_POINT ( 'NONE',  ( -1.625000000000001110, 4.069999999999999396, 4.934999999999986287 ) ) ;
#3111 = DIRECTION ( 'NONE',  ( 1.000000000000000000, 0.000000000000000000, 0.000000000000000000 ) ) ;
#3112 = EDGE_CURVE ( 'NONE', #4385, #7673, #4062, .T. ) ;
#3113 = LINE ( 'NONE', #2979, #4647 ) ;
#3114 = CARTESIAN_POINT ( 'NONE',  ( 3.874999999999999112, 1.570000000000000062, -4.684999999999999609 ) ) ;
#3115 = ORIENTED_EDGE ( 'NONE', *, *, #1788, .T. ) ;
#3116 = ORIENTED_EDGE ( 'NONE', *, *, #408, .T. ) ;
#3117 = DIRECTION ( 'NONE',  ( -0.000000000000000000, -1.000000000000000000, -0.000000000000000000 ) ) ;
#3118 = UNCERTAINTY_MEASURE_WITH_UNIT (LENGTH_MEASURE( 1.000000000000000082E-05 ), #4152, 'distance_accuracy_value', 'NONE');
#3119 = CARTESIAN_POINT ( 'NONE',  ( 4.823223304703360803, 0.000000000000000000, 3.986776695296604167 ) ) ;
#3120 = FACE_OUTER_BOUND ( 'NONE', #9467, .T. ) ;
#3121 = ORIENTED_EDGE ( 'NONE', *, *, #1625, .T. ) ;
#3122 = DIRECTION ( 'NONE',  ( 1.000000000000000000, 0.000000000000000000, -0.000000000000000000 ) ) ;
#3123 = CARTESIAN_POINT ( 'NONE',  ( -0.03333333333333573373, -1.000000000000000000, -3.760000000000031761 ) ) ;
#3124 =( NAMED_UNIT ( * ) PLANE_ANGLE_UNIT ( ) SI_UNIT ( $, .RADIAN. ) );
#3125 = CARTESIAN_POINT ( 'NONE',  ( -2.466666666666670338, -1.000000000000000000, -3.860000000000031406 ) ) ;
#3126 = STYLED_ITEM ( 'NONE', ( #1172 ), #7368 ) ;
#3127 = ORIENTED_EDGE ( 'NONE', *, *, #5399, .F. ) ;
#3128 = CARTESIAN_POINT ( 'NONE',  ( -5.875000000000000888, 4.069999999999999396, -4.934999999999965858 ) ) ;
#3129 = FILL_AREA_STYLE ('',( #9086 ) ) ;
#3131 = LINE ( 'NONE', #9218, #5114 ) ;
#3130 = PRESENTATION_LAYER_ASSIGNMENT (  '', '', ( #2990 ) ) ;
#3132 = FILL_AREA_STYLE ('',( #2263 ) ) ;
#3133 =( NAMED_UNIT ( * ) SI_UNIT ( $, .STERADIAN. ) SOLID_ANGLE_UNIT ( ) );
#3134 = SURFACE_SIDE_STYLE ('',( #2551 ) ) ;
#3135 = VECTOR ( 'NONE', #7296, 1000.000000000000000 ) ;
#3136 =( LENGTH_UNIT ( ) NAMED_UNIT ( * ) SI_UNIT ( .MILLI., .METRE. ) );
#3137 = FILL_AREA_STYLE ('',( #305 ) ) ;
#3138 = LINE ( 'NONE', #9002, #6839 ) ;
#3139 = SURFACE_STYLE_FILL_AREA ( #8321 ) ;
#3140 = CARTESIAN_POINT ( 'NONE',  ( 1.624999999999999334, 4.069999999999999396, -4.935000000000000497 ) ) ;
#3141 = CIRCLE ( 'NONE', #582, 0.2500000000000002220 ) ;
#3142 = VERTEX_POINT ( 'NONE', #1142 ) ;
#3143 = CARTESIAN_POINT ( 'NONE',  ( -2.550000000000001599, -1.000000000000000000, 3.776666666666634864 ) ) ;
#3144 = DIRECTION ( 'NONE',  ( -1.000000000000000000, 0.000000000000000000, 0.000000000000000000 ) ) ;
#3145 = EDGE_LOOP ( 'NONE', ( #2390, #4003, #3454, #6948, #6442, #6713, #1927, #3838 ) ) ;
#3146 = LINE ( 'NONE', #9061, #75 ) ;
#3147 =( LENGTH_UNIT ( ) NAMED_UNIT ( * ) SI_UNIT ( .MILLI., .METRE. ) );
#3148 = DIRECTION ( 'NONE',  ( 1.000000000000000000, 0.000000000000000000, 0.000000000000000000 ) ) ;
#3149 = SURFACE_SIDE_STYLE ('',( #234 ) ) ;
#3150 = SURFACE_SIDE_STYLE ('',( #285 ) ) ;
#3151 = ORIENTED_EDGE ( 'NONE', *, *, #7151, .F. ) ;
#3152 = SURFACE_STYLE_FILL_AREA ( #7483 ) ;
#3153 = B_SPLINE_SURFACE_WITH_KNOTS ( 'NONE', 3, 1, ( 
 ( #6947, #2433 ),
 ( #5357, #179 ),
 ( #6815, #3808 ),
 ( #2294, #5408 ),
 ( #8399, #8344 ),
 ( #6765, #6860 ) ),
 .UNSPECIFIED., .F., .F., .F.,
 ( 4, 2, 4 ),
 ( 2, 2 ),
 ( 0.000000000000000000, 0.5000000000000000000, 1.000000000000000000 ),
 ( 0.000000000000000000, 1.000000000000000000 ),
 .UNSPECIFIED. ) ;
#3154 = EDGE_LOOP ( 'NONE', ( #8900, #9143, #6853, #690 ) ) ;
#3155 = CARTESIAN_POINT ( 'NONE',  ( 4.749999999999999112, 0.000000000000000000, 3.879035593728816789 ) ) ;
#3156 = EDGE_CURVE ( 'NONE', #7651, #9239, #1088, .T. ) ;
#3157 = CARTESIAN_POINT ( 'NONE',  ( -0.3200000000000008393, 10.06999999999999851, -4.129999999999965254 ) ) ;
#3158 = ORIENTED_EDGE ( 'NONE', *, *, #2511, .T. ) ;
#3159 =( LENGTH_UNIT ( ) NAMED_UNIT ( * ) SI_UNIT ( .MILLI., .METRE. ) );
#3160 = CARTESIAN_POINT ( 'NONE',  ( -0.05000000000000229955, -1.000000000000000000, -3.776666666666698369 ) ) ;
#3161 = CARTESIAN_POINT ( 'NONE',  ( -1.625000000000001110, 1.570000000000000062, -4.934999999999982734 ) ) ;
#3162 =( LENGTH_UNIT ( ) NAMED_UNIT ( * ) SI_UNIT ( .MILLI., .METRE. ) );
#3163 = ORIENTED_EDGE ( 'NONE', *, *, #2524, .F. ) ;
#3164 = CARTESIAN_POINT ( 'NONE',  ( 1.124999999999999112, 1.570000000000000062, 4.685000000000003162 ) ) ;
#3165 = ORIENTED_EDGE ( 'NONE', *, *, #452, .F. ) ;
#3166 = UNCERTAINTY_MEASURE_WITH_UNIT (LENGTH_MEASURE( 1.000000000000000082E-05 ), #65, 'distance_accuracy_value', 'NONE');
#3167 = SURFACE_STYLE_FILL_AREA ( #3129 ) ;
#3168 =( NAMED_UNIT ( * ) SI_UNIT ( $, .STERADIAN. ) SOLID_ANGLE_UNIT ( ) );
#3169 = CARTESIAN_POINT ( 'NONE',  ( -0.03333333333333573373, -1.000000000000000000, 3.759999999999968701 ) ) ;
#3170 =( NAMED_UNIT ( * ) PLANE_ANGLE_UNIT ( ) SI_UNIT ( $, .RADIAN. ) );
#3171 = SURFACE_STYLE_USAGE ( .BOTH. , #6882 ) ;
#3172 = EDGE_CURVE ( 'NONE', #7342, #4385, #7822, .T. ) ;
#3173 = CARTESIAN_POINT ( 'NONE',  ( -0.3199999999999991185, 10.06999999999999851, 4.130000000000034532 ) ) ;
#3174 = DIRECTION ( 'NONE',  ( -0.7071067811865472397, 0.000000000000000000, 0.7071067811865479058 ) ) ;
#3175 = CARTESIAN_POINT ( 'NONE',  ( 2.449999999999998401, -1.000000000000000000, 3.859999999999968345 ) ) ;
#3176 = ADVANCED_FACE ( 'NONE', ( #6407 ), #1757, .F. ) ;
#3177 = PRESENTATION_STYLE_ASSIGNMENT (( #8456 ) ) ;
#3178 = CARTESIAN_POINT ( 'NONE',  ( 5.319999999999999396, 10.06999999999999851, -4.129999999999965254 ) ) ;
#3179 = CARTESIAN_POINT ( 'NONE',  ( 4.124999999999999112, 4.069999999999999396, -2.685000000000000497 ) ) ;
#3180 = CARTESIAN_POINT ( 'NONE',  ( -4.679999999999998828, 10.06999999999999851, 3.490000000000034852 ) ) ;
#3181 = MECHANICAL_DESIGN_GEOMETRIC_PRESENTATION_REPRESENTATION (  '', ( #3657 ), #9013 ) ;
#3182 = PLANE ( 'NONE',  #8882 ) ;
#3183 = VERTEX_POINT ( 'NONE', #7737 ) ;
#3184 = ADVANCED_FACE ( 'NONE', ( #3305 ), #6064, .T. ) ;
#3185 = CARTESIAN_POINT ( 'NONE',  ( 4.124999999999999112, 4.069999999999999396, 4.935000000000004050 ) ) ;
#3186 = DIRECTION ( 'NONE',  ( 0.7071067811865479058, 0.000000000000000000, 0.7071067811865472397 ) ) ;
#3187 =( NAMED_UNIT ( * ) SI_UNIT ( $, .STERADIAN. ) SOLID_ANGLE_UNIT ( ) );
#3188 = EDGE_LOOP ( 'NONE', ( #3811, #1972, #6712, #4999 ) ) ;
#3189 = UNCERTAINTY_MEASURE_WITH_UNIT (LENGTH_MEASURE( 1.000000000000000082E-05 ), #2977, 'distance_accuracy_value', 'NONE');
#3190 = CARTESIAN_POINT ( 'NONE',  ( -4.823223304703364356, 0.000000000000000000, 3.633223304703330658 ) ) ;
#3191 = LINE ( 'NONE', #1779, #7749 ) ;
#3192 = CARTESIAN_POINT ( 'NONE',  ( -4.125000000000000888, 4.069999999999999396, -4.934999999999965858 ) ) ;
#3193 = LINE ( 'NONE', #7803, #807 ) ;
#3194 = CARTESIAN_POINT ( 'NONE',  ( 3.374999999999999112, 4.069999999999999396, 2.685000000000003606 ) ) ;
#3195 = ORIENTED_EDGE ( 'NONE', *, *, #3769, .F. ) ;
#3196 = MECHANICAL_DESIGN_GEOMETRIC_PRESENTATION_REPRESENTATION (  '', ( #7996 ), #6324 ) ;
#3197 = DIRECTION ( 'NONE',  ( -0.7071067811865475727, 0.000000000000000000, -0.7071067811865475727 ) ) ;
#3198 = ORIENTED_EDGE ( 'NONE', *, *, #5256, .T. ) ;
#3199 = SURFACE_STYLE_FILL_AREA ( #7578 ) ;
#3200 = VECTOR ( 'NONE', #9238, 1000.000000000000114 ) ;
#3201 = UNCERTAINTY_MEASURE_WITH_UNIT (LENGTH_MEASURE( 1.000000000000000082E-05 ), #4957, 'distance_accuracy_value', 'NONE');
#3202 = CARTESIAN_POINT ( 'NONE',  ( -2.179999999999999272, 4.069999999999999396, 3.490000000000034852 ) ) ;
#3203 = PLANE ( 'NONE',  #6940 ) ;
#3204 =( GEOMETRIC_REPRESENTATION_CONTEXT ( 3 ) GLOBAL_UNCERTAINTY_ASSIGNED_CONTEXT ( ( #5155 ) ) GLOBAL_UNIT_ASSIGNED_CONTEXT ( ( #4098, #6339, #7191 ) ) REPRESENTATION_CONTEXT ( 'NONE', 'WORKASPACE' ) );
#3205 = ORIENTED_EDGE ( 'NONE', *, *, #7030, .T. ) ;
#3206 = CARTESIAN_POINT ( 'NONE',  ( -2.500000000000000888, 0.000000000000000000, 3.809999999999968967 ) ) ;
#3207 = EDGE_CURVE ( 'NONE', #2832, #3251, #4982, .T. ) ;
#3208 = CARTESIAN_POINT ( 'NONE',  ( -2.613388347648321286, -0.5000000000000000000, -3.696611652351713406 ) ) ;
#3209 = SURFACE_STYLE_USAGE ( .BOTH. , #4591 ) ;
#3210 = EDGE_LOOP ( 'NONE', ( #7453, #6052, #3449, #2255 ) ) ;
#3211 = EDGE_CURVE ( 'NONE', #4132, #7342, #7920, .T. ) ;
#3212 = MECHANICAL_DESIGN_GEOMETRIC_PRESENTATION_REPRESENTATION (  '', ( #4779 ), #8005 ) ;
#3213 = CARTESIAN_POINT ( 'NONE',  ( 2.499999999999997780, 0.000000000000000000, -3.810000000000031140 ) ) ;
#3214 = EDGE_CURVE ( 'NONE', #6126, #8706, #8762, .T. ) ;
#3215 = DIRECTION ( 'NONE',  ( -1.000000000000000000, 0.000000000000000000, 6.776263578034403699E-16 ) ) ;
#3216 = AXIS2_PLACEMENT_3D ( 'NONE', #5047, #1385, #3639 ) ;
#3217 = PRESENTATION_LAYER_ASSIGNMENT (  '', '', ( #5882 ) ) ;
#3218 = CARTESIAN_POINT ( 'NONE',  ( 6.124999999999999112, 1.570000000000000062, 4.685000000000003162 ) ) ;
#3219 = CARTESIAN_POINT ( 'NONE',  ( 0.04999999999999796274, -1.000000000000000000, -3.843333333333365687 ) ) ;
#3220 = DIRECTION ( 'NONE',  ( 0.000000000000000000, 0.000000000000000000, 1.000000000000000000 ) ) ;
#3221 = CARTESIAN_POINT ( 'NONE',  ( -2.450000000000001066, -1.000000000000000000, 3.759999999999968701 ) ) ;
#3222 = VECTOR ( 'NONE', #7077, 1000.000000000000000 ) ;
#3223 = MECHANICAL_DESIGN_GEOMETRIC_PRESENTATION_REPRESENTATION (  '', ( #7861 ), #9058 ) ;
#3224 =( LENGTH_UNIT ( ) NAMED_UNIT ( * ) SI_UNIT ( .MILLI., .METRE. ) );
#3225 = EDGE_CURVE ( 'NONE', #7325, #2084, #2028, .T. ) ;
#3226 = PLANE ( 'NONE',  #238 ) ;
#3227 =( NAMED_UNIT ( * ) PLANE_ANGLE_UNIT ( ) SI_UNIT ( $, .RADIAN. ) );
#3228 = VECTOR ( 'NONE', #3667, 1000.000000000000114 ) ;
#3229 = PRESENTATION_LAYER_ASSIGNMENT (  '', '', ( #9203 ) ) ;
#3230 = FILL_AREA_STYLE_COLOUR ( '', #1070 ) ;
#3231 = CARTESIAN_POINT ( 'NONE',  ( -4.823223304703364356, 0.000000000000000000, -3.633223304703394163 ) ) ;
#3232 = VERTEX_POINT ( 'NONE', #2159 ) ;
#3233 = CARTESIAN_POINT ( 'NONE',  ( 1.561251128379126385E-15, 4.069999999999999396, 7.620000000000000107 ) ) ;
#3234 = PRESENTATION_LAYER_ASSIGNMENT (  '', '', ( #8206 ) ) ;
#3235 = STYLED_ITEM ( 'NONE', ( #5972 ), #2192 ) ;
#3236 =( LENGTH_UNIT ( ) NAMED_UNIT ( * ) SI_UNIT ( .MILLI., .METRE. ) );
#3237 = PRESENTATION_LAYER_ASSIGNMENT (  '', '', ( #5583 ) ) ;
#3238 = ORIENTED_EDGE ( 'NONE', *, *, #4577, .F. ) ;
#3239 = EDGE_CURVE ( 'NONE', #2094, #1102, #1319, .T. ) ;
#3240 = DIRECTION ( 'NONE',  ( 1.000000000000000000, -0.000000000000000000, 2.478176394252582127E-16 ) ) ;
#3241 = MECHANICAL_DESIGN_GEOMETRIC_PRESENTATION_REPRESENTATION (  '', ( #4185 ), #2331 ) ;
#3242 = CARTESIAN_POINT ( 'NONE',  ( -5.050000000000001599, -1.000000000000000000, 3.759999999999968701 ) ) ;
#3243 = MECHANICAL_DESIGN_GEOMETRIC_PRESENTATION_REPRESENTATION (  '', ( #4970 ), #2335 ) ;
#3244 = PRESENTATION_LAYER_ASSIGNMENT (  '', '', ( #6673 ) ) ;
#3245 = EDGE_CURVE ( 'NONE', #9239, #9017, #8714, .T. ) ;
#3246 = FILL_AREA_STYLE ('',( #6858 ) ) ;
#3247 = CARTESIAN_POINT ( 'NONE',  ( 2.179999999999998828, 10.06999999999999851, -4.129999999999965254 ) ) ;
#3248 = LINE ( 'NONE', #1163, #5559 ) ;
#3249 = ORIENTED_EDGE ( 'NONE', *, *, #3481, .F. ) ;
#3250 = VECTOR ( 'NONE', #6279, 1000.000000000000000 ) ;
#3251 = VERTEX_POINT ( 'NONE', #5122 ) ;
#3252 =( NAMED_UNIT ( * ) PLANE_ANGLE_UNIT ( ) SI_UNIT ( $, .RADIAN. ) );
#3253 = MECHANICAL_DESIGN_GEOMETRIC_PRESENTATION_REPRESENTATION (  '', ( #9233 ), #8652 ) ;
#3254 = CARTESIAN_POINT ( 'NONE',  ( -3.625000000000000444, 4.069999999999999396, 4.684999999999986287 ) ) ;
#3255 = ORIENTED_EDGE ( 'NONE', *, *, #3896, .F. ) ;
#3256 = PRESENTATION_STYLE_ASSIGNMENT (( #4001 ) ) ;
#3257 = FILL_AREA_STYLE_COLOUR ( '', #8775 ) ;
#3258 = ORIENTED_EDGE ( 'NONE', *, *, #3919, .T. ) ;
#3259 = MECHANICAL_DESIGN_GEOMETRIC_PRESENTATION_REPRESENTATION (  '', ( #5303 ), #2806 ) ;
#3260 = SURFACE_SIDE_STYLE ('',( #5659 ) ) ;
#3261 = LINE ( 'NONE', #5515, #9079 ) ;
#3262 = CARTESIAN_POINT ( 'NONE',  ( -0.8750000000000007772, 1.570000000000000062, 4.935000000000004050 ) ) ;
#3263 = STYLED_ITEM ( 'NONE', ( #5014 ), #7373 ) ;
#3264 = FILL_AREA_STYLE ('',( #392 ) ) ;
#3265 = LINE ( 'NONE', #3927, #4072 ) ;
#3266 = CARTESIAN_POINT ( 'NONE',  ( 3.624999999999998668, 4.069999999999999396, 2.935000000000003606 ) ) ;
#3267 = LINE ( 'NONE', #7740, #5481 ) ;
#3268 = LINE ( 'NONE', #9044, #3555 ) ;
#3269 = FILL_AREA_STYLE ('',( #5716 ) ) ;
#3270 = AXIS2_PLACEMENT_3D ( 'NONE', #1361, #3720, #40 ) ;
#3271 = COLOUR_RGB ( '',0.3176470588235293935, 0.2470588235294117752, 0.2078431372549019440 ) ;
#3272 =( NAMED_UNIT ( * ) PLANE_ANGLE_UNIT ( ) SI_UNIT ( $, .RADIAN. ) );
#3273 = ORIENTED_EDGE ( 'NONE', *, *, #7746, .T. ) ;
#3274 = DIRECTION ( 'NONE',  ( 1.000000000000000000, 0.000000000000000000, 0.000000000000000000 ) ) ;
#3275 = PRESENTATION_LAYER_ASSIGNMENT (  '', '', ( #7015 ) ) ;
#3276 = EDGE_CURVE ( 'NONE', #1386, #1668, #7292, .T. ) ;
#3277 =( LENGTH_UNIT ( ) NAMED_UNIT ( * ) SI_UNIT ( .MILLI., .METRE. ) );
#3278 = FILL_AREA_STYLE_COLOUR ( '', #5235 ) ;
#3279 = VERTEX_POINT ( 'NONE', #7866 ) ;
#3280 = UNCERTAINTY_MEASURE_WITH_UNIT (LENGTH_MEASURE( 1.000000000000000082E-05 ), #9282, 'distance_accuracy_value', 'NONE');
#3281 = COLOUR_RGB ( '',0.3176470588235293935, 0.2470588235294117752, 0.2078431372549019440 ) ;
#3282 = CARTESIAN_POINT ( 'NONE',  ( 0.01666666666666222901, -1.000000000000000000, -3.860000000000031406 ) ) ;
#3283 = LINE ( 'NONE', #280, #4769 ) ;
#3284 =( LENGTH_UNIT ( ) NAMED_UNIT ( * ) SI_UNIT ( .MILLI., .METRE. ) );
#3285 = DIRECTION ( 'NONE',  ( 0.000000000000000000, -1.000000000000000000, 0.000000000000000000 ) ) ;
#3286 = COLOUR_RGB ( '',0.2980392156862745057, 0.2980392156862745057, 0.2980392156862745057 ) ;
#3287 = LINE ( 'NONE', #7805, #6942 ) ;
#3288 = EDGE_LOOP ( 'NONE', ( #6440, #916, #760, #9345 ) ) ;
#3289 = EDGE_CURVE ( 'NONE', #8013, #840, #1454, .T. ) ;
#3290 = VERTEX_POINT ( 'NONE', #4402 ) ;
#3291 =( LENGTH_UNIT ( ) NAMED_UNIT ( * ) SI_UNIT ( .MILLI., .METRE. ) );
#3292 = UNCERTAINTY_MEASURE_WITH_UNIT (LENGTH_MEASURE( 1.000000000000000082E-05 ), #1853, 'distance_accuracy_value', 'NONE');
#3293 = LINE ( 'NONE', #3254, #5606 ) ;
#3294 = SURFACE_STYLE_FILL_AREA ( #8358 ) ;
#3295 = EDGE_LOOP ( 'NONE', ( #4339, #3680, #2242, #4457 ) ) ;
#3296 = DIRECTION ( 'NONE',  ( 0.000000000000000000, 0.000000000000000000, -1.000000000000000000 ) ) ;
#3297 = EDGE_CURVE ( 'NONE', #8741, #2183, #7344, .T. ) ;
#3298 = DIRECTION ( 'NONE',  ( 0.000000000000000000, -0.000000000000000000, 1.000000000000000000 ) ) ;
#3299 = CARTESIAN_POINT ( 'NONE',  ( 6.124999999999999112, 1.570000000000000062, -4.685000000000000497 ) ) ;
#3300 = CARTESIAN_POINT ( 'NONE',  ( -2.635110028629972678, 0.000000000000000000, 3.591556638036665472 ) ) ;
#3301 = ORIENTED_EDGE ( 'NONE', *, *, #9031, .F. ) ;
#3302 = CARTESIAN_POINT ( 'NONE',  ( -4.679999999999998828, 10.06999999999999851, 3.490000000000034852 ) ) ;
#3303 = FACE_OUTER_BOUND ( 'NONE', #5009, .T. ) ;
#3304 = UNCERTAINTY_MEASURE_WITH_UNIT (LENGTH_MEASURE( 1.000000000000000082E-05 ), #450, 'distance_accuracy_value', 'NONE');
#3305 = FACE_OUTER_BOUND ( 'NONE', #2493, .T. ) ;
#3306 = SURFACE_SIDE_STYLE ('',( #5561 ) ) ;
#3307 = CARTESIAN_POINT ( 'NONE',  ( 0.04999999999999883010, -1.000000000000000000, 3.859999999999968345 ) ) ;
#3308 = CARTESIAN_POINT ( 'NONE',  ( 2.549999999999997602, -1.000000000000000000, -3.860000000000031406 ) ) ;
#3309 = CARTESIAN_POINT ( 'NONE',  ( 2.180000000000000604, 10.06999999999999851, 3.490000000000034852 ) ) ;
#3310 =( NAMED_UNIT ( * ) PLANE_ANGLE_UNIT ( ) SI_UNIT ( $, .RADIAN. ) );
#3311 = SURFACE_STYLE_USAGE ( .BOTH. , #4156 ) ;
#3312 = CARTESIAN_POINT ( 'NONE',  ( -3.625000000000000444, 4.069999999999999396, -4.684999999999982734 ) ) ;
#3313 = DIRECTION ( 'NONE',  ( 0.000000000000000000, 0.000000000000000000, 1.000000000000000000 ) ) ;
#3314 = CARTESIAN_POINT ( 'NONE',  ( 1.624999999999999556, 4.069999999999999396, -2.685000000000000497 ) ) ;
#3315 = EDGE_CURVE ( 'NONE', #2075, #7017, #9271, .T. ) ;
#3316 = CARTESIAN_POINT ( 'NONE',  ( 4.680000000000000604, 10.06999999999999851, 3.490000000000034852 ) ) ;
#3317 = SURFACE_STYLE_FILL_AREA ( #588 ) ;
#3318 = ORIENTED_EDGE ( 'NONE', *, *, #971, .T. ) ;
#3319 = FILL_AREA_STYLE_COLOUR ( '', #7327 ) ;
#3320 = SURFACE_STYLE_USAGE ( .BOTH. , #6661 ) ;
#3321 = SURFACE_SIDE_STYLE ('',( #449 ) ) ;
#3322 = PLANE ( 'NONE',  #3843 ) ;
#3323 = ORIENTED_EDGE ( 'NONE', *, *, #1528, .F. ) ;
#3324 = EDGE_CURVE ( 'NONE', #1376, #7991, #1280, .T. ) ;
#3325 = MECHANICAL_DESIGN_GEOMETRIC_PRESENTATION_REPRESENTATION (  '', ( #4893 ), #2721 ) ;
#3326 = CARTESIAN_POINT ( 'NONE',  ( 4.949999999999996625, -1.000000000000000000, -3.760000000000031761 ) ) ;
#3327 = EDGE_CURVE ( 'NONE', #709, #12, #4208, .T. ) ;
#3328 = CARTESIAN_POINT ( 'NONE',  ( 3.624999999999998668, 4.069999999999999396, 4.685000000000003162 ) ) ;
#3329 = CARTESIAN_POINT ( 'NONE',  ( 4.949999999999998401, -1.000000000000000000, 3.859999999999968345 ) ) ;
#3330 = SURFACE_STYLE_FILL_AREA ( #3985 ) ;
#3331 = DIRECTION ( 'NONE',  ( 1.000000000000000000, 0.000000000000000000, -1.239088197126291063E-16 ) ) ;
#3332 = FILL_AREA_STYLE_COLOUR ( '', #4626 ) ;
#3333 = CARTESIAN_POINT ( 'NONE',  ( -5.875000000000000888, 4.069999999999999396, 4.934999999999968523 ) ) ;
#3334 = VERTEX_POINT ( 'NONE', #6693 ) ;
#3335 = DIRECTION ( 'NONE',  ( -0.7071067811865474617, 0.000000000000000000, 0.7071067811865474617 ) ) ;
#3336 = EDGE_CURVE ( 'NONE', #4821, #8868, #7448, .T. ) ;
#3337 = ORIENTED_EDGE ( 'NONE', *, *, #8373, .F. ) ;
#3338 = PRESENTATION_LAYER_ASSIGNMENT (  '', '', ( #4127 ) ) ;
#3339 = UNCERTAINTY_MEASURE_WITH_UNIT (LENGTH_MEASURE( 1.000000000000000082E-05 ), #270, 'distance_accuracy_value', 'NONE');
#3340 = ADVANCED_FACE ( 'NONE', ( #7528 ), #3029, .F. ) ;
#3341 = DIRECTION ( 'NONE',  ( -0.000000000000000000, -1.000000000000000000, -0.000000000000000000 ) ) ;
#3342 = VERTEX_POINT ( 'NONE', #1601 ) ;
#3343 = DIRECTION ( 'NONE',  ( -0.000000000000000000, -1.000000000000000000, -0.000000000000000000 ) ) ;
#3344 = CARTESIAN_POINT ( 'NONE',  ( 1.374999999999999334, 4.069999999999999396, -4.684999999999999609 ) ) ;
#3345 = LINE ( 'NONE', #9208, #2751 ) ;
#3346 = COLOUR_RGB ( '',0.3176470588235293935, 0.2470588235294117752, 0.2078431372549019440 ) ;
#3347 = SURFACE_STYLE_USAGE ( .BOTH. , #1309 ) ;
#3348 = PRESENTATION_STYLE_ASSIGNMENT (( #1134 ) ) ;
#3349 = VERTEX_POINT ( 'NONE', #4630 ) ;
#3350 = PRESENTATION_STYLE_ASSIGNMENT (( #385 ) ) ;
#3351 = EDGE_CURVE ( 'NONE', #2558, #9108, #6828, .T. ) ;
#3352 = EDGE_CURVE ( 'NONE', #7227, #2094, #6774, .T. ) ;
#3353 = VECTOR ( 'NONE', #4480, 999.9999999999998863 ) ;
#3354 = DIRECTION ( 'NONE',  ( -1.000000000000000000, 0.000000000000000000, -0.000000000000000000 ) ) ;
#3355 = ADVANCED_FACE ( 'NONE', ( #3120 ), #3815, .F. ) ;
#3356 = FILL_AREA_STYLE_COLOUR ( '', #7539 ) ;
#3357 = CARTESIAN_POINT ( 'NONE',  ( 2.249999999999997780, 0.000000000000000000, -3.879035593728879849 ) ) ;
#3358 = VECTOR ( 'NONE', #192, 999.9999999999998863 ) ;
#3359 = CARTESIAN_POINT ( 'NONE',  ( -1.625000000000001110, 4.069999999999999396, 2.684999999999986287 ) ) ;
#3360 = DIRECTION ( 'NONE',  ( -0.000000000000000000, -1.000000000000000000, -0.000000000000000000 ) ) ;
#3361 = DIRECTION ( 'NONE',  ( 0.000000000000000000, 0.000000000000000000, -1.000000000000000000 ) ) ;
#3362 = LINE ( 'NONE', #1983, #7123 ) ;
#3363 = LINE ( 'NONE', #2593, #3601 ) ;
#3364 = COLOUR_RGB ( '',0.3176470588235293935, 0.2470588235294117752, 0.2078431372549019440 ) ;
#3365 = CARTESIAN_POINT ( 'NONE',  ( -2.820000000000000728, 10.06999999999999851, -4.129999999999965254 ) ) ;
#3366 = CARTESIAN_POINT ( 'NONE',  ( -2.676776695296640529, 0.000000000000000000, -3.633223304703395939 ) ) ;
#3367 = CARTESIAN_POINT ( 'NONE',  ( 0.8749999999999990008, 4.069999999999999396, -2.685000000000000497 ) ) ;
#3368 = PRESENTATION_LAYER_ASSIGNMENT (  '', '', ( #5553 ) ) ;
#3369 = PRESENTATION_LAYER_ASSIGNMENT (  '', '', ( #1993 ) ) ;
#3370 = PRESENTATION_LAYER_ASSIGNMENT (  '', '', ( #2311 ) ) ;
#3371 = VECTOR ( 'NONE', #258, 1000.000000000000114 ) ;
#3372 = CARTESIAN_POINT ( 'NONE',  ( 2.516666666666665275, -1.000000000000000000, 3.859999999999967901 ) ) ;
#3373 = SURFACE_SIDE_STYLE ('',( #7076 ) ) ;
#3374 = SURFACE_STYLE_FILL_AREA ( #1955 ) ;
#3375 = ORIENTED_EDGE ( 'NONE', *, *, #2155, .T. ) ;
#3376 = CIRCLE ( 'NONE', #2463, 0.2500000000000002220 ) ;
#3377 = FACE_OUTER_BOUND ( 'NONE', #245, .T. ) ;
#3378 =( LENGTH_UNIT ( ) NAMED_UNIT ( * ) SI_UNIT ( .MILLI., .METRE. ) );
#3379 = LINE ( 'NONE', #6378, #5572 ) ;
#3380 = MECHANICAL_DESIGN_GEOMETRIC_PRESENTATION_REPRESENTATION (  '', ( #1119 ), #2938 ) ;
#3381 = COLOUR_RGB ( '',0.3176470588235293935, 0.2470588235294117752, 0.2078431372549019440 ) ;
#3382 = VERTEX_POINT ( 'NONE', #3771 ) ;
#3383 = VECTOR ( 'NONE', #3967, 1000.000000000000114 ) ;
#3384 = VECTOR ( 'NONE', #3117, 1000.000000000000000 ) ;
#3385 = CARTESIAN_POINT ( 'NONE',  ( 2.179999999999998828, 4.069999999999999396, -4.129999999999965254 ) ) ;
#3386 = COLOUR_RGB ( '',0.2980392156862745057, 0.2980392156862745057, 0.2980392156862745057 ) ;
#3387 = FILL_AREA_STYLE ('',( #3332 ) ) ;
#3388 = LINE ( 'NONE', #2530, #2606 ) ;
#3389 = ORIENTED_EDGE ( 'NONE', *, *, #2508, .F. ) ;
#3390 = MECHANICAL_DESIGN_GEOMETRIC_PRESENTATION_REPRESENTATION (  '', ( #9219 ), #6232 ) ;
#3391 = PRESENTATION_STYLE_ASSIGNMENT (( #4904 ) ) ;
#3392 = STYLED_ITEM ( 'NONE', ( #8982 ), #2180 ) ;
#3393 = ORIENTED_EDGE ( 'NONE', *, *, #273, .F. ) ;
#3394 =( GEOMETRIC_REPRESENTATION_CONTEXT ( 3 ) GLOBAL_UNCERTAINTY_ASSIGNED_CONTEXT ( ( #6270 ) ) GLOBAL_UNIT_ASSIGNED_CONTEXT ( ( #5293, #4566, #4417 ) ) REPRESENTATION_CONTEXT ( 'NONE', 'WORKASPACE' ) );
#3395 = PRESENTATION_LAYER_ASSIGNMENT (  '', '', ( #7744 ) ) ;
#3396 = DIRECTION ( 'NONE',  ( 0.000000000000000000, 0.000000000000000000, 1.000000000000000000 ) ) ;
#3397 = ADVANCED_FACE ( 'NONE', ( #140 ), #8944, .T. ) ;
#3398 = CARTESIAN_POINT ( 'NONE',  ( -1.125000000000000888, 4.069999999999999396, -4.684999999999999609 ) ) ;
#3399 = ORIENTED_EDGE ( 'NONE', *, *, #5386, .F. ) ;
#3400 = PRESENTATION_LAYER_ASSIGNMENT (  '', '', ( #5290 ) ) ;
#3401 =( GEOMETRIC_REPRESENTATION_CONTEXT ( 3 ) GLOBAL_UNCERTAINTY_ASSIGNED_CONTEXT ( ( #8973 ) ) GLOBAL_UNIT_ASSIGNED_CONTEXT ( ( #6521, #2717, #7901 ) ) REPRESENTATION_CONTEXT ( 'NONE', 'WORKASPACE' ) );
#3402 = SURFACE_SIDE_STYLE ('',( #7102 ) ) ;
#3403 = PRESENTATION_LAYER_ASSIGNMENT (  '', '', ( #6235 ) ) ;
#3404 = DIRECTION ( 'NONE',  ( -0.000000000000000000, -1.000000000000000000, -0.000000000000000000 ) ) ;
#3405 = CARTESIAN_POINT ( 'NONE',  ( 4.124999999999999112, 4.069999999999999396, -4.935000000000000497 ) ) ;
#3406 = SURFACE_STYLE_USAGE ( .BOTH. , #3090 ) ;
#3407 = EDGE_LOOP ( 'NONE', ( #6723, #5204, #5315, #547 ) ) ;
#3408 = LINE ( 'NONE', #1761, #848 ) ;
#3409 = SURFACE_SIDE_STYLE ('',( #1181 ) ) ;
#3410 = DIRECTION ( 'NONE',  ( 0.000000000000000000, -1.000000000000000000, 0.000000000000000000 ) ) ;
#3411 = LINE ( 'NONE', #5902, #844 ) ;
#3412 = DIRECTION ( 'NONE',  ( 0.000000000000000000, 0.000000000000000000, 1.000000000000000000 ) ) ;
#3413 = CARTESIAN_POINT ( 'NONE',  ( 0.04999999999999796274, -1.000000000000000000, -3.793333333333366308 ) ) ;
#3414 = FACE_OUTER_BOUND ( 'NONE', #1202, .T. ) ;
#3415 = SURFACE_STYLE_USAGE ( .BOTH. , #2590 ) ;
#3416 = DIRECTION ( 'NONE',  ( -0.000000000000000000, -0.000000000000000000, -1.000000000000000000 ) ) ;
#3417 = STYLED_ITEM ( 'NONE', ( #961 ), #6932 ) ;
#3418 = CARTESIAN_POINT ( 'NONE',  ( 5.135110028629966905, 0.000000000000000000, -4.028443361963335967 ) ) ;
#3419 = DIRECTION ( 'NONE',  ( 1.000000000000000000, 0.000000000000000000, -1.365923996832131609E-16 ) ) ;
#3420 = SURFACE_STYLE_USAGE ( .BOTH. , #5668 ) ;
#3421 = EDGE_CURVE ( 'NONE', #7989, #7949, #8593, .T. ) ;
#3422 = CARTESIAN_POINT ( 'NONE',  ( -1.625000000000001110, 4.069999999999999396, -2.684999999999983178 ) ) ;
#3423 =( NAMED_UNIT ( * ) PLANE_ANGLE_UNIT ( ) SI_UNIT ( $, .RADIAN. ) );
#3424 = PRESENTATION_LAYER_ASSIGNMENT (  '', '', ( #8664 ) ) ;
#3425 = DIRECTION ( 'NONE',  ( 0.7071067811865474617, 0.000000000000000000, -0.7071067811865474617 ) ) ;
#3426 = FILL_AREA_STYLE_COLOUR ( '', #3281 ) ;
#3427 = LINE ( 'NONE', #5677, #6562 ) ;
#3428 =( GEOMETRIC_REPRESENTATION_CONTEXT ( 3 ) GLOBAL_UNCERTAINTY_ASSIGNED_CONTEXT ( ( #4243 ) ) GLOBAL_UNIT_ASSIGNED_CONTEXT ( ( #2260, #721, #5769 ) ) REPRESENTATION_CONTEXT ( 'NONE', 'WORKASPACE' ) );
#3429 = FILL_AREA_STYLE_COLOUR ( '', #4161 ) ;
#3430 = SURFACE_SIDE_STYLE ('',( #4370 ) ) ;
#3431 =( GEOMETRIC_REPRESENTATION_CONTEXT ( 3 ) GLOBAL_UNCERTAINTY_ASSIGNED_CONTEXT ( ( #2523 ) ) GLOBAL_UNIT_ASSIGNED_CONTEXT ( ( #7824, #2030, #4984 ) ) REPRESENTATION_CONTEXT ( 'NONE', 'WORKASPACE' ) );
#3432 = STYLED_ITEM ( 'NONE', ( #4579 ), #7460 ) ;
#3433 = ORIENTED_EDGE ( 'NONE', *, *, #8847, .T. ) ;
#3434 = VECTOR ( 'NONE', #768, 1000.000000000000000 ) ;
#3435 = PLANE ( 'NONE',  #2956 ) ;
#3436 = AXIS2_PLACEMENT_3D ( 'NONE', #4910, #8487, #9126 ) ;
#3437 = CARTESIAN_POINT ( 'NONE',  ( 4.983333333333332504, -1.000000000000000000, 3.859999999999967901 ) ) ;
#3438 = PRESENTATION_LAYER_ASSIGNMENT (  '', '', ( #7321 ) ) ;
#3439 = ORIENTED_EDGE ( 'NONE', *, *, #794, .F. ) ;
#3440 = FACE_OUTER_BOUND ( 'NONE', #1404, .T. ) ;
#3441 = CARTESIAN_POINT ( 'NONE',  ( -0.3200000000000008393, 10.06999999999999851, -3.489999999999965574 ) ) ;
#3442 = ORIENTED_EDGE ( 'NONE', *, *, #8757, .F. ) ;
#3443 = VECTOR ( 'NONE', #475, 1000.000000000000000 ) ;
#3444 = AXIS2_PLACEMENT_3D ( 'NONE', #4889, #9327, #7977 ) ;
#3445 = SURFACE_STYLE_USAGE ( .BOTH. , #5688 ) ;
#3446 = ORIENTED_EDGE ( 'NONE', *, *, #4765, .F. ) ;
#3447 = FILL_AREA_STYLE_COLOUR ( '', #8929 ) ;
#3448 = CARTESIAN_POINT ( 'NONE',  ( 3.874999999999999556, 4.069999999999999396, 2.935000000000003606 ) ) ;
#3449 = ORIENTED_EDGE ( 'NONE', *, *, #4409, .F. ) ;
#3450 = FACE_OUTER_BOUND ( 'NONE', #2988, .T. ) ;
#3451 = DIRECTION ( 'NONE',  ( -0.1247869418429880251, -0.9843050534722198597, -0.1247869418429880251 ) ) ;
#3452 = UNCERTAINTY_MEASURE_WITH_UNIT (LENGTH_MEASURE( 1.000000000000000082E-05 ), #7120, 'distance_accuracy_value', 'NONE');
#3453 = LINE ( 'NONE', #7195, #5569 ) ;
#3454 = ORIENTED_EDGE ( 'NONE', *, *, #6698, .T. ) ;
#3455 =( LENGTH_UNIT ( ) NAMED_UNIT ( * ) SI_UNIT ( .MILLI., .METRE. ) );
#3456 =( NAMED_UNIT ( * ) PLANE_ANGLE_UNIT ( ) SI_UNIT ( $, .RADIAN. ) );
#3457 = ORIENTED_EDGE ( 'NONE', *, *, #4240, .T. ) ;
#3458 = EDGE_CURVE ( 'NONE', #8239, #3334, #376, .T. ) ;
#3459 = DIRECTION ( 'NONE',  ( -0.1247869418429888855, 0.9843050534722199707, 0.1247869418429863320 ) ) ;
#3460 = CARTESIAN_POINT ( 'NONE',  ( 4.949999999999996625, -1.000000000000000000, -3.860000000000031406 ) ) ;
#3461 = CARTESIAN_POINT ( 'NONE',  ( 2.749999999999999112, 0.000000000000000000, 3.879035593728817233 ) ) ;
#3462 = CARTESIAN_POINT ( 'NONE',  ( 0.2499999999999993616, 0.000000000000000000, 3.879035593728817233 ) ) ;
#3463 = CARTESIAN_POINT ( 'NONE',  ( -2.676776695296639641, 0.000000000000000000, 3.986776695296604167 ) ) ;
#3464 = FILL_AREA_STYLE_COLOUR ( '', #78 ) ;
#3465 = ORIENTED_EDGE ( 'NONE', *, *, #7035, .F. ) ;
#3466 = CARTESIAN_POINT ( 'NONE',  ( 3.874999999999999556, 4.069999999999999396, -2.935000000000000053 ) ) ;
#3467 = PLANE ( 'NONE',  #9062 ) ;
#3468 = DIRECTION ( 'NONE',  ( -1.000000000000000000, -0.000000000000000000, -0.000000000000000000 ) ) ;
#3469 = LINE ( 'NONE', #8633, #7583 ) ;
#3470 = ADVANCED_FACE ( 'NONE', ( #6955 ), #2535, .F. ) ;
#3471 = CARTESIAN_POINT ( 'NONE',  ( 0.8749999999999990008, 4.069999999999999396, 2.685000000000003606 ) ) ;
#3472 = SURFACE_STYLE_FILL_AREA ( #4412 ) ;
#3473 = FACE_OUTER_BOUND ( 'NONE', #3295, .T. ) ;
#3474 =( NAMED_UNIT ( * ) SI_UNIT ( $, .STERADIAN. ) SOLID_ANGLE_UNIT ( ) );
#3475 = PRESENTATION_STYLE_ASSIGNMENT (( #8551 ) ) ;
#3476 = SURFACE_STYLE_FILL_AREA ( #1239 ) ;
#3477 = PRESENTATION_STYLE_ASSIGNMENT (( #2855 ) ) ;
#3478 = ORIENTED_EDGE ( 'NONE', *, *, #3522, .T. ) ;
#3479 = ADVANCED_FACE ( 'NONE', ( #7008 ), #3203, .F. ) ;
#3480 = FACE_OUTER_BOUND ( 'NONE', #1484, .T. ) ;
#3481 = EDGE_CURVE ( 'NONE', #2051, #8155, #8563, .T. ) ;
#3482 = CARTESIAN_POINT ( 'NONE',  ( 0.1767766952966345340, 0.000000000000000000, -3.986776695296669448 ) ) ;
#3483 = CARTESIAN_POINT ( 'NONE',  ( 4.966666666666665009, -1.000000000000000000, 3.859999999999967901 ) ) ;
#3484 = EDGE_LOOP ( 'NONE', ( #9455, #2817, #950, #4200, #1548, #2765, #3560, #9382 ) ) ;
#3485 = CARTESIAN_POINT ( 'NONE',  ( -4.983333333333337833, -1.000000000000000000, -3.860000000000031406 ) ) ;
#3486 = PRESENTATION_STYLE_ASSIGNMENT (( #16 ) ) ;
#3487 =( NAMED_UNIT ( * ) PLANE_ANGLE_UNIT ( ) SI_UNIT ( $, .RADIAN. ) );
#3488 = EDGE_LOOP ( 'NONE', ( #8528, #295, #2610, #2707 ) ) ;
#3489 = ORIENTED_EDGE ( 'NONE', *, *, #1788, .F. ) ;
#3490 = DIRECTION ( 'NONE',  ( -1.000000000000000000, -0.000000000000000000, -0.000000000000000000 ) ) ;
#3491 = MECHANICAL_DESIGN_GEOMETRIC_PRESENTATION_REPRESENTATION (  '', ( #5370 ), #1968 ) ;
#3492 = CARTESIAN_POINT ( 'NONE',  ( -2.450000000000001954, -1.000000000000000000, -3.843333333333365687 ) ) ;
#3493 = VERTEX_POINT ( 'NONE', #5054 ) ;
#3494 = CARTESIAN_POINT ( 'NONE',  ( -5.050000000000002487, -1.000000000000000000, -3.860000000000031406 ) ) ;
#3495 =( LENGTH_UNIT ( ) NAMED_UNIT ( * ) SI_UNIT ( .MILLI., .METRE. ) );
#3496 = DIRECTION ( 'NONE',  ( -1.000000000000000000, 0.000000000000000000, -0.000000000000000000 ) ) ;
#3497 = CARTESIAN_POINT ( 'NONE',  ( -0.3200000000000008393, 4.069999999999999396, -4.129999999999965254 ) ) ;
#3498 = LINE ( 'NONE', #4974, #6218 ) ;
#3499 = ORIENTED_EDGE ( 'NONE', *, *, #9138, .F. ) ;
#3500 = DIRECTION ( 'NONE',  ( 1.000000000000000000, 0.000000000000000000, -6.776263578034403699E-16 ) ) ;
#3501 = EDGE_CURVE ( 'NONE', #6341, #7414, #1971, .T. ) ;
#3502 =( GEOMETRIC_REPRESENTATION_CONTEXT ( 3 ) GLOBAL_UNCERTAINTY_ASSIGNED_CONTEXT ( ( #789 ) ) GLOBAL_UNIT_ASSIGNED_CONTEXT ( ( #9050, #5345, #1904 ) ) REPRESENTATION_CONTEXT ( 'NONE', 'WORKASPACE' ) );
#3503 = PLANE ( 'NONE',  #514 ) ;
#3504 = VERTEX_POINT ( 'NONE', #4281 ) ;
#3505 = CARTESIAN_POINT ( 'NONE',  ( 7.619999999999998330, 1.570000000000000062, -6.349999999999997868 ) ) ;
#3506 = EDGE_CURVE ( 'NONE', #1998, #8138, #6472, .T. ) ;
#3507 = CARTESIAN_POINT ( 'NONE',  ( -7.620000000000001883, 1.570000000000000062, -6.349999999999997868 ) ) ;
#3508 = CARTESIAN_POINT ( 'NONE',  ( 2.676776695296636088, 0.000000000000000000, 3.986776695296605943 ) ) ;
#3509 = ORIENTED_EDGE ( 'NONE', *, *, #1203, .T. ) ;
#3510 = CARTESIAN_POINT ( 'NONE',  ( -2.516666666666667496, -1.000000000000000000, 3.859999999999967901 ) ) ;
#3511 = CARTESIAN_POINT ( 'NONE',  ( 2.323223304703359915, 0.000000000000000000, -3.986776695296667672 ) ) ;
#3512 = ORIENTED_EDGE ( 'NONE', *, *, #6105, .T. ) ;
#3513 = DIRECTION ( 'NONE',  ( 1.000000000000000000, 0.000000000000000000, 0.000000000000000000 ) ) ;
#3514 = EDGE_CURVE ( 'NONE', #2814, #7947, #7951, .T. ) ;
#3515 =( LENGTH_UNIT ( ) NAMED_UNIT ( * ) SI_UNIT ( .MILLI., .METRE. ) );
#3516 = ADVANCED_FACE ( 'NONE', ( #9343 ), #1395, .F. ) ;
#3517 = AXIS2_PLACEMENT_3D ( 'NONE', #1581, #7516, #8244 ) ;
#3518 = CARTESIAN_POINT ( 'NONE',  ( 0.000000000000000000, 4.069999999999999396, 0.000000000000000000 ) ) ;
#3519 = PLANE ( 'NONE',  #3671 ) ;
#3520 = CARTESIAN_POINT ( 'NONE',  ( 5.049999999999998934, -1.000000000000000000, 3.826666666666633798 ) ) ;
#3521 = FACE_OUTER_BOUND ( 'NONE', #6373, .T. ) ;
#3522 = EDGE_CURVE ( 'NONE', #271, #7947, #6573, .T. ) ;
#3523 = VECTOR ( 'NONE', #2482, 1000.000000000000000 ) ;
#3524 = CARTESIAN_POINT ( 'NONE',  ( -6.125000000000000888, 4.069999999999999396, -4.684999999999964970 ) ) ;
#3525 = CARTESIAN_POINT ( 'NONE',  ( 3.624999999999998668, 1.570000000000000062, 4.685000000000003162 ) ) ;
#3526 = ORIENTED_EDGE ( 'NONE', *, *, #228, .T. ) ;
#3527 = STYLED_ITEM ( 'NONE', ( #4043 ), #9383 ) ;
#3528 = AXIS2_PLACEMENT_3D ( 'NONE', #7955, #5809, #2921 ) ;
#3529 = MECHANICAL_DESIGN_GEOMETRIC_PRESENTATION_REPRESENTATION (  '', ( #8323 ), #7409 ) ;
#3530 =( NAMED_UNIT ( * ) PLANE_ANGLE_UNIT ( ) SI_UNIT ( $, .RADIAN. ) );
#3531 = VERTEX_POINT ( 'NONE', #8705 ) ;
#3532 =( GEOMETRIC_REPRESENTATION_CONTEXT ( 3 ) GLOBAL_UNCERTAINTY_ASSIGNED_CONTEXT ( ( #6825 ) ) GLOBAL_UNIT_ASSIGNED_CONTEXT ( ( #9337, #3487, #6465 ) ) REPRESENTATION_CONTEXT ( 'NONE', 'WORKASPACE' ) );
#3533 = AXIS2_PLACEMENT_3D ( 'NONE', #9440, #1437, #2862 ) ;
#3534 = LINE ( 'NONE', #7841, #7851 ) ;
#3535 = PRESENTATION_LAYER_ASSIGNMENT (  '', '', ( #1405 ) ) ;
#3536 = ORIENTED_EDGE ( 'NONE', *, *, #1076, .T. ) ;
#3537 = EDGE_CURVE ( 'NONE', #5126, #5600, #2011, .T. ) ;
#3538 = PRESENTATION_STYLE_ASSIGNMENT (( #3445 ) ) ;
#3539 = ORIENTED_EDGE ( 'NONE', *, *, #8159, .F. ) ;
#3540 = MECHANICAL_DESIGN_GEOMETRIC_PRESENTATION_REPRESENTATION (  '', ( #6672 ), #4498 ) ;
#3541 = MECHANICAL_DESIGN_GEOMETRIC_PRESENTATION_REPRESENTATION (  '', ( #8492 ), #389 ) ;
#3542 = VECTOR ( 'NONE', #4204, 1000.000000000000000 ) ;
#3543 = COLOUR_RGB ( '',0.3176470588235293935, 0.2470588235294117752, 0.2078431372549019440 ) ;
#3544 =( GEOMETRIC_REPRESENTATION_CONTEXT ( 3 ) GLOBAL_UNCERTAINTY_ASSIGNED_CONTEXT ( ( #2794 ) ) GLOBAL_UNIT_ASSIGNED_CONTEXT ( ( #4433, #2291, #6764 ) ) REPRESENTATION_CONTEXT ( 'NONE', 'WORKASPACE' ) );
#3545 = PLANE ( 'NONE',  #268 ) ;
#3546 = CARTESIAN_POINT ( 'NONE',  ( -5.320000000000001172, 10.06999999999999851, -4.129999999999965254 ) ) ;
#3547 = VERTEX_POINT ( 'NONE', #3599 ) ;
#3548 = DIRECTION ( 'NONE',  ( -0.000000000000000000, -0.000000000000000000, -1.000000000000000000 ) ) ;
#3549 = SURFACE_STYLE_FILL_AREA ( #4284 ) ;
#3550 = SURFACE_STYLE_USAGE ( .BOTH. , #6677 ) ;
#3551 = VECTOR ( 'NONE', #3670, 1000.000000000000000 ) ;
#3552 = CARTESIAN_POINT ( 'NONE',  ( -3.625000000000000444, 4.069999999999999396, 2.934999999999986287 ) ) ;
#3553 =( GEOMETRIC_REPRESENTATION_CONTEXT ( 3 ) GLOBAL_UNCERTAINTY_ASSIGNED_CONTEXT ( ( #2074 ) ) GLOBAL_UNIT_ASSIGNED_CONTEXT ( ( #8256, #1685, #2436 ) ) REPRESENTATION_CONTEXT ( 'NONE', 'WORKASPACE' ) );
#3554 = ORIENTED_EDGE ( 'NONE', *, *, #6188, .F. ) ;
#3555 = VECTOR ( 'NONE', #968, 1000.000000000000000 ) ;
#3556 = CARTESIAN_POINT ( 'NONE',  ( -4.950000000000001066, -1.000000000000000000, 3.759999999999968701 ) ) ;
#3557 = AXIS2_PLACEMENT_3D ( 'NONE', #2230, #260, #6095 ) ;
#3558 = VECTOR ( 'NONE', #8526, 1000.000000000000000 ) ;
#3559 = CARTESIAN_POINT ( 'NONE',  ( 1.374999999999999556, 4.069999999999999396, 2.935000000000003606 ) ) ;
#3560 = ORIENTED_EDGE ( 'NONE', *, *, #4732, .F. ) ;
#3561 = VECTOR ( 'NONE', #1984, 999.9999999999998863 ) ;
#3562 =( GEOMETRIC_REPRESENTATION_CONTEXT ( 3 ) GLOBAL_UNCERTAINTY_ASSIGNED_CONTEXT ( ( #2989 ) ) GLOBAL_UNIT_ASSIGNED_CONTEXT ( ( #1168, #6385, #5459 ) ) REPRESENTATION_CONTEXT ( 'NONE', 'WORKASPACE' ) );
#3563 = PRESENTATION_STYLE_ASSIGNMENT (( #8713 ) ) ;
#3564 = PRESENTATION_LAYER_ASSIGNMENT (  '', '', ( #9082 ) ) ;
#3565 = CARTESIAN_POINT ( 'NONE',  ( 2.613388347648316845, -0.5000000000000000000, 3.696611652351649902 ) ) ;
#3566 = ORIENTED_EDGE ( 'NONE', *, *, #1077, .T. ) ;
#3567 = DIRECTION ( 'NONE',  ( -0.000000000000000000, -0.000000000000000000, -1.000000000000000000 ) ) ;
#3568 = FILL_AREA_STYLE_COLOUR ( '', #1265 ) ;
#3569 = ORIENTED_EDGE ( 'NONE', *, *, #763, .F. ) ;
#3570 = VECTOR ( 'NONE', #6941, 1000.000000000000000 ) ;
#3571 = UNCERTAINTY_MEASURE_WITH_UNIT (LENGTH_MEASURE( 1.000000000000000082E-05 ), #3284, 'distance_accuracy_value', 'NONE');
#3572 = CARTESIAN_POINT ( 'NONE',  ( -3.875000000000000888, 4.069999999999999396, -4.684999999999964970 ) ) ;
#3573 = PRESENTATION_STYLE_ASSIGNMENT (( #7253 ) ) ;
#3574 = EDGE_CURVE ( 'NONE', #2051, #8184, #1349, .T. ) ;
#3575 =( LENGTH_UNIT ( ) NAMED_UNIT ( * ) SI_UNIT ( .MILLI., .METRE. ) );
#3576 = VECTOR ( 'NONE', #5791, 999.9999999999998863 ) ;
#3577 = LINE ( 'NONE', #9425, #8538 ) ;
#3578 = CARTESIAN_POINT ( 'NONE',  ( 4.823223304703359027, 0.000000000000000000, -3.633223304703395939 ) ) ;
#3579 = FACE_OUTER_BOUND ( 'NONE', #4905, .T. ) ;
#3580 = LINE ( 'NONE', #9427, #2999 ) ;
#3581 =( LENGTH_UNIT ( ) NAMED_UNIT ( * ) SI_UNIT ( .MILLI., .METRE. ) );
#3582 =( NAMED_UNIT ( * ) SI_UNIT ( $, .STERADIAN. ) SOLID_ANGLE_UNIT ( ) );
#3583 = VERTEX_POINT ( 'NONE', #7905 ) ;
#3584 = ORIENTED_EDGE ( 'NONE', *, *, #5366, .F. ) ;
#3585 = EDGE_CURVE ( 'NONE', #7325, #8600, #654, .T. ) ;
#3586 = EDGE_LOOP ( 'NONE', ( #2967, #6011, #7464, #3509 ) ) ;
#3587 = EDGE_CURVE ( 'NONE', #1354, #3583, #7229, .T. ) ;
#3588 = COLOUR_RGB ( '',0.3176470588235293935, 0.2470588235294117752, 0.2078431372549019440 ) ;
#3589 = COLOUR_RGB ( '',0.2980392156862745057, 0.2980392156862745057, 0.2980392156862745057 ) ;
#3590 = FILL_AREA_STYLE_COLOUR ( '', #4178 ) ;
#3591 = SURFACE_STYLE_FILL_AREA ( #8795 ) ;
#3592 = ORIENTED_EDGE ( 'NONE', *, *, #5065, .T. ) ;
#3593 = VECTOR ( 'NONE', #2164, 1000.000000000000000 ) ;
#3594 = ORIENTED_EDGE ( 'NONE', *, *, #3952, .T. ) ;
#3595 = AXIS2_PLACEMENT_3D ( 'NONE', #813, #7294, #3617 ) ;
#3596 = DIRECTION ( 'NONE',  ( -1.000000000000000000, -0.000000000000000000, -0.000000000000000000 ) ) ;
#3597 = STYLED_ITEM ( 'NONE', ( #5161 ), #7444 ) ;
#3598 =( LENGTH_UNIT ( ) NAMED_UNIT ( * ) SI_UNIT ( .MILLI., .METRE. ) );
#3599 = CARTESIAN_POINT ( 'NONE',  ( 2.449999999999997513, -1.000000000000000000, -3.860000000000031406 ) ) ;
#3600 = ORIENTED_EDGE ( 'NONE', *, *, #4864, .F. ) ;
#3601 = VECTOR ( 'NONE', #1189, 1000.000000000000000 ) ;
#3602 = DIRECTION ( 'NONE',  ( -1.000000000000000000, 0.000000000000000000, 0.000000000000000000 ) ) ;
#3603 =( NAMED_UNIT ( * ) SI_UNIT ( $, .STERADIAN. ) SOLID_ANGLE_UNIT ( ) );
#3604 = COLOUR_RGB ( '',0.3176470588235293935, 0.2470588235294117752, 0.2078431372549019440 ) ;
#3605 = FILL_AREA_STYLE_COLOUR ( '', #2750 ) ;
#3606 =( GEOMETRIC_REPRESENTATION_CONTEXT ( 3 ) GLOBAL_UNCERTAINTY_ASSIGNED_CONTEXT ( ( #6899 ) ) GLOBAL_UNIT_ASSIGNED_CONTEXT ( ( #6029, #4698, #5286 ) ) REPRESENTATION_CONTEXT ( 'NONE', 'WORKASPACE' ) );
#3607 = DIRECTION ( 'NONE',  ( 0.000000000000000000, -1.000000000000000000, 0.000000000000000000 ) ) ;
#3608 = ORIENTED_EDGE ( 'NONE', *, *, #6247, .T. ) ;
#3609 = FILL_AREA_STYLE ('',( #4487 ) ) ;
#3610 = FACE_OUTER_BOUND ( 'NONE', #8202, .T. ) ;
#3611 = ORIENTED_EDGE ( 'NONE', *, *, #6568, .T. ) ;
#3612 = UNCERTAINTY_MEASURE_WITH_UNIT (LENGTH_MEASURE( 1.000000000000000082E-05 ), #1703, 'distance_accuracy_value', 'NONE');
#3613 = PRESENTATION_LAYER_ASSIGNMENT (  '', '', ( #2677 ) ) ;
#3614 =( GEOMETRIC_REPRESENTATION_CONTEXT ( 3 ) GLOBAL_UNCERTAINTY_ASSIGNED_CONTEXT ( ( #9056 ) ) GLOBAL_UNIT_ASSIGNED_CONTEXT ( ( #4464, #8098, #3796 ) ) REPRESENTATION_CONTEXT ( 'NONE', 'WORKASPACE' ) );
#3615 = PLANE ( 'NONE',  #2976 ) ;
#3616 = ORIENTED_EDGE ( 'NONE', *, *, #5319, .T. ) ;
#3617 = DIRECTION ( 'NONE',  ( -1.000000000000000000, 0.000000000000000000, 6.776263578034403699E-16 ) ) ;
#3618 =( LENGTH_UNIT ( ) NAMED_UNIT ( * ) SI_UNIT ( .MILLI., .METRE. ) );
#3619 = ORIENTED_EDGE ( 'NONE', *, *, #7639, .T. ) ;
#3620 =( NAMED_UNIT ( * ) SI_UNIT ( $, .STERADIAN. ) SOLID_ANGLE_UNIT ( ) );
#3621 = DIRECTION ( 'NONE',  ( -0.000000000000000000, -1.000000000000000000, -0.000000000000000000 ) ) ;
#3622 = B_SPLINE_SURFACE_WITH_KNOTS ( 'NONE', 3, 1, ( 
 ( #8899, #2540 ),
 ( #6961, #7678 ),
 ( #1050, #6914 ),
 ( #2443, #8948 ),
 ( #3963, #3125 ),
 ( #7534, #2401 ) ),
 .UNSPECIFIED., .F., .F., .F.,
 ( 4, 2, 4 ),
 ( 2, 2 ),
 ( 0.000000000000000000, 0.5000000000000000000, 1.000000000000000000 ),
 ( 0.000000000000000000, 1.000000000000000000 ),
 .UNSPECIFIED. ) ;
#3623 = DIRECTION ( 'NONE',  ( 1.000000000000000000, -0.000000000000000000, -0.000000000000000000 ) ) ;
#3624 = DIRECTION ( 'NONE',  ( 1.239088197126291063E-16, 0.000000000000000000, 1.000000000000000000 ) ) ;
#3625 = PLANE ( 'NONE',  #9251 ) ;
#3626 = DIRECTION ( 'NONE',  ( 0.000000000000000000, 0.000000000000000000, 1.000000000000000000 ) ) ;
#3627 = DIRECTION ( 'NONE',  ( -1.000000000000000000, 0.000000000000000000, 0.000000000000000000 ) ) ;
#3628 = DIRECTION ( 'NONE',  ( 2.478176394252582127E-16, 0.000000000000000000, 1.000000000000000000 ) ) ;
#3629 = DIRECTION ( 'NONE',  ( 0.000000000000000000, 0.000000000000000000, -1.000000000000000000 ) ) ;
#3630 = ORIENTED_EDGE ( 'NONE', *, *, #877, .T. ) ;
#3631 = ORIENTED_EDGE ( 'NONE', *, *, #2688, .T. ) ;
#3632 = EDGE_CURVE ( 'NONE', #9070, #5169, #7284, .T. ) ;
#3633 = SURFACE_STYLE_USAGE ( .BOTH. , #5886 ) ;
#3634 = EDGE_LOOP ( 'NONE', ( #9447, #8466, #456, #5637 ) ) ;
#3635 = ADVANCED_FACE ( 'NONE', ( #2290 ), #4580, .F. ) ;
#3636 = CARTESIAN_POINT ( 'NONE',  ( -6.125000000000000888, 4.069999999999999396, 4.684999999999968523 ) ) ;
#3637 = EDGE_CURVE ( 'NONE', #7558, #4442, #3845, .T. ) ;
#3638 = EDGE_CURVE ( 'NONE', #3342, #2252, #8850, .T. ) ;
#3639 = DIRECTION ( 'NONE',  ( 0.000000000000000000, -0.000000000000000000, -1.000000000000000000 ) ) ;
#3640 = ORIENTED_EDGE ( 'NONE', *, *, #7095, .T. ) ;
#3641 = EDGE_CURVE ( 'NONE', #6321, #8830, #7544, .T. ) ;
#3642 = ORIENTED_EDGE ( 'NONE', *, *, #3352, .F. ) ;
#3643 = DIRECTION ( 'NONE',  ( -0.000000000000000000, -1.000000000000000000, -0.000000000000000000 ) ) ;
#3644 = FILL_AREA_STYLE ('',( #80 ) ) ;
#3645 =( LENGTH_UNIT ( ) NAMED_UNIT ( * ) SI_UNIT ( .MILLI., .METRE. ) );
#3646 = ORIENTED_EDGE ( 'NONE', *, *, #613, .T. ) ;
#3647 = EDGE_CURVE ( 'NONE', #550, #7205, #2917, .T. ) ;
#3648 = SURFACE_STYLE_USAGE ( .BOTH. , #1351 ) ;
#3649 =( LENGTH_UNIT ( ) NAMED_UNIT ( * ) SI_UNIT ( .MILLI., .METRE. ) );
#3650 = CARTESIAN_POINT ( 'NONE',  ( 2.676776695296635200, 0.000000000000000000, 3.633223304703330658 ) ) ;
#3651 = ORIENTED_EDGE ( 'NONE', *, *, #4237, .T. ) ;
#3652 = DIRECTION ( 'NONE',  ( 0.000000000000000000, 0.000000000000000000, 1.000000000000000000 ) ) ;
#3653 = FACE_OUTER_BOUND ( 'NONE', #674, .T. ) ;
#3654 = DIRECTION ( 'NONE',  ( -0.000000000000000000, -1.000000000000000000, -0.000000000000000000 ) ) ;
#3655 = EDGE_CURVE ( 'NONE', #4446, #1474, #8931, .T. ) ;
#3656 = EDGE_LOOP ( 'NONE', ( #5712, #1624, #6017, #8411, #8108, #5820, #1252, #7635 ) ) ;
#3657 = STYLED_ITEM ( 'NONE', ( #5438 ), #5826 ) ;
#3658 = CARTESIAN_POINT ( 'NONE',  ( 4.781556638036692952, 0.000000000000000000, -3.945110028630001153 ) ) ;
#3659 = DIRECTION ( 'NONE',  ( -0.1247869418429888855, 0.9843050534722199707, 0.1247869418429863320 ) ) ;
#3660 = ORIENTED_EDGE ( 'NONE', *, *, #8757, .T. ) ;
#3661 = CARTESIAN_POINT ( 'NONE',  ( -1.125000000000000888, 4.069999999999999396, -4.684999999999999609 ) ) ;
#3662 = CARTESIAN_POINT ( 'NONE',  ( -2.533333333333334991, -1.000000000000000000, 3.859999999999967901 ) ) ;
#3663 = LINE ( 'NONE', #8121, #4843 ) ;
#3664 =( GEOMETRIC_REPRESENTATION_CONTEXT ( 3 ) GLOBAL_UNCERTAINTY_ASSIGNED_CONTEXT ( ( #2972 ) ) GLOBAL_UNIT_ASSIGNED_CONTEXT ( ( #2901, #4376, #7320 ) ) REPRESENTATION_CONTEXT ( 'NONE', 'WORKASPACE' ) );
#3665 = VERTEX_POINT ( 'NONE', #8107 ) ;
#3666 = UNCERTAINTY_MEASURE_WITH_UNIT (LENGTH_MEASURE( 1.000000000000000082E-05 ), #1817, 'distance_accuracy_value', 'NONE');
#3667 = DIRECTION ( 'NONE',  ( 0.7071067811865474617, 0.000000000000000000, 0.7071067811865474617 ) ) ;
#3668 = EDGE_CURVE ( 'NONE', #2871, #1668, #1491, .T. ) ;
#3669 = FACE_OUTER_BOUND ( 'NONE', #2974, .T. ) ;
#3670 = DIRECTION ( 'NONE',  ( 0.000000000000000000, 0.000000000000000000, 1.000000000000000000 ) ) ;
#3671 = AXIS2_PLACEMENT_3D ( 'NONE', #8823, #2798, #5873 ) ;
#3672 = PLANE ( 'NONE',  #400 ) ;
#3673 = CARTESIAN_POINT ( 'NONE',  ( 2.364889971370025545, 0.000000000000000000, -3.591556638036728533 ) ) ;
#3674 = DIRECTION ( 'NONE',  ( -0.000000000000000000, -1.000000000000000000, -0.000000000000000000 ) ) ;
#3675 = FILL_AREA_STYLE ('',( #6646 ) ) ;
#3676 = PRESENTATION_STYLE_ASSIGNMENT (( #4859 ) ) ;
#3677 = FILL_AREA_STYLE_COLOUR ( '', #3936 ) ;
#3678 = FACE_BOUND ( 'NONE', #3484, .T. ) ;
#3679 = ORIENTED_EDGE ( 'NONE', *, *, #4479, .F. ) ;
#3680 = ORIENTED_EDGE ( 'NONE', *, *, #7213, .F. ) ;
#3681 = PRESENTATION_LAYER_ASSIGNMENT (  '', '', ( #8901 ) ) ;
#3682 =( NAMED_UNIT ( * ) PLANE_ANGLE_UNIT ( ) SI_UNIT ( $, .RADIAN. ) );
#3683 = SURFACE_STYLE_USAGE ( .BOTH. , #5001 ) ;
#3684 = MECHANICAL_DESIGN_GEOMETRIC_PRESENTATION_REPRESENTATION (  '', ( #3998 ), #5400 ) ;
#3685 =( LENGTH_UNIT ( ) NAMED_UNIT ( * ) SI_UNIT ( .MILLI., .METRE. ) );
#3686 = ORIENTED_EDGE ( 'NONE', *, *, #2745, .T. ) ;
#3687 = DIRECTION ( 'NONE',  ( 0.000000000000000000, 0.000000000000000000, -1.000000000000000000 ) ) ;
#3688 = SURFACE_STYLE_FILL_AREA ( #7514 ) ;
#3689 = VECTOR ( 'NONE', #8531, 1000.000000000000000 ) ;
#3690 = CARTESIAN_POINT ( 'NONE',  ( 3.874999999999999556, 1.570000000000000062, 2.935000000000003606 ) ) ;
#3691 = PLANE ( 'NONE',  #49 ) ;
#3692 = SURFACE_SIDE_STYLE ('',( #598 ) ) ;
#3693 = VERTEX_POINT ( 'NONE', #4431 ) ;
#3694 = UNCERTAINTY_MEASURE_WITH_UNIT (LENGTH_MEASURE( 1.000000000000000082E-05 ), #6447, 'distance_accuracy_value', 'NONE');
#3695 = CIRCLE ( 'NONE', #4327, 0.2500000000000002220 ) ;
#3696 =( NAMED_UNIT ( * ) SI_UNIT ( $, .STERADIAN. ) SOLID_ANGLE_UNIT ( ) );
#3697 = ORIENTED_EDGE ( 'NONE', *, *, #6328, .T. ) ;
#3698 = CARTESIAN_POINT ( 'NONE',  ( -4.125000000000000888, 4.069999999999999396, -2.684999999999964970 ) ) ;
#3699 = DIRECTION ( 'NONE',  ( -0.000000000000000000, -0.000000000000000000, -1.000000000000000000 ) ) ;
#3700 = COLOUR_RGB ( '',0.3176470588235293935, 0.2470588235294117752, 0.2078431372549019440 ) ;
#3701 = PRESENTATION_STYLE_ASSIGNMENT (( #3762 ) ) ;
#3702 = VECTOR ( 'NONE', #5028, 1000.000000000000000 ) ;
#3703 = ORIENTED_EDGE ( 'NONE', *, *, #545, .T. ) ;
#3704 = DIRECTION ( 'NONE',  ( -1.000000000000000000, 0.000000000000000000, 0.000000000000000000 ) ) ;
#3705 = SURFACE_STYLE_FILL_AREA ( #657 ) ;
#3706 = ORIENTED_EDGE ( 'NONE', *, *, #2065, .F. ) ;
#3707 = CARTESIAN_POINT ( 'NONE',  ( -3.625000000000000444, 4.069999999999999396, -2.934999999999982734 ) ) ;
#3708 = CARTESIAN_POINT ( 'NONE',  ( -4.823223304703364356, 0.000000000000000000, -3.633223304703394163 ) ) ;
#3709 = B_SPLINE_SURFACE_WITH_KNOTS ( 'NONE', 3, 1, ( 
 ( #1333, #8179 ),
 ( #107, #4365 ),
 ( #2265, #2120 ),
 ( #5989, #682 ),
 ( #4514, #2851 ),
 ( #3578, #6030 ) ),
 .UNSPECIFIED., .F., .F., .F.,
 ( 4, 2, 4 ),
 ( 2, 2 ),
 ( 0.000000000000000000, 0.5000000000000000000, 1.000000000000000000 ),
 ( 0.000000000000000000, 1.000000000000000000 ),
 .UNSPECIFIED. ) ;
#3710 = ORIENTED_EDGE ( 'NONE', *, *, #2659, .F. ) ;
#3711 = VECTOR ( 'NONE', #332, 1000.000000000000000 ) ;
#3712 = PRESENTATION_LAYER_ASSIGNMENT (  '', '', ( #507 ) ) ;
#3713 = PRESENTATION_LAYER_ASSIGNMENT (  '', '', ( #8040 ) ) ;
#3714 = UNCERTAINTY_MEASURE_WITH_UNIT (LENGTH_MEASURE( 1.000000000000000082E-05 ), #1210, 'distance_accuracy_value', 'NONE');
#3715 = EDGE_CURVE ( 'NONE', #1992, #9201, #6057, .T. ) ;
#3716 = FILL_AREA_STYLE ('',( #9461 ) ) ;
#3717 = ORIENTED_EDGE ( 'NONE', *, *, #6132, .F. ) ;
#3718 = CIRCLE ( 'NONE', #6972, 0.2500000000000002220 ) ;
#3719 = COLOUR_RGB ( '',0.2980392156862745057, 0.2980392156862745057, 0.2980392156862745057 ) ;
#3720 = DIRECTION ( 'NONE',  ( 0.000000000000000000, -1.000000000000000000, 0.000000000000000000 ) ) ;
#3721 = CIRCLE ( 'NONE', #6821, 0.2500000000000002220 ) ;
#3722 = MECHANICAL_DESIGN_GEOMETRIC_PRESENTATION_REPRESENTATION (  '', ( #5583 ), #9075 ) ;
#3723 = CARTESIAN_POINT ( 'NONE',  ( -5.218443361963306160, -3.295533442742040090E-19, 3.945110028629935872 ) ) ;
#3724 = FILL_AREA_STYLE_COLOUR ( '', #977 ) ;
#3725 = ORIENTED_EDGE ( 'NONE', *, *, #1655, .T. ) ;
#3726 =( NAMED_UNIT ( * ) PLANE_ANGLE_UNIT ( ) SI_UNIT ( $, .RADIAN. ) );
#3727 = VECTOR ( 'NONE', #2262, 1000.000000000000000 ) ;
#3728 = STYLED_ITEM ( 'NONE', ( #2910 ), #2235 ) ;
#3729 = AXIS2_PLACEMENT_3D ( 'NONE', #7507, #6600, #2896 ) ;
#3730 = VECTOR ( 'NONE', #9000, 1000.000000000000114 ) ;
#3731 = VECTOR ( 'NONE', #7081, 1000.000000000000000 ) ;
#3732 = SURFACE_STYLE_FILL_AREA ( #3783 ) ;
#3733 = LINE ( 'NONE', #7256, #1611 ) ;
#3734 = EDGE_CURVE ( 'NONE', #3108, #2075, #2345, .T. ) ;
#3735 = SURFACE_STYLE_USAGE ( .BOTH. , #830 ) ;
#3736 = SURFACE_STYLE_FILL_AREA ( #6380 ) ;
#3737 = CARTESIAN_POINT ( 'NONE',  ( -1.625000000000001110, 1.570000000000000062, 4.934999999999986287 ) ) ;
#3738 = STYLED_ITEM ( 'NONE', ( #6376 ), #6500 ) ;
#3739 = STYLED_ITEM ( 'NONE', ( #533 ), #2490 ) ;
#3740 =( LENGTH_UNIT ( ) NAMED_UNIT ( * ) SI_UNIT ( .MILLI., .METRE. ) );
#3741 =( GEOMETRIC_REPRESENTATION_CONTEXT ( 3 ) GLOBAL_UNCERTAINTY_ASSIGNED_CONTEXT ( ( #9408 ) ) GLOBAL_UNIT_ASSIGNED_CONTEXT ( ( #7026, #4838, #1187 ) ) REPRESENTATION_CONTEXT ( 'NONE', 'WORKASPACE' ) );
#3742 = CARTESIAN_POINT ( 'NONE',  ( 6.124999999999999112, 1.570000000000000062, -4.684999999999999609 ) ) ;
#3743 = CARTESIAN_POINT ( 'NONE',  ( 2.179999999999998828, 10.06999999999999851, -4.129999999999965254 ) ) ;
#3744 = VERTEX_POINT ( 'NONE', #2978 ) ;
#3745 = FILL_AREA_STYLE_COLOUR ( '', #9154 ) ;
#3746 = PRESENTATION_LAYER_ASSIGNMENT (  '', '', ( #2039 ) ) ;
#3747 = PLANE ( 'NONE',  #4824 ) ;
#3748 = CARTESIAN_POINT ( 'NONE',  ( -1.125000000000000888, 4.069999999999999396, 4.685000000000003162 ) ) ;
#3749 = ORIENTED_EDGE ( 'NONE', *, *, #4946, .T. ) ;
#3750 = DIRECTION ( 'NONE',  ( 0.000000000000000000, -1.000000000000000000, 0.000000000000000000 ) ) ;
#3751 = ADVANCED_FACE ( 'NONE', ( #5963 ), #2247, .F. ) ;
#3752 = CARTESIAN_POINT ( 'NONE',  ( 2.179999999999998828, 10.06999999999999851, -3.489999999999965574 ) ) ;
#3753 = MECHANICAL_DESIGN_GEOMETRIC_PRESENTATION_REPRESENTATION (  '', ( #4057 ), #1006 ) ;
#3754 = ORIENTED_EDGE ( 'NONE', *, *, #6967, .F. ) ;
#3755 = UNCERTAINTY_MEASURE_WITH_UNIT (LENGTH_MEASURE( 1.000000000000000082E-05 ), #6849, 'distance_accuracy_value', 'NONE');
#3756 = CARTESIAN_POINT ( 'NONE',  ( -3.625000000000000444, 1.570000000000000062, -2.934999999999982734 ) ) ;
#3757 = ORIENTED_EDGE ( 'NONE', *, *, #8334, .T. ) ;
#3758 = FILL_AREA_STYLE ('',( #3840 ) ) ;
#3759 = LINE ( 'NONE', #2195, #4664 ) ;
#3760 = MECHANICAL_DESIGN_GEOMETRIC_PRESENTATION_REPRESENTATION (  '', ( #1013 ), #4536 ) ;
#3761 = CARTESIAN_POINT ( 'NONE',  ( 2.820000000000000284, 4.069999999999999396, 3.490000000000034852 ) ) ;
#3762 = SURFACE_STYLE_USAGE ( .BOTH. , #795 ) ;
#3763 = LINE ( 'NONE', #8252, #8329 ) ;
#3764 =( NAMED_UNIT ( * ) SI_UNIT ( $, .STERADIAN. ) SOLID_ANGLE_UNIT ( ) );
#3765 = ORIENTED_EDGE ( 'NONE', *, *, #7807, .T. ) ;
#3766 =( LENGTH_UNIT ( ) NAMED_UNIT ( * ) SI_UNIT ( .MILLI., .METRE. ) );
#3767 = VECTOR ( 'NONE', #3567, 1000.000000000000000 ) ;
#3768 = ORIENTED_EDGE ( 'NONE', *, *, #2369, .T. ) ;
#3769 = EDGE_CURVE ( 'NONE', #180, #9256, #453, .T. ) ;
#3770 = PRESENTATION_LAYER_ASSIGNMENT (  '', '', ( #1770 ) ) ;
#3771 = CARTESIAN_POINT ( 'NONE',  ( -5.875000000000000888, 4.069999999999999396, 2.684999999999968523 ) ) ;
#3772 = ORIENTED_EDGE ( 'NONE', *, *, #1302, .T. ) ;
#3773 = MECHANICAL_DESIGN_GEOMETRIC_PRESENTATION_REPRESENTATION (  '', ( #888 ), #5629 ) ;
#3774 = PLANE ( 'NONE',  #3595 ) ;
#3775 = PRESENTATION_STYLE_ASSIGNMENT (( #143 ) ) ;
#3776 = FILL_AREA_STYLE ('',( #3568 ) ) ;
#3777 = ORIENTED_EDGE ( 'NONE', *, *, #1934, .T. ) ;
#3778 = EDGE_CURVE ( 'NONE', #5836, #3290, #3283, .T. ) ;
#3779 =( GEOMETRIC_REPRESENTATION_CONTEXT ( 3 ) GLOBAL_UNCERTAINTY_ASSIGNED_CONTEXT ( ( #8356 ) ) GLOBAL_UNIT_ASSIGNED_CONTEXT ( ( #1723, #7607, #5784 ) ) REPRESENTATION_CONTEXT ( 'NONE', 'WORKASPACE' ) );
#3780 = UNCERTAINTY_MEASURE_WITH_UNIT (LENGTH_MEASURE( 1.000000000000000082E-05 ), #7755, 'distance_accuracy_value', 'NONE');
#3781 = LINE ( 'NONE', #8680, #7576 ) ;
#3782 =( NAMED_UNIT ( * ) PLANE_ANGLE_UNIT ( ) SI_UNIT ( $, .RADIAN. ) );
#3783 = FILL_AREA_STYLE ('',( #8272 ) ) ;
#3784 = LINE ( 'NONE', #8309, #7172 ) ;
#3785 = CARTESIAN_POINT ( 'NONE',  ( 4.886611652351678714, -0.5000000000000000000, -3.923388347648349317 ) ) ;
#3786 = DIRECTION ( 'NONE',  ( -2.478176394252582127E-16, -0.000000000000000000, 1.000000000000000000 ) ) ;
#3787 = PRESENTATION_LAYER_ASSIGNMENT (  '', '', ( #8979 ) ) ;
#3788 = DIRECTION ( 'NONE',  ( 0.000000000000000000, 0.000000000000000000, 1.000000000000000000 ) ) ;
#3789 =( NAMED_UNIT ( * ) SI_UNIT ( $, .STERADIAN. ) SOLID_ANGLE_UNIT ( ) );
#3790 = ORIENTED_EDGE ( 'NONE', *, *, #8596, .T. ) ;
#3791 = EDGE_CURVE ( 'NONE', #5126, #8135, #6158, .T. ) ;
#3792 =( LENGTH_UNIT ( ) NAMED_UNIT ( * ) SI_UNIT ( .MILLI., .METRE. ) );
#3793 = DIRECTION ( 'NONE',  ( 0.7071067811865479058, 0.000000000000000000, -0.7071067811865472397 ) ) ;
#3794 = CARTESIAN_POINT ( 'NONE',  ( -5.135110028629972234, 0.000000000000000000, 3.591556638036665472 ) ) ;
#3795 = EDGE_LOOP ( 'NONE', ( #1598, #3631, #7839, #7484 ) ) ;
#3796 =( NAMED_UNIT ( * ) SI_UNIT ( $, .STERADIAN. ) SOLID_ANGLE_UNIT ( ) );
#3797 = DIRECTION ( 'NONE',  ( 0.000000000000000000, -0.000000000000000000, 1.000000000000000000 ) ) ;
#3798 = B_SPLINE_SURFACE_WITH_KNOTS ( 'NONE', 3, 1, ( 
 ( #6430, #3103 ),
 ( #15, #8198 ),
 ( #935, #786 ),
 ( #5199, #4468 ),
 ( #6103, #8876 ),
 ( #8969, #4528 ) ),
 .UNSPECIFIED., .F., .F., .F.,
 ( 4, 2, 4 ),
 ( 2, 2 ),
 ( 0.000000000000000000, 0.5000000000000000000, 1.000000000000000000 ),
 ( 0.000000000000000000, 1.000000000000000000 ),
 .UNSPECIFIED. ) ;
#3799 = LINE ( 'NONE', #1672, #4306 ) ;
#3800 = ORIENTED_EDGE ( 'NONE', *, *, #6288, .T. ) ;
#3801 = ADVANCED_FACE ( 'NONE', ( #6901 ), #1162, .F. ) ;
#3802 = VERTEX_POINT ( 'NONE', #7661 ) ;
#3803 = SURFACE_SIDE_STYLE ('',( #5354 ) ) ;
#3804 = FILL_AREA_STYLE_COLOUR ( '', #4044 ) ;
#3805 = DIRECTION ( 'NONE',  ( -0.7071067811865479058, 0.000000000000000000, -0.7071067811865472397 ) ) ;
#3806 = DIRECTION ( 'NONE',  ( 0.000000000000000000, -1.000000000000000000, 0.000000000000000000 ) ) ;
#3807 = SURFACE_STYLE_USAGE ( .BOTH. , #3149 ) ;
#3808 = CARTESIAN_POINT ( 'NONE',  ( -4.983333333333334281, -1.000000000000000000, 3.859999999999967901 ) ) ;
#3809 = ORIENTED_EDGE ( 'NONE', *, *, #8787, .T. ) ;
#3810 = SURFACE_SIDE_STYLE ('',( #906 ) ) ;
#3811 = ORIENTED_EDGE ( 'NONE', *, *, #4557, .T. ) ;
#3812 =( NAMED_UNIT ( * ) SI_UNIT ( $, .STERADIAN. ) SOLID_ANGLE_UNIT ( ) );
#3813 = UNCERTAINTY_MEASURE_WITH_UNIT (LENGTH_MEASURE( 1.000000000000000082E-05 ), #991, 'distance_accuracy_value', 'NONE');
#3814 = CARTESIAN_POINT ( 'NONE',  ( -2.819999999999998952, 4.069999999999999396, 4.130000000000034532 ) ) ;
#3815 = PLANE ( 'NONE',  #2286 ) ;
#3816 = ORIENTED_EDGE ( 'NONE', *, *, #5193, .F. ) ;
#3817 = DIRECTION ( 'NONE',  ( -1.000000000000000000, -0.000000000000000000, -0.000000000000000000 ) ) ;
#3818 = CARTESIAN_POINT ( 'NONE',  ( -0.3199999999999991185, 10.06999999999999851, 3.490000000000034852 ) ) ;
#3819 = ORIENTED_EDGE ( 'NONE', *, *, #1194, .T. ) ;
#3820 = AXIS2_PLACEMENT_3D ( 'NONE', #5486, #3313, #8460 ) ;
#3821 = PRESENTATION_STYLE_ASSIGNMENT (( #1561 ) ) ;
#3822 = PRESENTATION_STYLE_ASSIGNMENT (( #6705 ) ) ;
#3823 = STYLED_ITEM ( 'NONE', ( #2966 ), #2838 ) ;
#3824 = FILL_AREA_STYLE ('',( #5988 ) ) ;
#3825 = CARTESIAN_POINT ( 'NONE',  ( -3.625000000000000444, 1.570000000000000062, 2.934999999999986287 ) ) ;
#3826 =( NAMED_UNIT ( * ) PLANE_ANGLE_UNIT ( ) SI_UNIT ( $, .RADIAN. ) );
#3827 = LINE ( 'NONE', #6598, #4478 ) ;
#3828 = SURFACE_SIDE_STYLE ('',( #8134 ) ) ;
#3829 = ORIENTED_EDGE ( 'NONE', *, *, #6449, .F. ) ;
#3830 = FACE_OUTER_BOUND ( 'NONE', #5358, .T. ) ;
#3831 = VECTOR ( 'NONE', #2067, 1000.000000000000000 ) ;
#3832 = ADVANCED_FACE ( 'NONE', ( #8340 ), #4816, .F. ) ;
#3833 = DIRECTION ( 'NONE',  ( 0.7071067811865475727, -0.000000000000000000, 0.7071067811865475727 ) ) ;
#3834 = ORIENTED_EDGE ( 'NONE', *, *, #7497, .T. ) ;
#3835 = CARTESIAN_POINT ( 'NONE',  ( -3.625000000000000444, 4.069999999999999396, 2.934999999999986287 ) ) ;
#3836 = STYLED_ITEM ( 'NONE', ( #3822 ), #3043 ) ;
#3837 = SURFACE_STYLE_FILL_AREA ( #1029 ) ;
#3838 = ORIENTED_EDGE ( 'NONE', *, *, #3655, .T. ) ;
#3839 = ORIENTED_EDGE ( 'NONE', *, *, #5506, .T. ) ;
#3840 = FILL_AREA_STYLE_COLOUR ( '', #6515 ) ;
#3841 = VECTOR ( 'NONE', #4351, 1000.000000000000000 ) ;
#3842 = CARTESIAN_POINT ( 'NONE',  ( -0.8750000000000005551, 4.069999999999999396, 2.685000000000003606 ) ) ;
#3843 = AXIS2_PLACEMENT_3D ( 'NONE', #6191, #2474, #6320 ) ;
#3844 = DIRECTION ( 'NONE',  ( -0.7071067811865469066, 0.000000000000000000, -0.7071067811865482389 ) ) ;
#3845 = LINE ( 'NONE', #24, #8006 ) ;
#3846 = ADVANCED_FACE ( 'NONE', ( #831 ), #2121, .F. ) ;
#3847 = FILL_AREA_STYLE_COLOUR ( '', #5731 ) ;
#3848 = FILL_AREA_STYLE_COLOUR ( '', #4476 ) ;
#3849 = MECHANICAL_DESIGN_GEOMETRIC_PRESENTATION_REPRESENTATION (  '', ( #1388 ), #3204 ) ;
#3850 = ORIENTED_EDGE ( 'NONE', *, *, #1663, .T. ) ;
#3851 = CARTESIAN_POINT ( 'NONE',  ( -3.625000000000000444, 4.069999999999999396, 4.684999999999986287 ) ) ;
#3852 =( GEOMETRIC_REPRESENTATION_CONTEXT ( 3 ) GLOBAL_UNCERTAINTY_ASSIGNED_CONTEXT ( ( #3201 ) ) GLOBAL_UNIT_ASSIGNED_CONTEXT ( ( #4957, #9247, #9116 ) ) REPRESENTATION_CONTEXT ( 'NONE', 'WORKASPACE' ) );
#3853 = ORIENTED_EDGE ( 'NONE', *, *, #116, .F. ) ;
#3854 = LINE ( 'NONE', #8354, #3384 ) ;
#3855 = COLOUR_RGB ( '',0.3176470588235293935, 0.2470588235294117752, 0.2078431372549019440 ) ;
#3856 = ORIENTED_EDGE ( 'NONE', *, *, #7856, .T. ) ;
#3857 = VECTOR ( 'NONE', #7569, 1000.000000000000000 ) ;
#3858 = PLANE ( 'NONE',  #6119 ) ;
#3859 = EDGE_CURVE ( 'NONE', #6118, #6613, #495, .T. ) ;
#3860 = FILL_AREA_STYLE ('',( #6020 ) ) ;
#3861 =( NAMED_UNIT ( * ) PLANE_ANGLE_UNIT ( ) SI_UNIT ( $, .RADIAN. ) );
#3862 = EDGE_LOOP ( 'NONE', ( #6770, #4952, #3446, #3765 ) ) ;
#3863 =( GEOMETRIC_REPRESENTATION_CONTEXT ( 3 ) GLOBAL_UNCERTAINTY_ASSIGNED_CONTEXT ( ( #9034 ) ) GLOBAL_UNIT_ASSIGNED_CONTEXT ( ( #708, #412, #8432 ) ) REPRESENTATION_CONTEXT ( 'NONE', 'WORKASPACE' ) );
#3864 = CIRCLE ( 'NONE', #6058, 0.2500000000000002220 ) ;
#3865 = LINE ( 'NONE', #3128, #216 ) ;
#3866 = UNCERTAINTY_MEASURE_WITH_UNIT (LENGTH_MEASURE( 1.000000000000000082E-05 ), #3907, 'distance_accuracy_value', 'NONE');
#3867 = CARTESIAN_POINT ( 'NONE',  ( -4.950000000000001066, -1.000000000000000000, 3.759999999999968701 ) ) ;
#3868 = SURFACE_STYLE_FILL_AREA ( #1656 ) ;
#3869 = VECTOR ( 'NONE', #5342, 1000.000000000000000 ) ;
#3870 = VECTOR ( 'NONE', #5029, 1000.000000000000114 ) ;
#3871 = MECHANICAL_DESIGN_GEOMETRIC_PRESENTATION_REPRESENTATION (  '', ( #2795 ), #8620 ) ;
#3872 = CLOSED_SHELL ( 'NONE', ( #1937, #8378, #2932, #703, #8543, #7980 ) ) ;
#3873 = B_SPLINE_SURFACE_WITH_KNOTS ( 'NONE', 3, 1, ( 
 ( #629, #4308 ),
 ( #5780, #2849 ),
 ( #681, #8682 ),
 ( #8777, #2118 ),
 ( #3673, #6644 ),
 ( #5081, #4364 ) ),
 .UNSPECIFIED., .F., .F., .F.,
 ( 4, 2, 4 ),
 ( 2, 2 ),
 ( 0.000000000000000000, 0.5000000000000000000, 1.000000000000000000 ),
 ( 0.000000000000000000, 1.000000000000000000 ),
 .UNSPECIFIED. ) ;
#3874 =( GEOMETRIC_REPRESENTATION_CONTEXT ( 3 ) GLOBAL_UNCERTAINTY_ASSIGNED_CONTEXT ( ( #8844 ) ) GLOBAL_UNIT_ASSIGNED_CONTEXT ( ( #5514, #7862, #8536 ) ) REPRESENTATION_CONTEXT ( 'NONE', 'WORKASPACE' ) );
#3875 = MECHANICAL_DESIGN_GEOMETRIC_PRESENTATION_REPRESENTATION (  '', ( #1865 ), #3544 ) ;
#3876 = CARTESIAN_POINT ( 'NONE',  ( 0.1767766952966345340, 0.000000000000000000, -3.986776695296669448 ) ) ;
#3877 = CARTESIAN_POINT ( 'NONE',  ( -0.3200000000000008393, 4.069999999999999396, -3.489999999999965574 ) ) ;
#3878 = CARTESIAN_POINT ( 'NONE',  ( 2.499999999999998668, 0.000000000000000000, 3.809999999999968967 ) ) ;
#3879 = PRESENTATION_LAYER_ASSIGNMENT (  '', '', ( #9219 ) ) ;
#3880 = CARTESIAN_POINT ( 'NONE',  ( -1.125000000000000666, 1.570000000000000062, 2.935000000000003606 ) ) ;
#3881 =( GEOMETRIC_REPRESENTATION_CONTEXT ( 3 ) GLOBAL_UNCERTAINTY_ASSIGNED_CONTEXT ( ( #5772 ) ) GLOBAL_UNIT_ASSIGNED_CONTEXT ( ( #5173, #31, #2101 ) ) REPRESENTATION_CONTEXT ( 'NONE', 'WORKASPACE' ) );
#3882 = LINE ( 'NONE', #3094, #6524 ) ;
#3883 = MECHANICAL_DESIGN_GEOMETRIC_PRESENTATION_REPRESENTATION (  '', ( #7735 ), #1421 ) ;
#3884 = AXIS2_PLACEMENT_3D ( 'NONE', #1111, #4036, #6999 ) ;
#3885 = CARTESIAN_POINT ( 'NONE',  ( 5.874999999999999112, 1.570000000000000062, -4.935000000000000497 ) ) ;
#3886 = LINE ( 'NONE', #6848, #2963 ) ;
#3887 = PLANE ( 'NONE',  #173 ) ;
#3888 =( GEOMETRIC_REPRESENTATION_CONTEXT ( 3 ) GLOBAL_UNCERTAINTY_ASSIGNED_CONTEXT ( ( #5857 ) ) GLOBAL_UNIT_ASSIGNED_CONTEXT ( ( #3378, #2666, #4895 ) ) REPRESENTATION_CONTEXT ( 'NONE', 'WORKASPACE' ) );
#3889 = EDGE_LOOP ( 'NONE', ( #6931, #2522, #6601, #7809, #4316, #5183, #4246, #2304 ) ) ;
#3890 = PRESENTATION_STYLE_ASSIGNMENT (( #7652 ) ) ;
#3891 = MECHANICAL_DESIGN_GEOMETRIC_PRESENTATION_REPRESENTATION (  '', ( #4667 ), #3741 ) ;
#3892 =( NAMED_UNIT ( * ) SI_UNIT ( $, .STERADIAN. ) SOLID_ANGLE_UNIT ( ) );
#3893 = APPLICATION_PROTOCOL_DEFINITION ( 'draft international standard', 'automotive_design', 1998, #1920 ) ;
#3894 = ORIENTED_EDGE ( 'NONE', *, *, #9339, .T. ) ;
#3895 = UNCERTAINTY_MEASURE_WITH_UNIT (LENGTH_MEASURE( 1.000000000000000082E-05 ), #3147, 'distance_accuracy_value', 'NONE');
#3896 = EDGE_CURVE ( 'NONE', #6425, #1786, #733, .T. ) ;
#3897 =( GEOMETRIC_REPRESENTATION_CONTEXT ( 3 ) GLOBAL_UNCERTAINTY_ASSIGNED_CONTEXT ( ( #7389 ) ) GLOBAL_UNIT_ASSIGNED_CONTEXT ( ( #6754, #7511, #3046 ) ) REPRESENTATION_CONTEXT ( 'NONE', 'WORKASPACE' ) );
#3898 = LINE ( 'NONE', #1034, #9215 ) ;
#3899 = CARTESIAN_POINT ( 'NONE',  ( -1.625000000000001110, 4.069999999999999396, 2.684999999999986287 ) ) ;
#3900 = PRESENTATION_LAYER_ASSIGNMENT (  '', '', ( #3417 ) ) ;
#3901 = DIRECTION ( 'NONE',  ( 0.000000000000000000, 0.000000000000000000, 1.000000000000000000 ) ) ;
#3902 = FILL_AREA_STYLE ('',( #6903 ) ) ;
#3903 = FACE_OUTER_BOUND ( 'NONE', #2146, .T. ) ;
#3904 = ORIENTED_EDGE ( 'NONE', *, *, #394, .F. ) ;
#3905 = FACE_OUTER_BOUND ( 'NONE', #8480, .T. ) ;
#3906 = EDGE_LOOP ( 'NONE', ( #9140, #4282, #7513, #1673 ) ) ;
#3907 =( LENGTH_UNIT ( ) NAMED_UNIT ( * ) SI_UNIT ( .MILLI., .METRE. ) );
#3908 = AXIS2_PLACEMENT_3D ( 'NONE', #6435, #9449, #8562 ) ;
#3909 = ADVANCED_FACE ( 'NONE', ( #3579 ), #5084, .F. ) ;
#3910 = CARTESIAN_POINT ( 'NONE',  ( 0.8749999999999990008, 1.570000000000000062, -4.935000000000000497 ) ) ;
#3911 = PRESENTATION_STYLE_ASSIGNMENT (( #4768 ) ) ;
#3912 = ORIENTED_EDGE ( 'NONE', *, *, #900, .T. ) ;
#3913 = CARTESIAN_POINT ( 'NONE',  ( 0.04999999999999796274, -1.000000000000000000, -3.760000000000031761 ) ) ;
#3914 = MECHANICAL_DESIGN_GEOMETRIC_PRESENTATION_REPRESENTATION (  '', ( #4061 ), #7919 ) ;
#3915 = PRESENTATION_STYLE_ASSIGNMENT (( #5329 ) ) ;
#3916 = ORIENTED_EDGE ( 'NONE', *, *, #4577, .T. ) ;
#3917 = DIRECTION ( 'NONE',  ( 1.000000000000000000, 0.000000000000000000, 0.000000000000000000 ) ) ;
#3918 = ORIENTED_EDGE ( 'NONE', *, *, #966, .T. ) ;
#3919 = EDGE_CURVE ( 'NONE', #953, #6282, #5188, .T. ) ;
#3920 = DIRECTION ( 'NONE',  ( -0.1247869418429871646, -0.9843050534722198597, 0.1247869418429884414 ) ) ;
#3921 = ADVANCED_FACE ( 'NONE', ( #8779 ), #2173, .T. ) ;
#3922 = STYLED_ITEM ( 'NONE', ( #5365 ), #8378 ) ;
#3923 = PRESENTATION_LAYER_ASSIGNMENT (  '', '', ( #2669 ) ) ;
#3924 = CARTESIAN_POINT ( 'NONE',  ( 0.1351100286299680986, 0.000000000000000000, 3.591556638036664584 ) ) ;
#3925 = CARTESIAN_POINT ( 'NONE',  ( 4.124999999999999112, 4.069999999999999396, 2.685000000000003606 ) ) ;
#3926 = DIRECTION ( 'NONE',  ( 0.7071067811865479058, -0.000000000000000000, 0.7071067811865472397 ) ) ;
#3927 = CARTESIAN_POINT ( 'NONE',  ( -7.620000000000000107, 1.570000000000000062, 6.350000000000001421 ) ) ;
#3928 = CARTESIAN_POINT ( 'NONE',  ( 5.000000000000000000, 10.06999999999999851, 0.000000000000000000 ) ) ;
#3929 = VECTOR ( 'NONE', #1363, 1000.000000000000000 ) ;
#3930 = CARTESIAN_POINT ( 'NONE',  ( -4.680000000000000604, 10.06999999999999851, -4.129999999999965254 ) ) ;
#3931 = VECTOR ( 'NONE', #4937, 1000.000000000000000 ) ;
#3932 = COLOUR_RGB ( '',0.3176470588235293935, 0.2470588235294117752, 0.2078431372549019440 ) ;
#3933 = CARTESIAN_POINT ( 'NONE',  ( -7.620000000000000107, 0.000000000000000000, 6.350000000000001421 ) ) ;
#3934 = CARTESIAN_POINT ( 'NONE',  ( 3.374999999999999112, 1.570000000000000062, -2.685000000000000497 ) ) ;
#3935 = CARTESIAN_POINT ( 'NONE',  ( -5.875000000000000888, 1.570000000000000062, 2.684999999999968523 ) ) ;
#3936 = COLOUR_RGB ( '',0.7921568627450980005, 0.8196078431372548767, 0.9333333333333333481 ) ;
#3937 =( NAMED_UNIT ( * ) PLANE_ANGLE_UNIT ( ) SI_UNIT ( $, .RADIAN. ) );
#3938 = ORIENTED_EDGE ( 'NONE', *, *, #5945, .T. ) ;
#3939 = CARTESIAN_POINT ( 'NONE',  ( -0.8750000000000007772, 4.069999999999999396, 4.935000000000004050 ) ) ;
#3940 = CARTESIAN_POINT ( 'NONE',  ( 1.374999999999999556, 4.069999999999999396, -2.935000000000000053 ) ) ;
#3941 = ORIENTED_EDGE ( 'NONE', *, *, #9441, .F. ) ;
#3942 = EDGE_CURVE ( 'NONE', #8067, #2051, #1760, .T. ) ;
#3943 = DIRECTION ( 'NONE',  ( 0.000000000000000000, 0.000000000000000000, -1.000000000000000000 ) ) ;
#3944 = EDGE_CURVE ( 'NONE', #2153, #7216, #6747, .T. ) ;
#3945 = CARTESIAN_POINT ( 'NONE',  ( -5.320000000000001172, 10.06999999999999851, -3.489999999999965574 ) ) ;
#3946 = SURFACE_SIDE_STYLE ('',( #3317 ) ) ;
#3947 = EDGE_CURVE ( 'NONE', #4555, #5694, #8234, .T. ) ;
#3948 = EDGE_CURVE ( 'NONE', #7693, #8556, #3970, .T. ) ;
#3949 = CARTESIAN_POINT ( 'NONE',  ( -0.8750000000000005551, 1.570000000000000062, -2.685000000000000497 ) ) ;
#3950 = CARTESIAN_POINT ( 'NONE',  ( 5.176776695296636532, 0.000000000000000000, 3.986776695296605943 ) ) ;
#3951 = ORIENTED_EDGE ( 'NONE', *, *, #5433, .T. ) ;
#3952 = EDGE_CURVE ( 'NONE', #8266, #2814, #5990, .T. ) ;
#3953 = PRESENTATION_STYLE_ASSIGNMENT (( #4820 ) ) ;
#3954 = VERTEX_POINT ( 'NONE', #1707 ) ;
#3955 = CARTESIAN_POINT ( 'NONE',  ( 4.679999999999998828, 4.069999999999999396, -3.489999999999965574 ) ) ;
#3956 = EDGE_CURVE ( 'NONE', #2871, #2058, #2449, .T. ) ;
#3957 = CARTESIAN_POINT ( 'NONE',  ( -3.625000000000000444, 1.570000000000000062, 2.934999999999986287 ) ) ;
#3958 = ADVANCED_FACE ( 'NONE', ( #9040 ), #5379, .F. ) ;
#3959 = ORIENTED_EDGE ( 'NONE', *, *, #8704, .F. ) ;
#3960 = DIRECTION ( 'NONE',  ( 0.000000000000000000, -1.000000000000000000, 0.000000000000000000 ) ) ;
#3961 = LINE ( 'NONE', #6395, #5421 ) ;
#3962 = DIRECTION ( 'NONE',  ( -0.000000000000000000, -0.000000000000000000, -1.000000000000000000 ) ) ;
#3963 = CARTESIAN_POINT ( 'NONE',  ( -2.364889971370032651, 0.000000000000000000, -4.028443361963335967 ) ) ;
#3964 = ORIENTED_EDGE ( 'NONE', *, *, #3995, .T. ) ;
#3965 = FACE_OUTER_BOUND ( 'NONE', #8119, .T. ) ;
#3966 = UNCERTAINTY_MEASURE_WITH_UNIT (LENGTH_MEASURE( 1.000000000000000082E-05 ), #7317, 'distance_accuracy_value', 'NONE');
#3967 = DIRECTION ( 'NONE',  ( 0.7071067811865474617, 0.000000000000000000, 0.7071067811865474617 ) ) ;
#3968 = CARTESIAN_POINT ( 'NONE',  ( 3.374999999999999112, 4.069999999999999396, -4.935000000000000497 ) ) ;
#3969 =( NAMED_UNIT ( * ) SI_UNIT ( $, .STERADIAN. ) SOLID_ANGLE_UNIT ( ) );
#3970 = LINE ( 'NONE', #2455, #7248 ) ;
#3971 = CARTESIAN_POINT ( 'NONE',  ( 2.323223304703359915, 0.000000000000000000, 3.986776695296604167 ) ) ;
#3972 = EDGE_CURVE ( 'NONE', #1389, #9199, #156, .T. ) ;
#3973 = DIRECTION ( 'NONE',  ( 0.000000000000000000, 0.000000000000000000, 1.000000000000000000 ) ) ;
#3974 = CARTESIAN_POINT ( 'NONE',  ( -0.1767766952966388638, 0.000000000000000000, 3.633223304703332435 ) ) ;
#3975 = SURFACE_SIDE_STYLE ('',( #7692 ) ) ;
#3976 =( LENGTH_UNIT ( ) NAMED_UNIT ( * ) SI_UNIT ( .MILLI., .METRE. ) );
#3977 = EDGE_LOOP ( 'NONE', ( #3594, #2763, #2489, #8981 ) ) ;
#3978 = DIRECTION ( 'NONE',  ( -0.000000000000000000, 1.000000000000000000, 0.000000000000000000 ) ) ;
#3979 =( NAMED_UNIT ( * ) SI_UNIT ( $, .STERADIAN. ) SOLID_ANGLE_UNIT ( ) );
#3980 = LINE ( 'NONE', #4034, #3058 ) ;
#3981 = ORIENTED_EDGE ( 'NONE', *, *, #6195, .T. ) ;
#3982 = UNCERTAINTY_MEASURE_WITH_UNIT (LENGTH_MEASURE( 1.000000000000000082E-05 ), #6438, 'distance_accuracy_value', 'NONE');
#3983 = CARTESIAN_POINT ( 'NONE',  ( -5.176776695296639197, 0.000000000000000000, 3.633223304703332435 ) ) ;
#3984 = COLOUR_RGB ( '',0.3176470588235293935, 0.2470588235294117752, 0.2078431372549019440 ) ;
#3985 = FILL_AREA_STYLE ('',( #1069 ) ) ;
#3986 = LINE ( 'NONE', #5591, #9216 ) ;
#3987 = EDGE_CURVE ( 'NONE', #1602, #5249, #3695, .T. ) ;
#3988 = CARTESIAN_POINT ( 'NONE',  ( 0.000000000000000000, 4.069999999999999396, 0.000000000000000000 ) ) ;
#3989 = ORIENTED_EDGE ( 'NONE', *, *, #287, .T. ) ;
#3990 = COLOUR_RGB ( '',0.2980392156862745057, 0.2980392156862745057, 0.2980392156862745057 ) ;
#3991 =( NAMED_UNIT ( * ) PLANE_ANGLE_UNIT ( ) SI_UNIT ( $, .RADIAN. ) );
#3992 = ORIENTED_EDGE ( 'NONE', *, *, #2997, .F. ) ;
#3993 = CARTESIAN_POINT ( 'NONE',  ( 4.949999999999998401, -1.000000000000000000, 3.843333333333301294 ) ) ;
#3994 = CIRCLE ( 'NONE', #7397, 0.2500000000000002220 ) ;
#3995 = EDGE_CURVE ( 'NONE', #3012, #2434, #5478, .T. ) ;
#3996 = PRESENTATION_STYLE_ASSIGNMENT (( #8485 ) ) ;
#3997 = DIRECTION ( 'NONE',  ( 1.000000000000000000, 0.000000000000000000, 0.000000000000000000 ) ) ;
#3998 = STYLED_ITEM ( 'NONE', ( #704 ), #3516 ) ;
#3999 = ORIENTED_EDGE ( 'NONE', *, *, #928, .T. ) ;
#4000 = CARTESIAN_POINT ( 'NONE',  ( 3.874999999999999112, 1.570000000000000062, -4.684999999999999609 ) ) ;
#4001 = SURFACE_STYLE_USAGE ( .BOTH. , #1130 ) ;
#4002 = FACE_OUTER_BOUND ( 'NONE', #2731, .T. ) ;
#4003 = ORIENTED_EDGE ( 'NONE', *, *, #4291, .T. ) ;
#4004 = LINE ( 'NONE', #4105, #5272 ) ;
#4005 = STYLED_ITEM ( 'NONE', ( #4712 ), #4766 ) ;
#4006 = CARTESIAN_POINT ( 'NONE',  ( -3.375000000000000444, 1.570000000000000062, -2.684999999999983178 ) ) ;
#4007 = DIRECTION ( 'NONE',  ( -6.776263578034403699E-16, 0.000000000000000000, -1.000000000000000000 ) ) ;
#4008 = COLOUR_RGB ( '',0.7921568627450980005, 0.8196078431372548767, 0.9333333333333333481 ) ;
#4009 = EDGE_CURVE ( 'NONE', #7947, #8522, #4837, .T. ) ;
#4010 = COLOUR_RGB ( '',0.2980392156862745057, 0.2980392156862745057, 0.2980392156862745057 ) ;
#4011 = SURFACE_SIDE_STYLE ('',( #435 ) ) ;
#4012 = DIRECTION ( 'NONE',  ( 0.7071067811865482389, 0.000000000000000000, -0.7071067811865469066 ) ) ;
#4013 = DIRECTION ( 'NONE',  ( 0.000000000000000000, 0.000000000000000000, 1.000000000000000000 ) ) ;
#4014 = STYLED_ITEM ( 'NONE', ( #430 ), #5033 ) ;
#4015 = VECTOR ( 'NONE', #3404, 1000.000000000000000 ) ;
#4016 =( LENGTH_UNIT ( ) NAMED_UNIT ( * ) SI_UNIT ( .MILLI., .METRE. ) );
#4017 = CARTESIAN_POINT ( 'NONE',  ( 4.983333333333328063, -1.000000000000000000, -3.860000000000031406 ) ) ;
#4018 = DIRECTION ( 'NONE',  ( 0.000000000000000000, 0.000000000000000000, 1.000000000000000000 ) ) ;
#4019 = CARTESIAN_POINT ( 'NONE',  ( -0.2184433619633061319, 0.000000000000000000, 3.945110028629935872 ) ) ;
#4020 = VECTOR ( 'NONE', #5866, 1000.000000000000000 ) ;
#4021 = COLOUR_RGB ( '',0.2980392156862745057, 0.2980392156862745057, 0.2980392156862745057 ) ;
#4022 = AXIS2_PLACEMENT_3D ( 'NONE', #8751, #2776, #7957 ) ;
#4023 = VECTOR ( 'NONE', #3602, 1000.000000000000000 ) ;
#4024 = ADVANCED_FACE ( 'NONE', ( #5517 ), #8197, .T. ) ;
#4025 = CARTESIAN_POINT ( 'NONE',  ( -4.950000000000001954, -1.000000000000000000, -3.760000000000031761 ) ) ;
#4026 = PLANE ( 'NONE',  #8590 ) ;
#4027 = EDGE_LOOP ( 'NONE', ( #5994, #2052, #5943, #5509, #850, #5212, #6048, #4126 ) ) ;
#4028 = CARTESIAN_POINT ( 'NONE',  ( -2.386611652351683155, -0.5000000000000000000, -3.696611652351713406 ) ) ;
#4029 =( GEOMETRIC_REPRESENTATION_CONTEXT ( 3 ) GLOBAL_UNCERTAINTY_ASSIGNED_CONTEXT ( ( #3452 ) ) GLOBAL_UNIT_ASSIGNED_CONTEXT ( ( #7120, #3310, #2926 ) ) REPRESENTATION_CONTEXT ( 'NONE', 'WORKASPACE' ) );
#4030 = SURFACE_SIDE_STYLE ('',( #2519 ) ) ;
#4031 = VECTOR ( 'NONE', #5182, 1000.000000000000000 ) ;
#4032 =( NAMED_UNIT ( * ) SI_UNIT ( $, .STERADIAN. ) SOLID_ANGLE_UNIT ( ) );
#4033 = VECTOR ( 'NONE', #1872, 1000.000000000000000 ) ;
#4034 = CARTESIAN_POINT ( 'NONE',  ( -2.820000000000000728, 10.06999999999999851, -3.489999999999965574 ) ) ;
#4035 = ORIENTED_EDGE ( 'NONE', *, *, #3211, .F. ) ;
#4036 = DIRECTION ( 'NONE',  ( -1.000000000000000000, 0.000000000000000000, 0.000000000000000000 ) ) ;
#4037 =( GEOMETRIC_REPRESENTATION_CONTEXT ( 3 ) GLOBAL_UNCERTAINTY_ASSIGNED_CONTEXT ( ( #4559 ) ) GLOBAL_UNIT_ASSIGNED_CONTEXT ( ( #4305, #5777, #1368 ) ) REPRESENTATION_CONTEXT ( 'NONE', 'WORKASPACE' ) );
#4038 = STYLED_ITEM ( 'NONE', ( #3391 ), #2233 ) ;
#4039 = EDGE_CURVE ( 'NONE', #5853, #2879, #7739, .T. ) ;
#4040 = CARTESIAN_POINT ( 'NONE',  ( 0.06903559372884761347, 0.000000000000000000, -4.060000000000032472 ) ) ;
#4041 = PRESENTATION_LAYER_ASSIGNMENT (  '', '', ( #4970 ) ) ;
#4042 =( NAMED_UNIT ( * ) PLANE_ANGLE_UNIT ( ) SI_UNIT ( $, .RADIAN. ) );
#4043 = PRESENTATION_STYLE_ASSIGNMENT (( #1205 ) ) ;
#4044 = COLOUR_RGB ( '',0.3176470588235293935, 0.2470588235294117752, 0.2078431372549019440 ) ;
#4045 = ORIENTED_EDGE ( 'NONE', *, *, #7639, .F. ) ;
#4046 = FILL_AREA_STYLE ('',( #5643 ) ) ;
#4047 = ORIENTED_EDGE ( 'NONE', *, *, #9236, .F. ) ;
#4048 = FACE_OUTER_BOUND ( 'NONE', #5632, .T. ) ;
#4049 = UNCERTAINTY_MEASURE_WITH_UNIT (LENGTH_MEASURE( 1.000000000000000082E-05 ), #5592, 'distance_accuracy_value', 'NONE');
#4050 = CARTESIAN_POINT ( 'NONE',  ( -1.375000000000001110, 1.570000000000000062, -2.934999999999982734 ) ) ;
#4051 = DIRECTION ( 'NONE',  ( -0.000000000000000000, 1.000000000000000000, 0.000000000000000000 ) ) ;
#4052 = ORIENTED_EDGE ( 'NONE', *, *, #6681, .F. ) ;
#4053 = DIRECTION ( 'NONE',  ( -0.1247869418429888855, 0.9843050534722199707, 0.1247869418429863320 ) ) ;
#4054 = CARTESIAN_POINT ( 'NONE',  ( 6.124999999999999112, 4.069999999999999396, -2.935000000000000053 ) ) ;
#4055 =( NAMED_UNIT ( * ) SI_UNIT ( $, .STERADIAN. ) SOLID_ANGLE_UNIT ( ) );
#4056 = VERTEX_POINT ( 'NONE', #6311 ) ;
#4057 = STYLED_ITEM ( 'NONE', ( #1054 ), #6983 ) ;
#4058 = CARTESIAN_POINT ( 'NONE',  ( -0.8750000000000007772, 4.069999999999999396, -4.935000000000000497 ) ) ;
#4059 = PLANE ( 'NONE',  #7272 ) ;
#4060 = LINE ( 'NONE', #9221, #7903 ) ;
#4061 = STYLED_ITEM ( 'NONE', ( #257 ), #8057 ) ;
#4062 = LINE ( 'NONE', #6271, #7689 ) ;
#4063 = CARTESIAN_POINT ( 'NONE',  ( -5.050000000000002487, -1.000000000000000000, -3.760000000000031761 ) ) ;
#4064 = CARTESIAN_POINT ( 'NONE',  ( -2.819999999999998952, 10.06999999999999851, 3.490000000000034852 ) ) ;
#4065 = CARTESIAN_POINT ( 'NONE',  ( 2.549999999999997602, -1.000000000000000000, -3.860000000000031406 ) ) ;
#4066 = EDGE_CURVE ( 'NONE', #1344, #1341, #1804, .T. ) ;
#4067 = EDGE_CURVE ( 'NONE', #1956, #4446, #1186, .T. ) ;
#4068 = FILL_AREA_STYLE ('',( #8959 ) ) ;
#4069 = FILL_AREA_STYLE ('',( #2696 ) ) ;
#4070 = LINE ( 'NONE', #1762, #9359 ) ;
#4071 = CARTESIAN_POINT ( 'NONE',  ( -2.364889971370031763, 0.000000000000000000, -3.591556638036726756 ) ) ;
#4072 = VECTOR ( 'NONE', #6227, 1000.000000000000000 ) ;
#4073 = FILL_AREA_STYLE ('',( #4115 ) ) ;
#4074 =( GEOMETRIC_REPRESENTATION_CONTEXT ( 3 ) GLOBAL_UNCERTAINTY_ASSIGNED_CONTEXT ( ( #3189 ) ) GLOBAL_UNIT_ASSIGNED_CONTEXT ( ( #2977, #793, #6728 ) ) REPRESENTATION_CONTEXT ( 'NONE', 'WORKASPACE' ) );
#4075 =( NAMED_UNIT ( * ) PLANE_ANGLE_UNIT ( ) SI_UNIT ( $, .RADIAN. ) );
#4076 = CARTESIAN_POINT ( 'NONE',  ( -5.016666666666668384, -1.000000000000000000, -3.760000000000031761 ) ) ;
#4077 = SURFACE_STYLE_FILL_AREA ( #6317 ) ;
#4078 = ORIENTED_EDGE ( 'NONE', *, *, #4240, .F. ) ;
#4080 = STYLED_ITEM ( 'NONE', ( #3037 ), #7669 ) ;
#4079 = FILL_AREA_STYLE ('',( #5446 ) ) ;
#4081 = SURFACE_SIDE_STYLE ('',( #5582 ) ) ;
#4082 = PLANE ( 'NONE',  #6480 ) ;
#4083 = ORIENTED_EDGE ( 'NONE', *, *, #4890, .F. ) ;
#4084 = EDGE_CURVE ( 'NONE', #4239, #8556, #2591, .T. ) ;
#4085 = PRESENTATION_LAYER_ASSIGNMENT (  '', '', ( #9276 ) ) ;
#4086 = LINE ( 'NONE', #5682, #3731 ) ;
#4087 = STYLED_ITEM ( 'NONE', ( #7307 ), #7980 ) ;
#4088 = CARTESIAN_POINT ( 'NONE',  ( -0.03333333333333660109, -1.000000000000000000, -3.860000000000031406 ) ) ;
#4089 = CARTESIAN_POINT ( 'NONE',  ( -0.1133883476483205782, -0.5000000000000000000, 3.923388347648286700 ) ) ;
#4090 =( NAMED_UNIT ( * ) SI_UNIT ( $, .STERADIAN. ) SOLID_ANGLE_UNIT ( ) );
#4091 = CARTESIAN_POINT ( 'NONE',  ( -5.176776695296640085, 0.000000000000000000, -3.986776695296667672 ) ) ;
#4092 = ORIENTED_EDGE ( 'NONE', *, *, #637, .F. ) ;
#4093 = ADVANCED_FACE ( 'NONE', ( #1225 ), #2694, .F. ) ;
#4094 = ORIENTED_EDGE ( 'NONE', *, *, #6698, .F. ) ;
#4095 = CARTESIAN_POINT ( 'NONE',  ( -0.8750000000000005551, 4.069999999999999396, -2.685000000000000497 ) ) ;
#4096 = UNCERTAINTY_MEASURE_WITH_UNIT (LENGTH_MEASURE( 1.000000000000000082E-05 ), #8122, 'distance_accuracy_value', 'NONE');
#4097 = CARTESIAN_POINT ( 'NONE',  ( 0.06903559372884673917, 0.000000000000000000, 4.059999999999970299 ) ) ;
#4098 =( LENGTH_UNIT ( ) NAMED_UNIT ( * ) SI_UNIT ( .MILLI., .METRE. ) );
#4099 = EDGE_LOOP ( 'NONE', ( #1246, #7359, #6386, #9395 ) ) ;
#4100 = DIRECTION ( 'NONE',  ( 0.000000000000000000, 0.000000000000000000, 1.000000000000000000 ) ) ;
#4101 = SURFACE_STYLE_FILL_AREA ( #7855 ) ;
#4102 = LINE ( 'NONE', #1215, #1411 ) ;
#4103 = SURFACE_STYLE_FILL_AREA ( #6264 ) ;
#4104 = ORIENTED_EDGE ( 'NONE', *, *, #2049, .F. ) ;
#4105 = CARTESIAN_POINT ( 'NONE',  ( -0.3200000000000008393, 10.06999999999999851, -4.129999999999965254 ) ) ;
#4106 = FILL_AREA_STYLE ('',( #6267 ) ) ;
#4107 = SURFACE_SIDE_STYLE ('',( #8369 ) ) ;
#4108 = CARTESIAN_POINT ( 'NONE',  ( 2.179999999999998828, 10.06999999999999851, -4.129999999999965254 ) ) ;
#4109 = LINE ( 'NONE', #8417, #2277 ) ;
#4110 = CARTESIAN_POINT ( 'NONE',  ( 2.281556638036692508, 0.000000000000000000, -3.674889971370063790 ) ) ;
#4111 = CARTESIAN_POINT ( 'NONE',  ( 2.466666666666663232, -1.000000000000000000, -3.860000000000031406 ) ) ;
#4112 = PRESENTATION_STYLE_ASSIGNMENT (( #5711 ) ) ;
#4113 = CARTESIAN_POINT ( 'NONE',  ( -1.375000000000001110, 4.069999999999999396, 4.684999999999986287 ) ) ;
#4114 = CARTESIAN_POINT ( 'NONE',  ( -2.516666666666668384, -1.000000000000000000, -3.760000000000031761 ) ) ;
#4115 = FILL_AREA_STYLE_COLOUR ( '', #9088 ) ;
#4116 = DIRECTION ( 'NONE',  ( 1.000000000000000000, 0.000000000000000000, -0.000000000000000000 ) ) ;
#4117 = SURFACE_STYLE_FILL_AREA ( #1193 ) ;
#4118 = DIRECTION ( 'NONE',  ( 0.7071067811865472397, 0.000000000000000000, -0.7071067811865479058 ) ) ;
#4119 = CARTESIAN_POINT ( 'NONE',  ( -0.1767766952966397243, 0.000000000000000000, -3.986776695296667672 ) ) ;
#4120 = DIRECTION ( 'NONE',  ( 1.000000000000000000, 0.000000000000000000, -6.776263578034403699E-16 ) ) ;
#4121 = EDGE_LOOP ( 'NONE', ( #8602, #3238, #1676, #542 ) ) ;
#4122 =( GEOMETRIC_REPRESENTATION_CONTEXT ( 3 ) GLOBAL_UNCERTAINTY_ASSIGNED_CONTEXT ( ( #1755 ) ) GLOBAL_UNIT_ASSIGNED_CONTEXT ( ( #6144, #4075, #8423 ) ) REPRESENTATION_CONTEXT ( 'NONE', 'WORKASPACE' ) );
#4123 = EDGE_CURVE ( 'NONE', #9070, #1502, #6544, .T. ) ;
#4124 =( NAMED_UNIT ( * ) PLANE_ANGLE_UNIT ( ) SI_UNIT ( $, .RADIAN. ) );
#4125 = DIRECTION ( 'NONE',  ( 0.000000000000000000, -0.000000000000000000, 1.000000000000000000 ) ) ;
#4126 = ORIENTED_EDGE ( 'NONE', *, *, #176, .F. ) ;
#4127 = STYLED_ITEM ( 'NONE', ( #8510 ), #2944 ) ;
#4128 =( NAMED_UNIT ( * ) PLANE_ANGLE_UNIT ( ) SI_UNIT ( $, .RADIAN. ) );
#4129 = DIRECTION ( 'NONE',  ( 0.000000000000000000, 0.000000000000000000, -1.000000000000000000 ) ) ;
#4130 = VERTEX_POINT ( 'NONE', #4405 ) ;
#4131 = SURFACE_SIDE_STYLE ('',( #7808 ) ) ;
#4132 = VERTEX_POINT ( 'NONE', #5180 ) ;
#4133 = PRESENTATION_LAYER_ASSIGNMENT (  '', '', ( #8890 ) ) ;
#4134 = CARTESIAN_POINT ( 'NONE',  ( 3.874999999999999112, 4.069999999999999396, 4.685000000000003162 ) ) ;
#4135 = ORIENTED_EDGE ( 'NONE', *, *, #9390, .T. ) ;
#4136 = CARTESIAN_POINT ( 'NONE',  ( 2.820000000000000284, 4.069999999999999396, 3.490000000000034852 ) ) ;
#4137 = DIRECTION ( 'NONE',  ( 0.000000000000000000, -1.000000000000000000, 0.000000000000000000 ) ) ;
#4138 = VECTOR ( 'NONE', #8118, 1000.000000000000000 ) ;
#4139 =( NAMED_UNIT ( * ) PLANE_ANGLE_UNIT ( ) SI_UNIT ( $, .RADIAN. ) );
#4140 = VERTEX_POINT ( 'NONE', #1362 ) ;
#4141 = CARTESIAN_POINT ( 'NONE',  ( -2.323223304703365688, 0.000000000000000000, -3.986776695296669448 ) ) ;
#4142 = VECTOR ( 'NONE', #936, 1000.000000000000000 ) ;
#4143 = FACE_OUTER_BOUND ( 'NONE', #3288, .T. ) ;
#4144 = LINE ( 'NONE', #2975, #236 ) ;
#4145 = AXIS2_PLACEMENT_3D ( 'NONE', #1078, #3997, #6299 ) ;
#4146 =( NAMED_UNIT ( * ) PLANE_ANGLE_UNIT ( ) SI_UNIT ( $, .RADIAN. ) );
#4147 = ADVANCED_FACE ( 'NONE', ( #2737 ), #2392, .T. ) ;
#4148 = LINE ( 'NONE', #2589, #6563 ) ;
#4149 = VECTOR ( 'NONE', #7909, 1000.000000000000000 ) ;
#4150 = COLOUR_RGB ( '',0.3176470588235293935, 0.2470588235294117752, 0.2078431372549019440 ) ;
#4151 = SURFACE_STYLE_FILL_AREA ( #4881 ) ;
#4152 =( LENGTH_UNIT ( ) NAMED_UNIT ( * ) SI_UNIT ( .MILLI., .METRE. ) );
#4153 = CARTESIAN_POINT ( 'NONE',  ( 5.016666666666661278, -1.000000000000000000, -3.860000000000031406 ) ) ;
#4154 = VECTOR ( 'NONE', #8310, 1000.000000000000000 ) ;
#4155 = DIRECTION ( 'NONE',  ( 0.000000000000000000, 0.000000000000000000, -1.000000000000000000 ) ) ;
#4156 = SURFACE_SIDE_STYLE ('',( #7788 ) ) ;
#4157 = SURFACE_STYLE_USAGE ( .BOTH. , #2598 ) ;
#4158 = VECTOR ( 'NONE', #2188, 1000.000000000000000 ) ;
#4159 = VECTOR ( 'NONE', #8933, 1000.000000000000000 ) ;
#4160 = SURFACE_STYLE_USAGE ( .BOTH. , #3975 ) ;
#4161 = COLOUR_RGB ( '',0.2980392156862745057, 0.2980392156862745057, 0.2980392156862745057 ) ;
#4162 = VECTOR ( 'NONE', #2648, 1000.000000000000000 ) ;
#4163 =( LENGTH_UNIT ( ) NAMED_UNIT ( * ) SI_UNIT ( .MILLI., .METRE. ) );
#4164 = CARTESIAN_POINT ( 'NONE',  ( -2.500000000000001776, 0.000000000000000000, -3.810000000000031140 ) ) ;
#4165 =( GEOMETRIC_REPRESENTATION_CONTEXT ( 3 ) GLOBAL_UNCERTAINTY_ASSIGNED_CONTEXT ( ( #6297 ) ) GLOBAL_UNIT_ASSIGNED_CONTEXT ( ( #2088, #2760, #8051 ) ) REPRESENTATION_CONTEXT ( 'NONE', 'WORKASPACE' ) );
#4166 = DIRECTION ( 'NONE',  ( -0.000000000000000000, -1.000000000000000000, -0.000000000000000000 ) ) ;
#4167 = EDGE_LOOP ( 'NONE', ( #9330, #7993, #7169, #2339 ) ) ;
#4168 = COLOUR_RGB ( '',0.2980392156862745057, 0.2980392156862745057, 0.2980392156862745057 ) ;
#4169 = ADVANCED_FACE ( 'NONE', ( #5924 ), #7421, .T. ) ;
#4170 = CIRCLE ( 'NONE', #1717, 0.2500000000000002220 ) ;
#4171 = CARTESIAN_POINT ( 'NONE',  ( 3.374999999999999112, 1.570000000000000062, 2.685000000000003606 ) ) ;
#4172 = AXIS2_PLACEMENT_3D ( 'NONE', #3365, #7387, #4155 ) ;
#4173 = VECTOR ( 'NONE', #4355, 1000.000000000000000 ) ;
#4174 = COLOUR_RGB ( '',0.2980392156862745057, 0.2980392156862745057, 0.2980392156862745057 ) ;
#4175 = EDGE_LOOP ( 'NONE', ( #5552, #3399, #8219, #372 ) ) ;
#4176 =( GEOMETRIC_REPRESENTATION_CONTEXT ( 3 ) GLOBAL_UNCERTAINTY_ASSIGNED_CONTEXT ( ( #2284 ) ) GLOBAL_UNIT_ASSIGNED_CONTEXT ( ( #1654, #6220, #4595 ) ) REPRESENTATION_CONTEXT ( 'NONE', 'WORKASPACE' ) );
#4177 = VECTOR ( 'NONE', #3019, 999.9999999999998863 ) ;
#4178 = COLOUR_RGB ( '',0.3176470588235293935, 0.2470588235294117752, 0.2078431372549019440 ) ;
#4179 = DIRECTION ( 'NONE',  ( 0.000000000000000000, 0.000000000000000000, 1.000000000000000000 ) ) ;
#4180 = SURFACE_STYLE_USAGE ( .BOTH. , #1250 ) ;
#4181 = EDGE_CURVE ( 'NONE', #8493, #4255, #3864, .T. ) ;
#4182 = SURFACE_STYLE_USAGE ( .BOTH. , #7842 ) ;
#4183 = ORIENTED_EDGE ( 'NONE', *, *, #3225, .F. ) ;
#4184 = ADVANCED_FACE ( 'NONE', ( #2399 ), #6662, .T. ) ;
#4185 = STYLED_ITEM ( 'NONE', ( #5933 ), #5995 ) ;
#4186 = CARTESIAN_POINT ( 'NONE',  ( 3.624999999999998668, 1.570000000000000062, 4.685000000000003162 ) ) ;
#4187 = PRESENTATION_LAYER_ASSIGNMENT (  '', '', ( #845 ) ) ;
#4188 = ORIENTED_EDGE ( 'NONE', *, *, #1533, .F. ) ;
#4189 = MECHANICAL_DESIGN_GEOMETRIC_PRESENTATION_REPRESENTATION (  '', ( #2951 ), #7743 ) ;
#4190 = COLOUR_RGB ( '',0.2980392156862745057, 0.2980392156862745057, 0.2980392156862745057 ) ;
#4191 = LINE ( 'NONE', #4095, #2473 ) ;
#4192 = ORIENTED_EDGE ( 'NONE', *, *, #351, .T. ) ;
#4193 = PRESENTATION_LAYER_ASSIGNMENT (  '', '', ( #6084 ) ) ;
#4194 = VECTOR ( 'NONE', #9368, 999.9999999999998863 ) ;
#4195 =( NAMED_UNIT ( * ) SI_UNIT ( $, .STERADIAN. ) SOLID_ANGLE_UNIT ( ) );
#4196 = PRESENTATION_LAYER_ASSIGNMENT (  '', '', ( #4813 ) ) ;
#4197 = CARTESIAN_POINT ( 'NONE',  ( 1.624999999999999334, 4.069999999999999396, -4.935000000000000497 ) ) ;
#4198 =( NAMED_UNIT ( * ) SI_UNIT ( $, .STERADIAN. ) SOLID_ANGLE_UNIT ( ) );
#4199 = LINE ( 'NONE', #1179, #8188 ) ;
#4200 = ORIENTED_EDGE ( 'NONE', *, *, #2567, .F. ) ;
#4201 = SURFACE_SIDE_STYLE ('',( #2640 ) ) ;
#4202 = EDGE_CURVE ( 'NONE', #5419, #1992, #4632, .T. ) ;
#4203 = ORIENTED_EDGE ( 'NONE', *, *, #1821, .T. ) ;
#4204 = DIRECTION ( 'NONE',  ( -0.000000000000000000, -0.000000000000000000, 1.000000000000000000 ) ) ;
#4205 =( GEOMETRIC_REPRESENTATION_CONTEXT ( 3 ) GLOBAL_UNCERTAINTY_ASSIGNED_CONTEXT ( ( #4494 ) ) GLOBAL_UNIT_ASSIGNED_CONTEXT ( ( #8424, #3272, #6929 ) ) REPRESENTATION_CONTEXT ( 'NONE', 'WORKASPACE' ) );
#4206 = LINE ( 'NONE', #7376, #8360 ) ;
#4207 = SURFACE_STYLE_FILL_AREA ( #615 ) ;
#4208 = LINE ( 'NONE', #7165, #4138 ) ;
#4209 = PLANE ( 'NONE',  #6262 ) ;
#4210 =( NAMED_UNIT ( * ) SI_UNIT ( $, .STERADIAN. ) SOLID_ANGLE_UNIT ( ) );
#4211 = VECTOR ( 'NONE', #3412, 1000.000000000000000 ) ;
#4212 = LINE ( 'NONE', #5480, #2834 ) ;
#4213 = FACE_OUTER_BOUND ( 'NONE', #297, .T. ) ;
#4214 = LINE ( 'NONE', #2596, #3250 ) ;
#4215 = DIRECTION ( 'NONE',  ( 0.7071067811865482389, -0.000000000000000000, 0.7071067811865469066 ) ) ;
#4216 = PRESENTATION_LAYER_ASSIGNMENT (  '', '', ( #255 ) ) ;
#4217 =( NAMED_UNIT ( * ) PLANE_ANGLE_UNIT ( ) SI_UNIT ( $, .RADIAN. ) );
#4218 = FILL_AREA_STYLE_COLOUR ( '', #3984 ) ;
#4219 = LINE ( 'NONE', #8130, #1914 ) ;
#4220 = CARTESIAN_POINT ( 'NONE',  ( 2.569035593728846489, 0.000000000000000000, 4.059999999999970299 ) ) ;
#4221 = DIRECTION ( 'NONE',  ( 0.000000000000000000, 0.000000000000000000, -1.000000000000000000 ) ) ;
#4222 = LINE ( 'NONE', #4997, #2128 ) ;
#4223 = VECTOR ( 'NONE', #6178, 999.9999999999998863 ) ;
#4224 = ORIENTED_EDGE ( 'NONE', *, *, #2457, .F. ) ;
#4225 = CARTESIAN_POINT ( 'NONE',  ( -4.125000000000000888, 4.069999999999999396, -2.684999999999964970 ) ) ;
#4226 = CARTESIAN_POINT ( 'NONE',  ( 4.864889971370026878, 0.000000000000000000, 4.028443361963271130 ) ) ;
#4227 = ORIENTED_EDGE ( 'NONE', *, *, #3632, .F. ) ;
#4228 =( LENGTH_UNIT ( ) NAMED_UNIT ( * ) SI_UNIT ( .MILLI., .METRE. ) );
#4229 = DIRECTION ( 'NONE',  ( -0.000000000000000000, 1.000000000000000000, 0.000000000000000000 ) ) ;
#4230 = PLANE ( 'NONE',  #6346 ) ;
#4231 = EDGE_LOOP ( 'NONE', ( #4903, #3489, #4639, #3834 ) ) ;
#4232 = PLANE ( 'NONE',  #8505 ) ;
#4233 = EDGE_CURVE ( 'NONE', #6761, #7524, #7587, .T. ) ;
#4234 = EDGE_LOOP ( 'NONE', ( #8880, #2098, #7470, #7750 ) ) ;
#4235 = CARTESIAN_POINT ( 'NONE',  ( 4.124999999999999112, 1.570000000000000062, 2.685000000000003606 ) ) ;
#4236 = ADVANCED_FACE ( 'NONE', ( #8898 ), #7531, .F. ) ;
#4237 = EDGE_CURVE ( 'NONE', #6433, #8804, #8444, .T. ) ;
#4238 = DIRECTION ( 'NONE',  ( -0.000000000000000000, -1.000000000000000000, -0.000000000000000000 ) ) ;
#4239 = VERTEX_POINT ( 'NONE', #2579 ) ;
#4240 = EDGE_CURVE ( 'NONE', #1102, #9239, #2636, .T. ) ;
#4241 = LINE ( 'NONE', #7954, #7126 ) ;
#4242 = FILL_AREA_STYLE ('',( #2824 ) ) ;
#4243 = UNCERTAINTY_MEASURE_WITH_UNIT (LENGTH_MEASURE( 1.000000000000000082E-05 ), #2260, 'distance_accuracy_value', 'NONE');
#4244 = DIRECTION ( 'NONE',  ( -1.000000000000000000, -0.000000000000000000, -0.000000000000000000 ) ) ;
#4245 =( NAMED_UNIT ( * ) SI_UNIT ( $, .STERADIAN. ) SOLID_ANGLE_UNIT ( ) );
#4246 = ORIENTED_EDGE ( 'NONE', *, *, #4822, .F. ) ;
#4247 = CARTESIAN_POINT ( 'NONE',  ( -0.3200000000000008393, 4.069999999999999396, -4.129999999999965254 ) ) ;
#4248 = EDGE_CURVE ( 'NONE', #7147, #7949, #3961, .T. ) ;
#4249 = ORIENTED_EDGE ( 'NONE', *, *, #5755, .F. ) ;
#4250 = CARTESIAN_POINT ( 'NONE',  ( 0.3199999999999991185, 10.06999999999999851, -4.129999999999965254 ) ) ;
#4251 = ADVANCED_FACE ( 'NONE', ( #1881 ), #1829, .T. ) ;
#4252 = CARTESIAN_POINT ( 'NONE',  ( -4.950000000000001954, -1.000000000000000000, -3.860000000000031406 ) ) ;
#4253 = DIRECTION ( 'NONE',  ( 1.000000000000000000, 0.000000000000000000, -0.000000000000000000 ) ) ;
#4254 = DIRECTION ( 'NONE',  ( 0.000000000000000000, 0.000000000000000000, -1.000000000000000000 ) ) ;
#4255 = VERTEX_POINT ( 'NONE', #8530 ) ;
#4256 = FACE_OUTER_BOUND ( 'NONE', #2444, .T. ) ;
#4257 = PLANE ( 'NONE',  #6062 ) ;
#4258 = EDGE_LOOP ( 'NONE', ( #756, #5196, #1416, #8462 ) ) ;
#4259 = UNCERTAINTY_MEASURE_WITH_UNIT (LENGTH_MEASURE( 1.000000000000000082E-05 ), #4452, 'distance_accuracy_value', 'NONE');
#4260 = LINE ( 'NONE', #624, #5264 ) ;
#4261 = LINE ( 'NONE', #6495, #4194 ) ;
#4262 = CARTESIAN_POINT ( 'NONE',  ( 5.249999999999999112, 0.000000000000000000, 3.879035593728817233 ) ) ;
#4263 = EDGE_CURVE ( 'NONE', #4917, #6321, #4170, .T. ) ;
#4264 = FACE_OUTER_BOUND ( 'NONE', #7360, .T. ) ;
#4265 = DIRECTION ( 'NONE',  ( 0.000000000000000000, 0.000000000000000000, 1.000000000000000000 ) ) ;
#4266 =( LENGTH_UNIT ( ) NAMED_UNIT ( * ) SI_UNIT ( .MILLI., .METRE. ) );
#4267 = LINE ( 'NONE', #632, #2438 ) ;
#4268 = ORIENTED_EDGE ( 'NONE', *, *, #503, .F. ) ;
#4269 =( LENGTH_UNIT ( ) NAMED_UNIT ( * ) SI_UNIT ( .MILLI., .METRE. ) );
#4270 = FACE_OUTER_BOUND ( 'NONE', #5644, .T. ) ;
#4271 = FACE_OUTER_BOUND ( 'NONE', #9340, .T. ) ;
#4272 = VERTEX_POINT ( 'NONE', #466 ) ;
#4273 = DIRECTION ( 'NONE',  ( -1.000000000000000000, 0.000000000000000000, 0.000000000000000000 ) ) ;
#4274 =( NAMED_UNIT ( * ) SI_UNIT ( $, .STERADIAN. ) SOLID_ANGLE_UNIT ( ) );
#4275 = FILL_AREA_STYLE ('',( #787 ) ) ;
#4276 = ORIENTED_EDGE ( 'NONE', *, *, #900, .F. ) ;
#4277 = CARTESIAN_POINT ( 'NONE',  ( 6.124999999999999112, 4.069999999999999396, 4.685000000000003162 ) ) ;
#4278 = EDGE_LOOP ( 'NONE', ( #912, #2066, #1117, #7817 ) ) ;
#4279 = AXIS2_PLACEMENT_3D ( 'NONE', #1060, #1192, #4116 ) ;
#4280 = FILL_AREA_STYLE ('',( #5749 ) ) ;
#4281 = CARTESIAN_POINT ( 'NONE',  ( -0.8750000000000005551, 1.570000000000000062, 2.685000000000003606 ) ) ;
#4282 = ORIENTED_EDGE ( 'NONE', *, *, #2916, .F. ) ;
#4283 = CARTESIAN_POINT ( 'NONE',  ( 2.613388347648316845, -0.5000000000000000000, -3.696611652351713406 ) ) ;
#4284 = FILL_AREA_STYLE ('',( #6475 ) ) ;
#4285 = FILL_AREA_STYLE ('',( #3605 ) ) ;
#4286 = SURFACE_STYLE_USAGE ( .BOTH. , #2097 ) ;
#4287 = VERTEX_POINT ( 'NONE', #427 ) ;
#4288 = LINE ( 'NONE', #7339, #986 ) ;
#4289 =( GEOMETRIC_REPRESENTATION_CONTEXT ( 3 ) GLOBAL_UNCERTAINTY_ASSIGNED_CONTEXT ( ( #6668 ) ) GLOBAL_UNIT_ASSIGNED_CONTEXT ( ( #4163, #1152, #7031 ) ) REPRESENTATION_CONTEXT ( 'NONE', 'WORKASPACE' ) );
#4290 = ORIENTED_EDGE ( 'NONE', *, *, #3481, .T. ) ;
#4291 = EDGE_CURVE ( 'NONE', #634, #5687, #4771, .T. ) ;
#4292 = UNCERTAINTY_MEASURE_WITH_UNIT (LENGTH_MEASURE( 1.000000000000000082E-05 ), #2450, 'distance_accuracy_value', 'NONE');
#4293 = CARTESIAN_POINT ( 'NONE',  ( -3.375000000000000444, 4.069999999999999396, 2.684999999999986287 ) ) ;
#4294 = CARTESIAN_POINT ( 'NONE',  ( 2.549999999999998490, -1.000000000000000000, 3.776666666666634420 ) ) ;
#4295 = ORIENTED_EDGE ( 'NONE', *, *, #3297, .T. ) ;
#4296 = CARTESIAN_POINT ( 'NONE',  ( 4.124999999999999112, 4.069999999999999396, 4.935000000000004050 ) ) ;
#4297 = SURFACE_SIDE_STYLE ('',( #1322 ) ) ;
#4298 = SURFACE_SIDE_STYLE ('',( #7968 ) ) ;
#4299 = SURFACE_STYLE_USAGE ( .BOTH. , #1364 ) ;
#4300 = UNCERTAINTY_MEASURE_WITH_UNIT (LENGTH_MEASURE( 1.000000000000000082E-05 ), #9308, 'distance_accuracy_value', 'NONE');
#4301 = ORIENTED_EDGE ( 'NONE', *, *, #2916, .T. ) ;
#4302 = ADVANCED_FACE ( 'NONE', ( #1749 ), #7103, .F. ) ;
#4303 = CARTESIAN_POINT ( 'NONE',  ( -2.718443361963307048, 0.000000000000000000, -3.674889971370063790 ) ) ;
#4304 = EDGE_CURVE ( 'NONE', #6613, #5585, #1261, .T. ) ;
#4305 =( LENGTH_UNIT ( ) NAMED_UNIT ( * ) SI_UNIT ( .MILLI., .METRE. ) );
#4306 = VECTOR ( 'NONE', #7469, 1000.000000000000114 ) ;
#4307 = SURFACE_SIDE_STYLE ('',( #1370 ) ) ;
#4308 = CARTESIAN_POINT ( 'NONE',  ( 2.549999999999997602, -1.000000000000000000, -3.760000000000031761 ) ) ;
#4309 =( NAMED_UNIT ( * ) PLANE_ANGLE_UNIT ( ) SI_UNIT ( $, .RADIAN. ) );
#4310 = VECTOR ( 'NONE', #752, 1000.000000000000114 ) ;
#4311 = FILL_AREA_STYLE_COLOUR ( '', #120 ) ;
#4312 = DIRECTION ( 'NONE',  ( -0.7071067811865469066, -0.000000000000000000, 0.7071067811865482389 ) ) ;
#4313 = ORIENTED_EDGE ( 'NONE', *, *, #6859, .F. ) ;
#4314 =( GEOMETRIC_REPRESENTATION_CONTEXT ( 3 ) GLOBAL_UNCERTAINTY_ASSIGNED_CONTEXT ( ( #1874 ) ) GLOBAL_UNIT_ASSIGNED_CONTEXT ( ( #1931, #4139, #4198 ) ) REPRESENTATION_CONTEXT ( 'NONE', 'WORKASPACE' ) );
#4315 = MECHANICAL_DESIGN_GEOMETRIC_PRESENTATION_REPRESENTATION (  '', ( #1993 ), #346 ) ;
#4316 = ORIENTED_EDGE ( 'NONE', *, *, #4233, .F. ) ;
#4317 =( NAMED_UNIT ( * ) PLANE_ANGLE_UNIT ( ) SI_UNIT ( $, .RADIAN. ) );
#4318 = STYLED_ITEM ( 'NONE', ( #6031 ), #3958 ) ;
#4319 = PLANE ( 'NONE',  #8511 ) ;
#4320 = EDGE_CURVE ( 'NONE', #2723, #5604, #2725, .T. ) ;
#4321 = CARTESIAN_POINT ( 'NONE',  ( 0.1767766952966362548, 0.000000000000000000, 3.986776695296605943 ) ) ;
#4322 = ORIENTED_EDGE ( 'NONE', *, *, #1675, .T. ) ;
#4323 = VECTOR ( 'NONE', #7089, 1000.000000000000000 ) ;
#4324 =( NAMED_UNIT ( * ) PLANE_ANGLE_UNIT ( ) SI_UNIT ( $, .RADIAN. ) );
#4325 = AXIS2_PLACEMENT_3D ( 'NONE', #8032, #5291, #2176 ) ;
#4326 = SURFACE_SIDE_STYLE ('',( #7186 ) ) ;
#4327 = AXIS2_PLACEMENT_3D ( 'NONE', #6179, #8372, #108 ) ;
#4328 = SURFACE_STYLE_USAGE ( .BOTH. , #3692 ) ;
#4329 = ORIENTED_EDGE ( 'NONE', *, *, #7041, .F. ) ;
#4330 = CARTESIAN_POINT ( 'NONE',  ( -3.625000000000000444, 4.069999999999999396, -2.934999999999982734 ) ) ;
#4331 = EDGE_CURVE ( 'NONE', #6486, #7915, #4241, .T. ) ;
#4332 = ORIENTED_EDGE ( 'NONE', *, *, #3791, .T. ) ;
#4333 = LINE ( 'NONE', #2093, #1728 ) ;
#4334 = STYLED_ITEM ( 'NONE', ( #6216 ), #9100 ) ;
#4335 = VECTOR ( 'NONE', #823, 1000.000000000000000 ) ;
#4336 = PRESENTATION_LAYER_ASSIGNMENT (  '', '', ( #1865 ) ) ;
#4337 =( NAMED_UNIT ( * ) PLANE_ANGLE_UNIT ( ) SI_UNIT ( $, .RADIAN. ) );
#4338 = CARTESIAN_POINT ( 'NONE',  ( 4.679999999999998828, 10.06999999999999851, -3.489999999999965574 ) ) ;
#4339 = ORIENTED_EDGE ( 'NONE', *, *, #6105, .F. ) ;
#4340 =( NAMED_UNIT ( * ) SI_UNIT ( $, .STERADIAN. ) SOLID_ANGLE_UNIT ( ) );
#4341 = FACE_OUTER_BOUND ( 'NONE', #265, .T. ) ;
#4342 = CARTESIAN_POINT ( 'NONE',  ( 5.049999999999997158, -1.000000000000000000, -3.776666666666699257 ) ) ;
#4343 = ORIENTED_EDGE ( 'NONE', *, *, #4534, .F. ) ;
#4344 = VECTOR ( 'NONE', #3596, 1000.000000000000000 ) ;
#4345 = CARTESIAN_POINT ( 'NONE',  ( -4.125000000000000888, 4.069999999999999396, 4.934999999999968523 ) ) ;
#4346 = ORIENTED_EDGE ( 'NONE', *, *, #5311, .F. ) ;
#4347 = COLOUR_RGB ( '',0.2980392156862745057, 0.2980392156862745057, 0.2980392156862745057 ) ;
#4348 = VECTOR ( 'NONE', #8379, 1000.000000000000000 ) ;
#4349 = FACE_OUTER_BOUND ( 'NONE', #3906, .T. ) ;
#4350 = AXIS2_PLACEMENT_3D ( 'NONE', #7546, #7508, #927 ) ;
#4351 = DIRECTION ( 'NONE',  ( -0.000000000000000000, -1.000000000000000000, -0.000000000000000000 ) ) ;
#4352 = VERTEX_POINT ( 'NONE', #6621 ) ;
#4353 = DIRECTION ( 'NONE',  ( 0.000000000000000000, 0.000000000000000000, 1.000000000000000000 ) ) ;
#4354 = CARTESIAN_POINT ( 'NONE',  ( -3.375000000000000888, 1.570000000000000062, 4.934999999999986287 ) ) ;
#4355 = DIRECTION ( 'NONE',  ( -0.000000000000000000, -1.000000000000000000, -0.000000000000000000 ) ) ;
#4356 = EDGE_LOOP ( 'NONE', ( #6850, #2029, #6519, #4611 ) ) ;
#4357 = EDGE_CURVE ( 'NONE', #5694, #8831, #2095, .T. ) ;
#4358 = COLOUR_RGB ( '',0.3176470588235293935, 0.2470588235294117752, 0.2078431372549019440 ) ;
#4359 = UNCERTAINTY_MEASURE_WITH_UNIT (LENGTH_MEASURE( 1.000000000000000082E-05 ), #8907, 'distance_accuracy_value', 'NONE');
#4360 = FILL_AREA_STYLE_COLOUR ( '', #5108 ) ;
#4361 = EDGE_CURVE ( 'NONE', #7989, #2879, #5850, .T. ) ;
#4362 = CARTESIAN_POINT ( 'NONE',  ( 0.1133883476483171088, -0.5000000000000000000, 3.696611652351649902 ) ) ;
#4363 = EDGE_CURVE ( 'NONE', #2069, #7524, #7334, .T. ) ;
#4364 = CARTESIAN_POINT ( 'NONE',  ( 2.449999999999997513, -1.000000000000000000, -3.760000000000031761 ) ) ;
#4365 = CARTESIAN_POINT ( 'NONE',  ( 5.033333333333330550, -1.000000000000000000, -3.760000000000031761 ) ) ;
#4366 = DIRECTION ( 'NONE',  ( 1.000000000000000000, 0.000000000000000000, -6.776263578034403699E-16 ) ) ;
#4367 =( NAMED_UNIT ( * ) PLANE_ANGLE_UNIT ( ) SI_UNIT ( $, .RADIAN. ) );
#4368 = EDGE_CURVE ( 'NONE', #5238, #8741, #26, .T. ) ;
#4369 = FACE_BOUND ( 'NONE', #7037, .T. ) ;
#4370 = SURFACE_STYLE_FILL_AREA ( #9430 ) ;
#4371 = ORIENTED_EDGE ( 'NONE', *, *, #1528, .T. ) ;
#4372 = EDGE_LOOP ( 'NONE', ( #8283, #5012, #4403, #6429 ) ) ;
#4373 =( GEOMETRIC_REPRESENTATION_CONTEXT ( 3 ) GLOBAL_UNCERTAINTY_ASSIGNED_CONTEXT ( ( #5175 ) ) GLOBAL_UNIT_ASSIGNED_CONTEXT ( ( #7150, #4337, #6391 ) ) REPRESENTATION_CONTEXT ( 'NONE', 'WORKASPACE' ) );
#4374 = SURFACE_STYLE_USAGE ( .BOTH. , #1338 ) ;
#4375 = SURFACE_STYLE_USAGE ( .BOTH. , #1433 ) ;
#4376 =( NAMED_UNIT ( * ) PLANE_ANGLE_UNIT ( ) SI_UNIT ( $, .RADIAN. ) );
#4377 = ORIENTED_EDGE ( 'NONE', *, *, #3070, .T. ) ;
#4378 = CARTESIAN_POINT ( 'NONE',  ( -0.3199999999999991185, 4.069999999999999396, 4.130000000000034532 ) ) ;
#4379 = EDGE_CURVE ( 'NONE', #9354, #1008, #9065, .T. ) ;
#4380 = VECTOR ( 'NONE', #1413, 1000.000000000000000 ) ;
#4381 = STYLED_ITEM ( 'NONE', ( #314 ), #7485 ) ;
#4382 = ADVANCED_FACE ( 'NONE', ( #5754 ), #6531, .F. ) ;
#4383 = CARTESIAN_POINT ( 'NONE',  ( 3.874999999999999556, 4.069999999999999396, 2.935000000000003606 ) ) ;
#4384 = FACE_OUTER_BOUND ( 'NONE', #446, .T. ) ;
#4385 = VERTEX_POINT ( 'NONE', #4971 ) ;
#4386 = LINE ( 'NONE', #7226, #4665 ) ;
#4387 = VERTEX_POINT ( 'NONE', #8748 ) ;
#4388 = SURFACE_STYLE_USAGE ( .BOTH. , #2054 ) ;
#4389 = COLOUR_RGB ( '',0.3176470588235293935, 0.2470588235294117752, 0.2078431372549019440 ) ;
#4390 = ORIENTED_EDGE ( 'NONE', *, *, #1238, .F. ) ;
#4391 = EDGE_CURVE ( 'NONE', #9149, #5817, #5113, .T. ) ;
#4392 = CARTESIAN_POINT ( 'NONE',  ( -2.180000000000001048, 10.06999999999999851, -4.129999999999965254 ) ) ;
#4393 = CARTESIAN_POINT ( 'NONE',  ( 5.218443361963300831, 0.000000000000000000, -3.945110028630002930 ) ) ;
#4394 = VECTOR ( 'NONE', #6090, 1000.000000000000000 ) ;
#4395 = EDGE_LOOP ( 'NONE', ( #6775, #2348, #7926, #1540 ) ) ;
#4396 = CARTESIAN_POINT ( 'NONE',  ( 4.124999999999999112, 1.570000000000000062, -4.935000000000000497 ) ) ;
#4397 = EDGE_CURVE ( 'NONE', #6207, #4958, #6008, .T. ) ;
#4398 = DIRECTION ( 'NONE',  ( -0.000000000000000000, -1.000000000000000000, -0.000000000000000000 ) ) ;
#4399 = EDGE_LOOP ( 'NONE', ( #237, #2310, #6212, #5087, #240, #5918, #8619, #3499 ) ) ;
#4400 = UNCERTAINTY_MEASURE_WITH_UNIT (LENGTH_MEASURE( 1.000000000000000082E-05 ), #1980, 'distance_accuracy_value', 'NONE');
#4401 = COLOUR_RGB ( '',0.2980392156862745057, 0.2980392156862745057, 0.2980392156862745057 ) ;
#4402 = CARTESIAN_POINT ( 'NONE',  ( -4.950000000000001954, -1.000000000000000000, -3.860000000000031406 ) ) ;
#4403 = ORIENTED_EDGE ( 'NONE', *, *, #8164, .F. ) ;
#4404 = CARTESIAN_POINT ( 'NONE',  ( 0.3200000000000008393, 10.06999999999999851, 4.130000000000034532 ) ) ;
#4405 = CARTESIAN_POINT ( 'NONE',  ( -2.550000000000002487, -1.000000000000000000, -3.760000000000031761 ) ) ;
#4406 = CARTESIAN_POINT ( 'NONE',  ( -3.875000000000000888, 1.570000000000000062, 2.934999999999968523 ) ) ;
#4407 = ORIENTED_EDGE ( 'NONE', *, *, #4363, .F. ) ;
#4408 =( NAMED_UNIT ( * ) PLANE_ANGLE_UNIT ( ) SI_UNIT ( $, .RADIAN. ) );
#4409 = EDGE_CURVE ( 'NONE', #7205, #3693, #3113, .T. ) ;
#4410 = DIRECTION ( 'NONE',  ( -0.000000000000000000, -1.000000000000000000, -0.000000000000000000 ) ) ;
#4411 = DIRECTION ( 'NONE',  ( 0.000000000000000000, 0.000000000000000000, 1.000000000000000000 ) ) ;
#4412 = FILL_AREA_STYLE ('',( #4218 ) ) ;
#4413 = DIRECTION ( 'NONE',  ( -0.1247869418429880251, -0.9843050534722198597, -0.1247869418429880251 ) ) ;
#4414 = FACE_OUTER_BOUND ( 'NONE', #7105, .T. ) ;
#4415 = SURFACE_STYLE_USAGE ( .BOTH. , #1468 ) ;
#4416 = SURFACE_STYLE_FILL_AREA ( #8086 ) ;
#4417 =( NAMED_UNIT ( * ) SI_UNIT ( $, .STERADIAN. ) SOLID_ANGLE_UNIT ( ) );
#4418 = EDGE_LOOP ( 'NONE', ( #4530, #5860, #3754, #6559 ) ) ;
#4419 = EDGE_LOOP ( 'NONE', ( #3064, #892, #407, #3697 ) ) ;
#4420 = SURFACE_STYLE_FILL_AREA ( #636 ) ;
#4421 = ORIENTED_EDGE ( 'NONE', *, *, #3501, .F. ) ;
#4422 = CARTESIAN_POINT ( 'NONE',  ( -1.734723475976807094E-15, 0.000000000000000000, -3.810000000000031140 ) ) ;
#4423 = FILL_AREA_STYLE_COLOUR ( '', #5888 ) ;
#4424 = SURFACE_STYLE_USAGE ( .BOTH. , #2864 ) ;
#4425 = EDGE_LOOP ( 'NONE', ( #2625, #4045, #1397, #4486 ) ) ;
#4426 = ADVANCED_FACE ( 'NONE', ( #1593 ), #8116, .T. ) ;
#4427 = UNCERTAINTY_MEASURE_WITH_UNIT (LENGTH_MEASURE( 1.000000000000000082E-05 ), #2808, 'distance_accuracy_value', 'NONE');
#4428 = FACE_OUTER_BOUND ( 'NONE', #6796, .T. ) ;
#4429 = ORIENTED_EDGE ( 'NONE', *, *, #2562, .T. ) ;
#4430 = DIRECTION ( 'NONE',  ( -6.776263578034403699E-16, 0.000000000000000000, -1.000000000000000000 ) ) ;
#4431 = CARTESIAN_POINT ( 'NONE',  ( 5.049999999999998934, -1.000000000000000000, 3.859999999999968345 ) ) ;
#4432 = ORIENTED_EDGE ( 'NONE', *, *, #243, .T. ) ;
#4433 =( LENGTH_UNIT ( ) NAMED_UNIT ( * ) SI_UNIT ( .MILLI., .METRE. ) );
#4434 = CARTESIAN_POINT ( 'NONE',  ( 5.218443361963299942, 0.000000000000000000, -3.674889971370061570 ) ) ;
#4435 = ORIENTED_EDGE ( 'NONE', *, *, #1887, .F. ) ;
#4436 = SURFACE_STYLE_USAGE ( .BOTH. , #9456 ) ;
#4437 = UNCERTAINTY_MEASURE_WITH_UNIT (LENGTH_MEASURE( 1.000000000000000082E-05 ), #7398, 'distance_accuracy_value', 'NONE');
#4438 = FILL_AREA_STYLE_COLOUR ( '', #1264 ) ;
#4439 = FACE_OUTER_BOUND ( 'NONE', #9389, .T. ) ;
#4440 = ORIENTED_EDGE ( 'NONE', *, *, #6050, .F. ) ;
#4441 = CARTESIAN_POINT ( 'NONE',  ( 2.449999999999997513, -1.000000000000000000, -3.760000000000031761 ) ) ;
#4442 = VERTEX_POINT ( 'NONE', #5257 ) ;
#4443 = DIRECTION ( 'NONE',  ( -1.000000000000000000, -0.000000000000000000, -0.000000000000000000 ) ) ;
#4444 = CARTESIAN_POINT ( 'NONE',  ( -5.250000000000000888, -3.295533442742040090E-19, 3.740964406271120257 ) ) ;
#4445 = FILL_AREA_STYLE_COLOUR ( '', #8630 ) ;
#4446 = VERTEX_POINT ( 'NONE', #133 ) ;
#4447 = UNCERTAINTY_MEASURE_WITH_UNIT (LENGTH_MEASURE( 1.000000000000000082E-05 ), #1003, 'distance_accuracy_value', 'NONE');
#4448 =( LENGTH_UNIT ( ) NAMED_UNIT ( * ) SI_UNIT ( .MILLI., .METRE. ) );
#4449 = VECTOR ( 'NONE', #1850, 1000.000000000000000 ) ;
#4450 = SURFACE_STYLE_FILL_AREA ( #883 ) ;
#4451 = CARTESIAN_POINT ( 'NONE',  ( 0.8749999999999990008, 1.570000000000000062, 2.685000000000003606 ) ) ;
#4452 =( LENGTH_UNIT ( ) NAMED_UNIT ( * ) SI_UNIT ( .MILLI., .METRE. ) );
#4453 = B_SPLINE_CURVE_WITH_KNOTS ( 'NONE', 3,
 ( #6027, #9038, #2408, #7457, #8128, #1505 ),
 .UNSPECIFIED., .F., .F.,
 ( 4, 2, 4 ),
 ( 8.673617379884034509E-19, 0.0001947009419741439664, 0.0003894018839482870655 ),
 .UNSPECIFIED. ) ;
#4454 = CARTESIAN_POINT ( 'NONE',  ( -0.05000000000000229955, -1.000000000000000000, -3.760000000000031761 ) ) ;
#4455 = SURFACE_STYLE_USAGE ( .BOTH. , #3828 ) ;
#4456 = VECTOR ( 'NONE', #9123, 1000.000000000000000 ) ;
#4457 = ORIENTED_EDGE ( 'NONE', *, *, #9323, .F. ) ;
#4458 = ORIENTED_EDGE ( 'NONE', *, *, #4263, .F. ) ;
#4459 = VECTOR ( 'NONE', #737, 1000.000000000000000 ) ;
#4460 = CARTESIAN_POINT ( 'NONE',  ( -3.375000000000000444, 4.069999999999999396, -2.684999999999983178 ) ) ;
#4461 =( LENGTH_UNIT ( ) NAMED_UNIT ( * ) SI_UNIT ( .MILLI., .METRE. ) );
#4462 = AXIS2_PLACEMENT_3D ( 'NONE', #2388, #3806, #232 ) ;
#4463 = EDGE_LOOP ( 'NONE', ( #7197, #5141, #7945, #9250 ) ) ;
#4464 =( LENGTH_UNIT ( ) NAMED_UNIT ( * ) SI_UNIT ( .MILLI., .METRE. ) );
#4465 = CARTESIAN_POINT ( 'NONE',  ( -1.125000000000000666, 4.069999999999999396, 2.935000000000003606 ) ) ;
#4466 = AXIS2_PLACEMENT_3D ( 'NONE', #1783, #1072, #6329 ) ;
#4467 = CIRCLE ( 'NONE', #6347, 0.2500000000000002220 ) ;
#4468 = CARTESIAN_POINT ( 'NONE',  ( 2.549999999999997602, -1.000000000000000000, -3.793333333333366308 ) ) ;
#4469 = FILL_AREA_STYLE_COLOUR ( '', #1090 ) ;
#4470 = EDGE_LOOP ( 'NONE', ( #2160, #621, #1752, #1683 ) ) ;
#4471 = UNCERTAINTY_MEASURE_WITH_UNIT (LENGTH_MEASURE( 1.000000000000000082E-05 ), #2303, 'distance_accuracy_value', 'NONE');
#4472 = MECHANICAL_DESIGN_GEOMETRIC_PRESENTATION_REPRESENTATION (  '', ( #2145 ), #6946 ) ;
#4473 = PRESENTATION_STYLE_ASSIGNMENT (( #1096 ) ) ;
#4474 = ORIENTED_EDGE ( 'NONE', *, *, #4886, .T. ) ;
#4475 = DIRECTION ( 'NONE',  ( 0.000000000000000000, 0.000000000000000000, 1.000000000000000000 ) ) ;
#4476 = COLOUR_RGB ( '',0.3176470588235293935, 0.2470588235294117752, 0.2078431372549019440 ) ;
#4477 =( LENGTH_UNIT ( ) NAMED_UNIT ( * ) SI_UNIT ( .MILLI., .METRE. ) );
#4478 = VECTOR ( 'NONE', #3628, 1000.000000000000000 ) ;
#4479 = EDGE_CURVE ( 'NONE', #788, #4544, #5164, .T. ) ;
#4480 = DIRECTION ( 'NONE',  ( -0.7071067811865469066, -0.000000000000000000, -0.7071067811865482389 ) ) ;
#4481 = ADVANCED_FACE ( 'NONE', ( #2249 ), #233, .F. ) ;
#4482 = STYLED_ITEM ( 'NONE', ( #3775 ), #4184 ) ;
#4483 = CARTESIAN_POINT ( 'NONE',  ( 5.874999999999999112, 1.570000000000000062, -4.935000000000000497 ) ) ;
#4484 = CARTESIAN_POINT ( 'NONE',  ( -5.319999999999999396, 10.06999999999999851, 3.490000000000034852 ) ) ;
#4485 = CARTESIAN_POINT ( 'NONE',  ( 1.624999999999999556, 4.069999999999999396, -2.685000000000000497 ) ) ;
#4486 = ORIENTED_EDGE ( 'NONE', *, *, #2065, .T. ) ;
#4487 = FILL_AREA_STYLE_COLOUR ( '', #7132 ) ;
#4488 = CARTESIAN_POINT ( 'NONE',  ( -4.781556638036699169, 0.000000000000000000, -3.674889971370061570 ) ) ;
#4489 = CARTESIAN_POINT ( 'NONE',  ( 0.3200000000000008393, 10.06999999999999851, 4.130000000000034532 ) ) ;
#4490 = AXIS2_PLACEMENT_3D ( 'NONE', #9032, #2312, #1007 ) ;
#4491 = ORIENTED_EDGE ( 'NONE', *, *, #6637, .T. ) ;
#4492 = PRESENTATION_LAYER_ASSIGNMENT (  '', '', ( #1864 ) ) ;
#4493 =( GEOMETRIC_REPRESENTATION_CONTEXT ( 3 ) GLOBAL_UNCERTAINTY_ASSIGNED_CONTEXT ( ( #623 ) ) GLOBAL_UNIT_ASSIGNED_CONTEXT ( ( #9347, #2147, #8707 ) ) REPRESENTATION_CONTEXT ( 'NONE', 'WORKASPACE' ) );
#4494 = UNCERTAINTY_MEASURE_WITH_UNIT (LENGTH_MEASURE( 1.000000000000000082E-05 ), #8424, 'distance_accuracy_value', 'NONE');
#4495 = FILL_AREA_STYLE ('',( #8163 ) ) ;
#4496 = DIRECTION ( 'NONE',  ( 0.7071067811865475727, 0.000000000000000000, -0.7071067811865475727 ) ) ;
#4497 = EDGE_LOOP ( 'NONE', ( #9417, #6587, #451, #7429 ) ) ;
#4498 =( GEOMETRIC_REPRESENTATION_CONTEXT ( 3 ) GLOBAL_UNCERTAINTY_ASSIGNED_CONTEXT ( ( #1789 ) ) GLOBAL_UNIT_ASSIGNED_CONTEXT ( ( #8992, #4729, #6081 ) ) REPRESENTATION_CONTEXT ( 'NONE', 'WORKASPACE' ) );
#4499 = FACE_OUTER_BOUND ( 'NONE', #4425, .T. ) ;
#4500 = COLOUR_RGB ( '',0.3176470588235293935, 0.2470588235294117752, 0.2078431372549019440 ) ;
#4501 =( NAMED_UNIT ( * ) SI_UNIT ( $, .STERADIAN. ) SOLID_ANGLE_UNIT ( ) );
#4502 = AXIS2_PLACEMENT_3D ( 'NONE', #4823, #3396, #8439 ) ;
#4503 = FILL_AREA_STYLE_COLOUR ( '', #5145 ) ;
#4504 = CARTESIAN_POINT ( 'NONE',  ( 3.374999999999999112, 4.069999999999999396, 4.935000000000004050 ) ) ;
#4505 = ORIENTED_EDGE ( 'NONE', *, *, #3896, .T. ) ;
#4506 = EDGE_CURVE ( 'NONE', #8266, #271, #3986, .T. ) ;
#4507 = SURFACE_SIDE_STYLE ('',( #6873 ) ) ;
#4508 = PRESENTATION_STYLE_ASSIGNMENT (( #8126 ) ) ;
#4509 = VECTOR ( 'NONE', #8054, 999.9999999999998863 ) ;
#4510 = AXIS2_PLACEMENT_3D ( 'NONE', #1226, #3361, #2649 ) ;
#4511 = LINE ( 'NONE', #4561, #5435 ) ;
#4512 = CARTESIAN_POINT ( 'NONE',  ( 0.04999999999999883010, -1.000000000000000000, 3.759999999999968701 ) ) ;
#4513 = PRESENTATION_STYLE_ASSIGNMENT (( #2264 ) ) ;
#4514 = CARTESIAN_POINT ( 'NONE',  ( 4.864889971370025101, 0.000000000000000000, -3.591556638036728533 ) ) ;
#4515 = CARTESIAN_POINT ( 'NONE',  ( 5.049999999999997158, -1.000000000000000000, -3.760000000000031761 ) ) ;
#4516 = CARTESIAN_POINT ( 'NONE',  ( 7.619999999999998330, 1.570000000000000062, -6.349999999999997868 ) ) ;
#4517 = AXIS2_PLACEMENT_3D ( 'NONE', #8788, #5194, #9332 ) ;
#4518 = STYLED_ITEM ( 'NONE', ( #7069 ), #2476 ) ;
#4519 = VECTOR ( 'NONE', #8267, 1000.000000000000000 ) ;
#4520 = SURFACE_STYLE_USAGE ( .BOTH. , #6032 ) ;
#4521 = ORIENTED_EDGE ( 'NONE', *, *, #7658, .F. ) ;
#4522 = SURFACE_SIDE_STYLE ('',( #890 ) ) ;
#4523 = AXIS2_PLACEMENT_3D ( 'NONE', #5872, #587, #52 ) ;
#4524 = LINE ( 'NONE', #930, #241 ) ;
#4525 = PRESENTATION_STYLE_ASSIGNMENT (( #8325 ) ) ;
#4526 = ORIENTED_EDGE ( 'NONE', *, *, #9446, .T. ) ;
#4527 = LINE ( 'NONE', #4378, #5623 ) ;
#4528 = CARTESIAN_POINT ( 'NONE',  ( 2.549999999999997602, -1.000000000000000000, -3.760000000000031761 ) ) ;
#4529 = ORIENTED_EDGE ( 'NONE', *, *, #2521, .T. ) ;
#4530 = ORIENTED_EDGE ( 'NONE', *, *, #8092, .F. ) ;
#4531 = SURFACE_SIDE_STYLE ('',( #7612 ) ) ;
#4532 = VECTOR ( 'NONE', #294, 1000.000000000000000 ) ;
#4533 = CARTESIAN_POINT ( 'NONE',  ( -5.218443361963306160, 0.000000000000000000, 3.945110028629935872 ) ) ;
#4534 = EDGE_CURVE ( 'NONE', #5390, #2434, #8521, .T. ) ;
#4535 = PRESENTATION_LAYER_ASSIGNMENT (  '', '', ( #6868 ) ) ;
#4536 =( GEOMETRIC_REPRESENTATION_CONTEXT ( 3 ) GLOBAL_UNCERTAINTY_ASSIGNED_CONTEXT ( ( #1496 ) ) GLOBAL_UNIT_ASSIGNED_CONTEXT ( ( #8297, #7527, #37 ) ) REPRESENTATION_CONTEXT ( 'NONE', 'WORKASPACE' ) );
#4537 = CARTESIAN_POINT ( 'NONE',  ( -5.050000000000002487, -1.000000000000000000, -3.760000000000031761 ) ) ;
#4538 = CARTESIAN_POINT ( 'NONE',  ( -1.125000000000000888, 4.069999999999999396, 4.685000000000003162 ) ) ;
#4539 = LINE ( 'NONE', #1041, #2141 ) ;
#4540 = VERTEX_POINT ( 'NONE', #2432 ) ;
#4541 = DIRECTION ( 'NONE',  ( 0.000000000000000000, -1.000000000000000000, 0.000000000000000000 ) ) ;
#4542 = STYLED_ITEM ( 'NONE', ( #5805 ), #7382 ) ;
#4543 = CARTESIAN_POINT ( 'NONE',  ( 5.874999999999999112, 4.069999999999999396, -4.935000000000000497 ) ) ;
#4544 = VERTEX_POINT ( 'NONE', #5455 ) ;
#4545 = DIRECTION ( 'NONE',  ( 0.7071067811865479058, 0.000000000000000000, -0.7071067811865472397 ) ) ;
#4546 = ADVANCED_FACE ( 'NONE', ( #5535 ), #5500, .F. ) ;
#4547 = CARTESIAN_POINT ( 'NONE',  ( 3.874999999999999556, 4.069999999999999396, -2.935000000000000053 ) ) ;
#4548 = VECTOR ( 'NONE', #9300, 1000.000000000000000 ) ;
#4549 = ORIENTED_EDGE ( 'NONE', *, *, #3057, .F. ) ;
#4550 =( GEOMETRIC_REPRESENTATION_CONTEXT ( 3 ) GLOBAL_UNCERTAINTY_ASSIGNED_CONTEXT ( ( #8332 ) ) GLOBAL_UNIT_ASSIGNED_CONTEXT ( ( #1332, #6707, #106 ) ) REPRESENTATION_CONTEXT ( 'NONE', 'WORKASPACE' ) );
#4551 = LINE ( 'NONE', #8897, #2825 ) ;
#4552 = CARTESIAN_POINT ( 'NONE',  ( 0.01666666666666483110, -1.000000000000000000, -3.760000000000031761 ) ) ;
#4553 = LINE ( 'NONE', #7677, #8755 ) ;
#4554 = FILL_AREA_STYLE_COLOUR ( '', #2469 ) ;
#4555 = VERTEX_POINT ( 'NONE', #6902 ) ;
#4556 = DIRECTION ( 'NONE',  ( 0.7071067811865475727, 0.000000000000000000, -0.7071067811865475727 ) ) ;
#4557 = EDGE_CURVE ( 'NONE', #4958, #8013, #3193, .T. ) ;
#4558 = VECTOR ( 'NONE', #5520, 1000.000000000000000 ) ;
#4559 = UNCERTAINTY_MEASURE_WITH_UNIT (LENGTH_MEASURE( 1.000000000000000082E-05 ), #4305, 'distance_accuracy_value', 'NONE');
#4560 = STYLED_ITEM ( 'NONE', ( #5724 ), #7914 ) ;
#4561 = CARTESIAN_POINT ( 'NONE',  ( 0.8749999999999990008, 1.570000000000000062, 2.685000000000003606 ) ) ;
#4562 =( LENGTH_UNIT ( ) NAMED_UNIT ( * ) SI_UNIT ( .MILLI., .METRE. ) );
#4563 = SURFACE_STYLE_FILL_AREA ( #1613 ) ;
#4564 = CARTESIAN_POINT ( 'NONE',  ( -2.450000000000001066, -1.000000000000000000, 3.859999999999968345 ) ) ;
#4565 = FILL_AREA_STYLE ('',( #1567 ) ) ;
#4566 =( NAMED_UNIT ( * ) PLANE_ANGLE_UNIT ( ) SI_UNIT ( $, .RADIAN. ) );
#4567 = EDGE_LOOP ( 'NONE', ( #5750, #4313, #1922, #1200 ) ) ;
#4568 = CARTESIAN_POINT ( 'NONE',  ( 0.04999999999999883010, -1.000000000000000000, 3.859999999999968345 ) ) ;
#4569 = EDGE_CURVE ( 'NONE', #12, #6118, #4860, .T. ) ;
#4570 = CARTESIAN_POINT ( 'NONE',  ( -3.375000000000000444, 1.570000000000000062, 2.684999999999986287 ) ) ;
#4571 = ORIENTED_EDGE ( 'NONE', *, *, #3207, .T. ) ;
#4572 = FILL_AREA_STYLE ('',( #2278 ) ) ;
#4573 = LINE ( 'NONE', #8920, #4142 ) ;
#4574 = CARTESIAN_POINT ( 'NONE',  ( 0.000000000000000000, 0.000000000000000000, 0.000000000000000000 ) ) ;
#4575 = ORIENTED_EDGE ( 'NONE', *, *, #4506, .T. ) ;
#4576 = ORIENTED_EDGE ( 'NONE', *, *, #8317, .F. ) ;
#4577 = EDGE_CURVE ( 'NONE', #3665, #1602, #4678, .T. ) ;
#4578 = CARTESIAN_POINT ( 'NONE',  ( -5.050000000000001599, -1.000000000000000000, 3.793333333333301471 ) ) ;
#4579 = PRESENTATION_STYLE_ASSIGNMENT (( #1634 ) ) ;
#4580 = PLANE ( 'NONE',  #956 ) ;
#4581 = SURFACE_SIDE_STYLE ('',( #83 ) ) ;
#4582 = DIRECTION ( 'NONE',  ( 1.000000000000000000, 0.000000000000000000, -6.776263578034403699E-16 ) ) ;
#4583 = ORIENTED_EDGE ( 'NONE', *, *, #2571, .T. ) ;
#4584 = CARTESIAN_POINT ( 'NONE',  ( -1.734723475976807094E-15, 0.000000000000000000, -3.810000000000031140 ) ) ;
#4585 = VERTEX_POINT ( 'NONE', #7760 ) ;
#4586 = UNCERTAINTY_MEASURE_WITH_UNIT (LENGTH_MEASURE( 1.000000000000000082E-05 ), #8726, 'distance_accuracy_value', 'NONE');
#4587 = SURFACE_STYLE_FILL_AREA ( #2355 ) ;
#4588 = ORIENTED_EDGE ( 'NONE', *, *, #1253, .F. ) ;
#4589 = CARTESIAN_POINT ( 'NONE',  ( -0.05000000000000229955, -1.000000000000000000, -3.826666666666698635 ) ) ;
#4590 = DIRECTION ( 'NONE',  ( -0.1247869418429880251, -0.9843050534722198597, -0.1247869418429880251 ) ) ;
#4591 = SURFACE_SIDE_STYLE ('',( #327 ) ) ;
#4592 = ORIENTED_EDGE ( 'NONE', *, *, #7045, .T. ) ;
#4593 = COLOUR_RGB ( '',0.7921568627450980005, 0.8196078431372548767, 0.9333333333333333481 ) ;
#4594 = LINE ( 'NONE', #2447, #7724 ) ;
#4595 =( NAMED_UNIT ( * ) SI_UNIT ( $, .STERADIAN. ) SOLID_ANGLE_UNIT ( ) );
#4596 = SURFACE_SIDE_STYLE ('',( #2316 ) ) ;
#4597 = SURFACE_STYLE_FILL_AREA ( #3132 ) ;
#4598 = CARTESIAN_POINT ( 'NONE',  ( -2.323223304703363912, 0.000000000000000000, 3.986776695296605943 ) ) ;
#4599 = SURFACE_STYLE_FILL_AREA ( #2412 ) ;
#4600 = ADVANCED_FACE ( 'NONE', ( #6199 ), #5428, .T. ) ;
#4601 = CARTESIAN_POINT ( 'NONE',  ( -2.483333333333336945, -1.000000000000000000, 3.759999999999968701 ) ) ;
#4602 = CARTESIAN_POINT ( 'NONE',  ( -5.320000000000001172, 10.06999999999999851, -4.129999999999965254 ) ) ;
#4603 =( LENGTH_UNIT ( ) NAMED_UNIT ( * ) SI_UNIT ( .MILLI., .METRE. ) );
#4604 = AXIS2_PLACEMENT_3D ( 'NONE', #3925, #3003, #5285 ) ;
#4605 = FACE_OUTER_BOUND ( 'NONE', #648, .T. ) ;
#4606 = EDGE_LOOP ( 'NONE', ( #667, #7982, #3337, #170 ) ) ;
#4607 = CARTESIAN_POINT ( 'NONE',  ( -1.625000000000001110, 4.069999999999999396, -2.684999999999983178 ) ) ;
#4608 = PRESENTATION_LAYER_ASSIGNMENT (  '', '', ( #7838 ) ) ;
#4609 = SURFACE_STYLE_USAGE ( .BOTH. , #3321 ) ;
#4610 =( NAMED_UNIT ( * ) PLANE_ANGLE_UNIT ( ) SI_UNIT ( $, .RADIAN. ) );
#4611 = ORIENTED_EDGE ( 'NONE', *, *, #1425, .T. ) ;
#4612 = EDGE_CURVE ( 'NONE', #7915, #8993, #3534, .T. ) ;
#4613 = VECTOR ( 'NONE', #1336, 1000.000000000000000 ) ;
#4614 = ORIENTED_EDGE ( 'NONE', *, *, #5607, .T. ) ;
#4615 = EDGE_CURVE ( 'NONE', #2723, #7233, #7141, .T. ) ;
#4616 = CARTESIAN_POINT ( 'NONE',  ( 4.999999999999999112, 0.000000000000000000, 3.809999999999968967 ) ) ;
#4617 = LINE ( 'NONE', #7613, #685 ) ;
#4618 = VECTOR ( 'NONE', #1694, 999.9999999999998863 ) ;
#4619 =( NAMED_UNIT ( * ) PLANE_ANGLE_UNIT ( ) SI_UNIT ( $, .RADIAN. ) );
#4620 = CARTESIAN_POINT ( 'NONE',  ( 3.374999999999999112, 4.069999999999999396, 2.685000000000003606 ) ) ;
#4621 = MECHANICAL_DESIGN_GEOMETRIC_PRESENTATION_REPRESENTATION (  '', ( #3068 ), #8473 ) ;
#4622 = CARTESIAN_POINT ( 'NONE',  ( -6.125000000000000888, 4.069999999999999396, -4.684999999999964970 ) ) ;
#4623 = CARTESIAN_POINT ( 'NONE',  ( -7.620000000000000107, 1.570000000000000062, 6.350000000000001421 ) ) ;
#4624 = EDGE_LOOP ( 'NONE', ( #289, #2789, #6306, #3981 ) ) ;
#4625 = VECTOR ( 'NONE', #8435, 1000.000000000000000 ) ;
#4626 = COLOUR_RGB ( '',0.3176470588235293935, 0.2470588235294117752, 0.2078431372549019440 ) ;
#4627 = ORIENTED_EDGE ( 'NONE', *, *, #6086, .T. ) ;
#4628 = VECTOR ( 'NONE', #1428, 1000.000000000000000 ) ;
#4629 = FACE_OUTER_BOUND ( 'NONE', #4258, .T. ) ;
#4630 = CARTESIAN_POINT ( 'NONE',  ( -0.3199999999999991185, 4.069999999999999396, 3.490000000000034852 ) ) ;
#4631 = ORIENTED_EDGE ( 'NONE', *, *, #8268, .T. ) ;
#4632 = LINE ( 'NONE', #3818, #508 ) ;
#4633 = SURFACE_STYLE_USAGE ( .BOTH. , #8265 ) ;
#4634 =( NAMED_UNIT ( * ) PLANE_ANGLE_UNIT ( ) SI_UNIT ( $, .RADIAN. ) );
#4635 = ORIENTED_EDGE ( 'NONE', *, *, #2190, .F. ) ;
#4636 = COLOUR_RGB ( '',0.3176470588235293935, 0.2470588235294117752, 0.2078431372549019440 ) ;
#4637 = PRESENTATION_LAYER_ASSIGNMENT (  '', '', ( #4482 ) ) ;
#4638 = FILL_AREA_STYLE_COLOUR ( '', #3381 ) ;
#4639 = ORIENTED_EDGE ( 'NONE', *, *, #1378, .F. ) ;
#4640 = UNCERTAINTY_MEASURE_WITH_UNIT (LENGTH_MEASURE( 1.000000000000000082E-05 ), #5700, 'distance_accuracy_value', 'NONE');
#4641 = DIRECTION ( 'NONE',  ( 0.000000000000000000, 0.000000000000000000, 1.000000000000000000 ) ) ;
#4642 =( NAMED_UNIT ( * ) PLANE_ANGLE_UNIT ( ) SI_UNIT ( $, .RADIAN. ) );
#4643 = AXIS2_PLACEMENT_3D ( 'NONE', #4832, #7860, #6266 ) ;
#4644 = VECTOR ( 'NONE', #3000, 1000.000000000000000 ) ;
#4645 = VECTOR ( 'NONE', #1171, 1000.000000000000000 ) ;
#4646 = EDGE_CURVE ( 'NONE', #6624, #2402, #2861, .T. ) ;
#4647 = VECTOR ( 'NONE', #3901, 1000.000000000000000 ) ;
#4648 = FACE_OUTER_BOUND ( 'NONE', #2960, .T. ) ;
#4649 = CARTESIAN_POINT ( 'NONE',  ( -2.281556638036698281, 0.000000000000000000, 3.945110028629938537 ) ) ;
#4650 =( NAMED_UNIT ( * ) PLANE_ANGLE_UNIT ( ) SI_UNIT ( $, .RADIAN. ) );
#4651 = EDGE_CURVE ( 'NONE', #2879, #7147, #8738, .T. ) ;
#4652 = SURFACE_SIDE_STYLE ('',( #7027 ) ) ;
#4653 = CARTESIAN_POINT ( 'NONE',  ( 4.680000000000000604, 10.06999999999999851, 3.490000000000034852 ) ) ;
#4654 = VECTOR ( 'NONE', #9089, 1000.000000000000000 ) ;
#4655 = STYLED_ITEM ( 'NONE', ( #3350 ), #1994 ) ;
#4656 = SURFACE_STYLE_USAGE ( .BOTH. , #208 ) ;
#4657 = CLOSED_SHELL ( 'NONE', ( #9001, #2838, #1642, #2085, #4251, #1312 ) ) ;
#4658 = ADVANCED_FACE ( 'NONE', ( #6565 ), #7892, .F. ) ;
#4659 =( NAMED_UNIT ( * ) PLANE_ANGLE_UNIT ( ) SI_UNIT ( $, .RADIAN. ) );
#4660 = ADVANCED_FACE ( 'NONE', ( #3440 ), #3798, .T. ) ;
#4661 = LINE ( 'NONE', #4460, #3036 ) ;
#4662 = CARTESIAN_POINT ( 'NONE',  ( 3.874999999999999112, 4.069999999999999396, -4.684999999999999609 ) ) ;
#4663 = FACE_OUTER_BOUND ( 'NONE', #2919, .T. ) ;
#4664 = VECTOR ( 'NONE', #8801, 1000.000000000000000 ) ;
#4665 = VECTOR ( 'NONE', #2816, 1000.000000000000000 ) ;
#4666 = ORIENTED_EDGE ( 'NONE', *, *, #2964, .T. ) ;
#4667 = STYLED_ITEM ( 'NONE', ( #1323 ), #1617 ) ;
#4668 = DIRECTION ( 'NONE',  ( 1.000000000000000000, 0.000000000000000000, 0.000000000000000000 ) ) ;
#4669 = SURFACE_SIDE_STYLE ('',( #2280 ) ) ;
#4670 = EDGE_CURVE ( 'NONE', #6041, #8067, #6607, .T. ) ;
#4671 = ORIENTED_EDGE ( 'NONE', *, *, #9373, .T. ) ;
#4672 = UNCERTAINTY_MEASURE_WITH_UNIT (LENGTH_MEASURE( 1.000000000000000082E-05 ), #2307, 'distance_accuracy_value', 'NONE');
#4673 = EDGE_CURVE ( 'NONE', #1267, #3072, #218, .T. ) ;
#4674 = EDGE_CURVE ( 'NONE', #742, #2558, #7515, .T. ) ;
#4675 = CARTESIAN_POINT ( 'NONE',  ( -5.050000000000001599, -1.000000000000000000, 3.826666666666634686 ) ) ;
#4676 = SURFACE_SIDE_STYLE ('',( #7128 ) ) ;
#4677 = DIRECTION ( 'NONE',  ( -0.1247869418429871646, -0.9843050534722198597, 0.1247869418429884414 ) ) ;
#4678 = LINE ( 'NONE', #1204, #6200 ) ;
#4679 = PLANE ( 'NONE',  #1550 ) ;
#4680 = ORIENTED_EDGE ( 'NONE', *, *, #8474, .T. ) ;
#4681 = SURFACE_STYLE_USAGE ( .BOTH. , #865 ) ;
#4682 = ORIENTED_EDGE ( 'NONE', *, *, #3987, .F. ) ;
#4683 = CARTESIAN_POINT ( 'NONE',  ( -6.125000000000000000, 4.069999999999999396, 2.934999999999968523 ) ) ;
#4684 = EDGE_CURVE ( 'NONE', #5330, #5245, #8918, .T. ) ;
#4685 = UNCERTAINTY_MEASURE_WITH_UNIT (LENGTH_MEASURE( 1.000000000000000082E-05 ), #2980, 'distance_accuracy_value', 'NONE');
#4686 = CARTESIAN_POINT ( 'NONE',  ( 0.04999999999999883010, -1.000000000000000000, 3.859999999999968345 ) ) ;
#4687 =( NAMED_UNIT ( * ) SI_UNIT ( $, .STERADIAN. ) SOLID_ANGLE_UNIT ( ) );
#4688 = VERTEX_POINT ( 'NONE', #5349 ) ;
#4689 = FILL_AREA_STYLE_COLOUR ( '', #2933 ) ;
#4690 = DIRECTION ( 'NONE',  ( -0.7071067811865479058, 0.000000000000000000, -0.7071067811865472397 ) ) ;
#4691 = COLOUR_RGB ( '',0.2980392156862745057, 0.2980392156862745057, 0.2980392156862745057 ) ;
#4692 = VECTOR ( 'NONE', #4413, 999.9999999999998863 ) ;
#4693 = ORIENTED_EDGE ( 'NONE', *, *, #6394, .F. ) ;
#4694 = LINE ( 'NONE', #918, #8648 ) ;
#4695 =( GEOMETRIC_REPRESENTATION_CONTEXT ( 3 ) GLOBAL_UNCERTAINTY_ASSIGNED_CONTEXT ( ( #9144 ) ) GLOBAL_UNIT_ASSIGNED_CONTEXT ( ( #302, #8273, #3133 ) ) REPRESENTATION_CONTEXT ( 'NONE', 'WORKASPACE' ) );
#4696 = PLANE ( 'NONE',  #540 ) ;
#4697 = CARTESIAN_POINT ( 'NONE',  ( 0.1767766952966353944, 0.000000000000000000, -3.633223304703394163 ) ) ;
#4698 =( NAMED_UNIT ( * ) PLANE_ANGLE_UNIT ( ) SI_UNIT ( $, .RADIAN. ) );
#4699 = LINE ( 'NONE', #8998, #9407 ) ;
#4700 =( NAMED_UNIT ( * ) PLANE_ANGLE_UNIT ( ) SI_UNIT ( $, .RADIAN. ) );
#4701 = CARTESIAN_POINT ( 'NONE',  ( 2.281556638036694284, 0.000000000000000000, 3.674889971369998953 ) ) ;
#4702 = LINE ( 'NONE', #9262, #6832 ) ;
#4703 = COLOUR_RGB ( '',0.2980392156862745057, 0.2980392156862745057, 0.2980392156862745057 ) ;
#4704 = AXIS2_PLACEMENT_3D ( 'NONE', #4422, #3750, #3687 ) ;
#4705 = CARTESIAN_POINT ( 'NONE',  ( -3.875000000000000888, 4.069999999999999396, -2.934999999999964970 ) ) ;
#4706 =( NAMED_UNIT ( * ) SI_UNIT ( $, .STERADIAN. ) SOLID_ANGLE_UNIT ( ) );
#4707 = PLANE ( 'NONE',  #1276 ) ;
#4708 = FILL_AREA_STYLE ('',( #7691 ) ) ;
#4709 = STYLED_ITEM ( 'NONE', ( #5878 ), #8760 ) ;
#4710 = ORIENTED_EDGE ( 'NONE', *, *, #8745, .F. ) ;
#4711 = DIRECTION ( 'NONE',  ( -0.000000000000000000, -1.000000000000000000, -0.000000000000000000 ) ) ;
#4712 = PRESENTATION_STYLE_ASSIGNMENT (( #6936 ) ) ;
#4713 = DIRECTION ( 'NONE',  ( -0.000000000000000000, -1.000000000000000000, -0.000000000000000000 ) ) ;
#4714 = ORIENTED_EDGE ( 'NONE', *, *, #1614, .T. ) ;
#4715 = EDGE_CURVE ( 'NONE', #3547, #5853, #1580, .T. ) ;
#4716 = PRESENTATION_STYLE_ASSIGNMENT (( #857 ) ) ;
#4717 =( NAMED_UNIT ( * ) PLANE_ANGLE_UNIT ( ) SI_UNIT ( $, .RADIAN. ) );
#4718 = DIRECTION ( 'NONE',  ( 0.7071067811865474617, 0.000000000000000000, 0.7071067811865474617 ) ) ;
#4719 = EDGE_CURVE ( 'NONE', #6061, #7227, #1481, .T. ) ;
#4720 = CARTESIAN_POINT ( 'NONE',  ( -1.125000000000000888, 4.069999999999999396, -4.684999999999999609 ) ) ;
#4721 =( LENGTH_UNIT ( ) NAMED_UNIT ( * ) SI_UNIT ( .MILLI., .METRE. ) );
#4722 = VERTEX_POINT ( 'NONE', #5243 ) ;
#4723 = ORIENTED_EDGE ( 'NONE', *, *, #3096, .T. ) ;
#4724 = FILL_AREA_STYLE_COLOUR ( '', #6110 ) ;
#4725 =( LENGTH_UNIT ( ) NAMED_UNIT ( * ) SI_UNIT ( .MILLI., .METRE. ) );
#4726 = ORIENTED_EDGE ( 'NONE', *, *, #5135, .T. ) ;
#4727 = DIRECTION ( 'NONE',  ( 0.000000000000000000, 0.000000000000000000, -1.000000000000000000 ) ) ;
#4728 = CARTESIAN_POINT ( 'NONE',  ( 1.624999999999999556, 1.570000000000000062, 2.685000000000003606 ) ) ;
#4729 =( NAMED_UNIT ( * ) PLANE_ANGLE_UNIT ( ) SI_UNIT ( $, .RADIAN. ) );
#4730 = VERTEX_POINT ( 'NONE', #6663 ) ;
#4731 = SURFACE_STYLE_USAGE ( .BOTH. , #3409 ) ;
#4732 = EDGE_CURVE ( 'NONE', #2356, #2673, #7468, .T. ) ;
#4733 = SURFACE_SIDE_STYLE ('',( #7500 ) ) ;
#4734 = EDGE_CURVE ( 'NONE', #8236, #7989, #1545, .T. ) ;
#4735 = PRESENTATION_STYLE_ASSIGNMENT (( #2545 ) ) ;
#4736 = LINE ( 'NONE', #7681, #9399 ) ;
#4737 = DIRECTION ( 'NONE',  ( -0.000000000000000000, -1.000000000000000000, -0.000000000000000000 ) ) ;
#4738 = FILL_AREA_STYLE ('',( #2411 ) ) ;
#4739 = SURFACE_SIDE_STYLE ('',( #6409 ) ) ;
#4740 = DIRECTION ( 'NONE',  ( 0.000000000000000000, -1.000000000000000000, 0.000000000000000000 ) ) ;
#4741 =( LENGTH_UNIT ( ) NAMED_UNIT ( * ) SI_UNIT ( .MILLI., .METRE. ) );
#4742 = CARTESIAN_POINT ( 'NONE',  ( 0.3200000000000008393, 10.06999999999999851, 3.490000000000034852 ) ) ;
#4743 =( NAMED_UNIT ( * ) SI_UNIT ( $, .STERADIAN. ) SOLID_ANGLE_UNIT ( ) );
#4744 = STYLED_ITEM ( 'NONE', ( #9422 ), #5894 ) ;
#4745 = CARTESIAN_POINT ( 'NONE',  ( -5.033333333333335879, -1.000000000000000000, -3.760000000000031761 ) ) ;
#4746 = DIRECTION ( 'NONE',  ( -0.000000000000000000, 1.000000000000000000, 0.000000000000000000 ) ) ;
#4747 = ORIENTED_EDGE ( 'NONE', *, *, #5858, .F. ) ;
#4748 = CARTESIAN_POINT ( 'NONE',  ( -2.550000000000001599, -1.000000000000000000, 3.859999999999968345 ) ) ;
#4749 = CARTESIAN_POINT ( 'NONE',  ( -2.179999999999999272, 10.06999999999999851, 3.490000000000034852 ) ) ;
#4750 = EDGE_LOOP ( 'NONE', ( #3512, #8970, #4249, #3318 ) ) ;
#4751 = UNCERTAINTY_MEASURE_WITH_UNIT (LENGTH_MEASURE( 1.000000000000000082E-05 ), #8418, 'distance_accuracy_value', 'NONE');
#4752 =( NAMED_UNIT ( * ) SI_UNIT ( $, .STERADIAN. ) SOLID_ANGLE_UNIT ( ) );
#4753 = DIRECTION ( 'NONE',  ( -0.000000000000000000, -1.000000000000000000, -0.000000000000000000 ) ) ;
#4754 = VECTOR ( 'NONE', #524, 1000.000000000000000 ) ;
#4755 = CARTESIAN_POINT ( 'NONE',  ( 5.033333333333332327, -1.000000000000000000, 3.859999999999967901 ) ) ;
#4756 =( LENGTH_UNIT ( ) NAMED_UNIT ( * ) SI_UNIT ( .MILLI., .METRE. ) );
#4757 = ADVANCED_FACE ( 'NONE', ( #6718 ), #2186, .F. ) ;
#4758 = FACE_OUTER_BOUND ( 'NONE', #4463, .T. ) ;
#4759 = DIRECTION ( 'NONE',  ( -1.000000000000000000, 0.000000000000000000, -0.000000000000000000 ) ) ;
#4760 = EDGE_LOOP ( 'NONE', ( #1577, #4682, #8859, #8720 ) ) ;
#4761 = AXIS2_PLACEMENT_3D ( 'NONE', #1791, #7630, #8441 ) ;
#4762 = FILL_AREA_STYLE_COLOUR ( '', #1128 ) ;
#4763 = ORIENTED_EDGE ( 'NONE', *, *, #5325, .T. ) ;
#4764 = VECTOR ( 'NONE', #4713, 1000.000000000000000 ) ;
#4765 = EDGE_CURVE ( 'NONE', #8595, #9290, #6896, .T. ) ;
#4766 = ADVANCED_FACE ( 'NONE', ( #309 ), #5394, .F. ) ;
#4767 = PRODUCT_DEFINITION_CONTEXT ( 'detailed design', #1920, 'design' ) ;
#4768 = SURFACE_STYLE_USAGE ( .BOTH. , #9023 ) ;
#4769 = VECTOR ( 'NONE', #4677, 1000.000000000000114 ) ;
#4770 = ORIENTED_EDGE ( 'NONE', *, *, #9253, .F. ) ;
#4771 = LINE ( 'NONE', #3344, #4944 ) ;
#4772 = DIRECTION ( 'NONE',  ( -0.000000000000000000, -1.000000000000000000, -0.000000000000000000 ) ) ;
#4773 = CARTESIAN_POINT ( 'NONE',  ( 5.874999999999999112, 4.069999999999999396, -4.935000000000000497 ) ) ;
#4774 = CARTESIAN_POINT ( 'NONE',  ( 2.180000000000000604, 4.069999999999999396, 4.130000000000034532 ) ) ;
#4775 = ORIENTED_EDGE ( 'NONE', *, *, #7361, .F. ) ;
#4776 = MECHANICAL_DESIGN_GEOMETRIC_PRESENTATION_REPRESENTATION (  '', ( #7096 ), #6643 ) ;
#4777 = PLANE ( 'NONE',  #4643 ) ;
#4778 = CLOSED_SHELL ( 'NONE', ( #69, #1369, #3909, #2863, #974, #1348 ) ) ;
#4779 = STYLED_ITEM ( 'NONE', ( #5006 ), #4658 ) ;
#4780 = STYLED_ITEM ( 'NONE', ( #3676 ), #3846 ) ;
#4781 =( NAMED_UNIT ( * ) PLANE_ANGLE_UNIT ( ) SI_UNIT ( $, .RADIAN. ) );
#4782 = DIRECTION ( 'NONE',  ( -0.000000000000000000, -1.000000000000000000, -0.000000000000000000 ) ) ;
#4783 = DIRECTION ( 'NONE',  ( 1.000000000000000000, -0.000000000000000000, -0.000000000000000000 ) ) ;
#4784 =( LENGTH_UNIT ( ) NAMED_UNIT ( * ) SI_UNIT ( .MILLI., .METRE. ) );
#4785 = CARTESIAN_POINT ( 'NONE',  ( 2.449999999999997513, -1.000000000000000000, -3.760000000000031761 ) ) ;
#4786 = CARTESIAN_POINT ( 'NONE',  ( 2.635110028629966905, 0.000000000000000000, -4.028443361963335967 ) ) ;
#4787 = STYLED_ITEM ( 'NONE', ( #4996 ), #4943 ) ;
#4788 = DIRECTION ( 'NONE',  ( 0.000000000000000000, 0.000000000000000000, -1.000000000000000000 ) ) ;
#4789 = MECHANICAL_DESIGN_GEOMETRIC_PRESENTATION_REPRESENTATION (  '', ( #820 ), #6361 ) ;
#4790 =( NAMED_UNIT ( * ) SI_UNIT ( $, .STERADIAN. ) SOLID_ANGLE_UNIT ( ) );
#4791 = DIRECTION ( 'NONE',  ( -1.000000000000000000, -0.000000000000000000, -0.000000000000000000 ) ) ;
#4792 = SURFACE_STYLE_FILL_AREA ( #2553 ) ;
#4793 = PRESENTATION_STYLE_ASSIGNMENT (( #3420 ) ) ;
#4794 = MECHANICAL_DESIGN_GEOMETRIC_PRESENTATION_REPRESENTATION (  '', ( #4334 ), #668 ) ;
#4795 = VECTOR ( 'NONE', #7499, 1000.000000000000000 ) ;
#4796 = MECHANICAL_DESIGN_GEOMETRIC_PRESENTATION_REPRESENTATION (  '', ( #7875 ), #5571 ) ;
#4797 = PRESENTATION_LAYER_ASSIGNMENT (  '', '', ( #8919 ) ) ;
#4798 = AXIS2_PLACEMENT_3D ( 'NONE', #2618, #8433, #1819 ) ;
#4799 = CARTESIAN_POINT ( 'NONE',  ( 4.999999999999999112, -1.000000000000000000, -7.620000000000000107 ) ) ;
#4800 = LINE ( 'NONE', #9424, #1082 ) ;
#4801 = ORIENTED_EDGE ( 'NONE', *, *, #1157, .F. ) ;
#4802 = DIRECTION ( 'NONE',  ( -0.1247869418429880251, -0.9843050534722198597, -0.1247869418429880251 ) ) ;
#4803 = PRESENTATION_LAYER_ASSIGNMENT (  '', '', ( #3091 ) ) ;
#4804 = VECTOR ( 'NONE', #9409, 1000.000000000000000 ) ;
#4805 = PRESENTATION_LAYER_ASSIGNMENT (  '', '', ( #7735 ) ) ;
#4806 = STYLED_ITEM ( 'NONE', ( #2573 ), #5372 ) ;
#4807 = SURFACE_STYLE_USAGE ( .BOTH. , #1857 ) ;
#4808 = ORIENTED_EDGE ( 'NONE', *, *, #3647, .T. ) ;
#4809 = DIRECTION ( 'NONE',  ( -1.239088197126291063E-16, -0.000000000000000000, 1.000000000000000000 ) ) ;
#4810 = VECTOR ( 'NONE', #172, 999.9999999999998863 ) ;
#4811 = MECHANICAL_DESIGN_GEOMETRIC_PRESENTATION_REPRESENTATION (  '', ( #845 ), #3401 ) ;
#4812 =( NAMED_UNIT ( * ) SI_UNIT ( $, .STERADIAN. ) SOLID_ANGLE_UNIT ( ) );
#4813 = STYLED_ITEM ( 'NONE', ( #5518 ), #1651 ) ;
#4814 = COLOUR_RGB ( '',0.2980392156862745057, 0.2980392156862745057, 0.2980392156862745057 ) ;
#4815 = DIRECTION ( 'NONE',  ( -0.000000000000000000, -1.000000000000000000, -0.000000000000000000 ) ) ;
#4816 = PLANE ( 'NONE',  #5093 ) ;
#4817 = DIRECTION ( 'NONE',  ( 0.000000000000000000, -0.000000000000000000, -1.000000000000000000 ) ) ;
#4818 = COLOUR_RGB ( '',0.3176470588235293935, 0.2470588235294117752, 0.2078431372549019440 ) ;
#4819 = ORIENTED_EDGE ( 'NONE', *, *, #5062, .T. ) ;
#4820 = SURFACE_STYLE_USAGE ( .BOTH. , #9071 ) ;
#4821 = VERTEX_POINT ( 'NONE', #6286 ) ;
#4822 = EDGE_CURVE ( 'NONE', #8438, #5154, #1856, .T. ) ;
#4823 = CARTESIAN_POINT ( 'NONE',  ( -5.875000000000000888, 4.069999999999999396, 2.684999999999968523 ) ) ;
#4824 = AXIS2_PLACEMENT_3D ( 'NONE', #3098, #7603, #6100 ) ;
#4825 = SURFACE_STYLE_FILL_AREA ( #4867 ) ;
#4826 = ORIENTED_EDGE ( 'NONE', *, *, #5928, .F. ) ;
#4827 = DIRECTION ( 'NONE',  ( 0.000000000000000000, 0.000000000000000000, 1.000000000000000000 ) ) ;
#4828 = CARTESIAN_POINT ( 'NONE',  ( -2.450000000000001066, -1.000000000000000000, 3.759999999999968701 ) ) ;
#4829 = CARTESIAN_POINT ( 'NONE',  ( -2.569035593728851818, 0.000000000000000000, 3.559999999999968967 ) ) ;
#4830 = ORIENTED_EDGE ( 'NONE', *, *, #2315, .F. ) ;
#4831 = VECTOR ( 'NONE', #5779, 1000.000000000000000 ) ;
#4832 = CARTESIAN_POINT ( 'NONE',  ( 3.874999999999999112, 4.069999999999999396, -4.684999999999999609 ) ) ;
#4833 = DIRECTION ( 'NONE',  ( -0.000000000000000000, -1.000000000000000000, -0.000000000000000000 ) ) ;
#4834 = LINE ( 'NONE', #4108, #5771 ) ;
#4835 = DIRECTION ( 'NONE',  ( 0.000000000000000000, 0.000000000000000000, -1.000000000000000000 ) ) ;
#4836 =( NAMED_UNIT ( * ) SI_UNIT ( $, .STERADIAN. ) SOLID_ANGLE_UNIT ( ) );
#4837 = LINE ( 'NONE', #7115, #4162 ) ;
#4838 =( NAMED_UNIT ( * ) PLANE_ANGLE_UNIT ( ) SI_UNIT ( $, .RADIAN. ) );
#4839 = CARTESIAN_POINT ( 'NONE',  ( 5.320000000000001172, 10.06999999999999851, 3.490000000000034852 ) ) ;
#4840 = CARTESIAN_POINT ( 'NONE',  ( 5.069035593728846933, 0.000000000000000000, -4.060000000000032472 ) ) ;
#4841 = ADVANCED_FACE ( 'NONE', ( #353 ), #7503, .T. ) ;
#4842 = PRESENTATION_STYLE_ASSIGNMENT (( #1899 ) ) ;
#4843 = VECTOR ( 'NONE', #6635, 999.9999999999998863 ) ;
#4844 = FILL_AREA_STYLE ('',( #9136 ) ) ;
#4845 = COLOUR_RGB ( '',0.3176470588235293935, 0.2470588235294117752, 0.2078431372549019440 ) ;
#4846 =( NAMED_UNIT ( * ) PLANE_ANGLE_UNIT ( ) SI_UNIT ( $, .RADIAN. ) );
#4847 = SURFACE_SIDE_STYLE ('',( #8508 ) ) ;
#4848 = FACE_OUTER_BOUND ( 'NONE', #5218, .T. ) ;
#4849 =( NAMED_UNIT ( * ) SI_UNIT ( $, .STERADIAN. ) SOLID_ANGLE_UNIT ( ) );
#4850 = STYLED_ITEM ( 'NONE', ( #2605 ), #8605 ) ;
#4851 = AXIS2_PLACEMENT_3D ( 'NONE', #6841, #1705, #7459 ) ;
#4852 = FILL_AREA_STYLE_COLOUR ( '', #5541 ) ;
#4853 = ORIENTED_EDGE ( 'NONE', *, *, #6269, .F. ) ;
#4854 = AXIS2_PLACEMENT_3D ( 'NONE', #4516, #735, #7463 ) ;
#4855 = PRESENTATION_STYLE_ASSIGNMENT (( #7135 ) ) ;
#4856 = VECTOR ( 'NONE', #975, 1000.000000000000000 ) ;
#4857 = DIRECTION ( 'NONE',  ( 0.7071067811865479058, 0.000000000000000000, -0.7071067811865472397 ) ) ;
#4858 = CARTESIAN_POINT ( 'NONE',  ( 5.049999999999998934, -1.000000000000000000, 3.859999999999968345 ) ) ;
#4859 = SURFACE_STYLE_USAGE ( .BOTH. , #2852 ) ;
#4860 = LINE ( 'NONE', #3247, #8759 ) ;
#4861 = CARTESIAN_POINT ( 'NONE',  ( 1.624999999999999334, 1.570000000000000062, 4.935000000000004050 ) ) ;
#4862 = DIRECTION ( 'NONE',  ( -0.7071067811865469066, -0.000000000000000000, 0.7071067811865482389 ) ) ;
#4863 = ORIENTED_EDGE ( 'NONE', *, *, #5062, .F. ) ;
#4864 = EDGE_CURVE ( 'NONE', #1153, #8266, #2423, .T. ) ;
#4865 = EDGE_LOOP ( 'NONE', ( #8702, #8442, #3041, #765 ) ) ;
#4866 = UNCERTAINTY_MEASURE_WITH_UNIT (LENGTH_MEASURE( 1.000000000000000082E-05 ), #1539, 'distance_accuracy_value', 'NONE');
#4867 = FILL_AREA_STYLE ('',( #5542 ) ) ;
#4868 = ORIENTED_EDGE ( 'NONE', *, *, #3214, .T. ) ;
#4869 = PLANE ( 'NONE',  #2518 ) ;
#4870 =( LENGTH_UNIT ( ) NAMED_UNIT ( * ) SI_UNIT ( .MILLI., .METRE. ) );
#4871 = LINE ( 'NONE', #4773, #7848 ) ;
#4872 =( NAMED_UNIT ( * ) SI_UNIT ( $, .STERADIAN. ) SOLID_ANGLE_UNIT ( ) );
#4873 = ORIENTED_EDGE ( 'NONE', *, *, #5369, .T. ) ;
#4874 = DIRECTION ( 'NONE',  ( -0.000000000000000000, 1.000000000000000000, 0.000000000000000000 ) ) ;
#4875 = LINE ( 'NONE', #2686, #6974 ) ;
#4876 = SURFACE_STYLE_FILL_AREA ( #434 ) ;
#4877 = SURFACE_STYLE_FILL_AREA ( #1087 ) ;
#4878 = CARTESIAN_POINT ( 'NONE',  ( -5.319999999999999396, 4.069999999999999396, 4.130000000000034532 ) ) ;
#4879 = CARTESIAN_POINT ( 'NONE',  ( -2.450000000000001066, -1.000000000000000000, 3.859999999999968345 ) ) ;
#4880 = CARTESIAN_POINT ( 'NONE',  ( 3.874999999999998224, 1.570000000000000062, 4.685000000000003162 ) ) ;
#4881 = FILL_AREA_STYLE ('',( #393 ) ) ;
#4882 =( NAMED_UNIT ( * ) PLANE_ANGLE_UNIT ( ) SI_UNIT ( $, .RADIAN. ) );
#4883 = EDGE_CURVE ( 'NONE', #6628, #4730, #2662, .T. ) ;
#4884 = LINE ( 'NONE', #5618, #3870 ) ;
#4885 = PRESENTATION_STYLE_ASSIGNMENT (( #2655 ) ) ;
#4886 = EDGE_CURVE ( 'NONE', #5704, #8522, #1198, .T. ) ;
#4887 = PLANE ( 'NONE',  #5529 ) ;
#4888 = CARTESIAN_POINT ( 'NONE',  ( 2.499999999999999112, -1.000000000000000000, -7.620000000000000107 ) ) ;
#4889 = CARTESIAN_POINT ( 'NONE',  ( -1.625000000000001110, 4.069999999999999396, -2.684999999999983178 ) ) ;
#4890 = EDGE_CURVE ( 'NONE', #3072, #3531, #9237, .T. ) ;
#4891 = FACE_BOUND ( 'NONE', #1399, .T. ) ;
#4892 = VERTEX_POINT ( 'NONE', #7260 ) ;
#4893 = STYLED_ITEM ( 'NONE', ( #5573 ), #5835 ) ;
#4894 = FILL_AREA_STYLE_COLOUR ( '', #9380 ) ;
#4895 =( NAMED_UNIT ( * ) SI_UNIT ( $, .STERADIAN. ) SOLID_ANGLE_UNIT ( ) );
#4896 = ORIENTED_EDGE ( 'NONE', *, *, #23, .T. ) ;
#4897 = DIRECTION ( 'NONE',  ( -0.7071067811865475727, 0.000000000000000000, 0.7071067811865475727 ) ) ;
#4898 = STYLED_ITEM ( 'NONE', ( #2182 ), #2884 ) ;
#4899 = EDGE_CURVE ( 'NONE', #1267, #5444, #9429, .T. ) ;
#4900 = CARTESIAN_POINT ( 'NONE',  ( -1.375000000000001110, 4.069999999999999396, 4.684999999999986287 ) ) ;
#4901 = SURFACE_STYLE_USAGE ( .BOTH. , #7002 ) ;
#4902 = DIRECTION ( 'NONE',  ( -0.7071067811865479058, -0.000000000000000000, 0.7071067811865472397 ) ) ;
#4903 = ORIENTED_EDGE ( 'NONE', *, *, #6050, .T. ) ;
#4904 = SURFACE_STYLE_USAGE ( .BOTH. , #6204 ) ;
#4905 = EDGE_LOOP ( 'NONE', ( #3106, #5595, #8123, #6567 ) ) ;
#4906 = PRESENTATION_LAYER_ASSIGNMENT (  '', '', ( #9028 ) ) ;
#4907 = CARTESIAN_POINT ( 'NONE',  ( -2.281556638036699169, 0.000000000000000000, -3.674889971370061570 ) ) ;
#4908 = CARTESIAN_POINT ( 'NONE',  ( 2.820000000000000284, 10.06999999999999851, 3.490000000000034852 ) ) ;
#4909 = ORIENTED_EDGE ( 'NONE', *, *, #7789, .T. ) ;
#4910 = CARTESIAN_POINT ( 'NONE',  ( -5.875000000000000888, 4.069999999999999396, -4.934999999999965858 ) ) ;
#4911 = EDGE_CURVE ( 'NONE', #8, #4585, #7178, .T. ) ;
#4912 = CARTESIAN_POINT ( 'NONE',  ( -4.125000000000000888, 4.069999999999999396, 4.934999999999968523 ) ) ;
#4913 = ORIENTED_EDGE ( 'NONE', *, *, #917, .T. ) ;
#4914 = CARTESIAN_POINT ( 'NONE',  ( 4.679999999999998828, 4.069999999999999396, -4.129999999999965254 ) ) ;
#4915 = FILL_AREA_STYLE_COLOUR ( '', #5580 ) ;
#4916 = COLOUR_RGB ( '',0.2980392156862745057, 0.2980392156862745057, 0.2980392156862745057 ) ;
#4917 = VERTEX_POINT ( 'NONE', #1991 ) ;
#4918 = PLANE ( 'NONE',  #6066 ) ;
#4919 =( GEOMETRIC_REPRESENTATION_CONTEXT ( 3 ) GLOBAL_UNCERTAINTY_ASSIGNED_CONTEXT ( ( #46 ) ) GLOBAL_UNIT_ASSIGNED_CONTEXT ( ( #3645, #7519, #1443 ) ) REPRESENTATION_CONTEXT ( 'NONE', 'WORKASPACE' ) );
#4920 = PRESENTATION_STYLE_ASSIGNMENT (( #2786 ) ) ;
#4921 = DIRECTION ( 'NONE',  ( 0.000000000000000000, 0.000000000000000000, 1.000000000000000000 ) ) ;
#4922 = MECHANICAL_DESIGN_GEOMETRIC_PRESENTATION_REPRESENTATION (  '', ( #960 ), #805 ) ;
#4923 = SURFACE_STYLE_USAGE ( .BOTH. , #9133 ) ;
#4924 = CARTESIAN_POINT ( 'NONE',  ( 3.874999999999999112, 4.069999999999999396, -4.684999999999999609 ) ) ;
#4925 = VECTOR ( 'NONE', #743, 1000.000000000000114 ) ;
#4926 = VECTOR ( 'NONE', #4366, 1000.000000000000000 ) ;
#4927 = SURFACE_STYLE_FILL_AREA ( #758 ) ;
#4928 = PRESENTATION_LAYER_ASSIGNMENT (  '', '', ( #6496 ) ) ;
#4929 = MECHANICAL_DESIGN_GEOMETRIC_PRESENTATION_REPRESENTATION (  '', ( #5098 ), #9200 ) ;
#4930 = FILL_AREA_STYLE_COLOUR ( '', #1575 ) ;
#4931 = CARTESIAN_POINT ( 'NONE',  ( -5.069035593728854927, -0.000000000000000000, -3.560000000000032028 ) ) ;
#4932 = STYLED_ITEM ( 'NONE', ( #1373 ), #4938 ) ;
#4933 = VECTOR ( 'NONE', #1894, 1000.000000000000000 ) ;
#4934 = SURFACE_STYLE_USAGE ( .BOTH. , #1986 ) ;
#4935 = FILL_AREA_STYLE ('',( #9281 ) ) ;
#4936 = CARTESIAN_POINT ( 'NONE',  ( 2.549999999999998490, -1.000000000000000000, 3.859999999999968345 ) ) ;
#4937 = DIRECTION ( 'NONE',  ( 1.000000000000000000, 0.000000000000000000, -6.776263578034403699E-16 ) ) ;
#4938 = ADVANCED_FACE ( 'NONE', ( #1335, #8552, #485, #592, #7131, #1954, #9284, #2705, #4891, #5678, #2747 ), #7978, .F. ) ;
#4939 = SURFACE_SIDE_STYLE ('',( #3476 ) ) ;
#4940 = DIRECTION ( 'NONE',  ( 0.000000000000000000, 0.000000000000000000, -1.000000000000000000 ) ) ;
#4941 = EDGE_LOOP ( 'NONE', ( #505, #4435, #3679, #3660 ) ) ;
#4942 = MECHANICAL_DESIGN_GEOMETRIC_PRESENTATION_REPRESENTATION (  '', ( #9360 ), #2006 ) ;
#4943 = ADVANCED_FACE ( 'NONE', ( #687 ), #5726, .F. ) ;
#4944 = VECTOR ( 'NONE', #1929, 999.9999999999998863 ) ;
#4945 = PRESENTATION_STYLE_ASSIGNMENT (( #7984 ) ) ;
#4946 = EDGE_CURVE ( 'NONE', #5169, #180, #3827, .T. ) ;
#4947 = DIRECTION ( 'NONE',  ( -0.000000000000000000, -1.000000000000000000, -0.000000000000000000 ) ) ;
#4948 = DIRECTION ( 'NONE',  ( 0.000000000000000000, 0.000000000000000000, -1.000000000000000000 ) ) ;
#4949 = AXIS2_PLACEMENT_3D ( 'NONE', #476, #3419, #8546 ) ;
#4950 = AXIS2_PLACEMENT_3D ( 'NONE', #6344, #9259, #2682 ) ;
#4951 = VECTOR ( 'NONE', #6120, 1000.000000000000000 ) ;
#4952 = ORIENTED_EDGE ( 'NONE', *, *, #1032, .F. ) ;
#4953 = CLOSED_SHELL ( 'NONE', ( #1089, #4093, #6908, #6767, #4954, #7487 ) ) ;
#4954 = ADVANCED_FACE ( 'NONE', ( #56 ), #5992, .T. ) ;
#4955 = CARTESIAN_POINT ( 'NONE',  ( -5.050000000000002487, -1.000000000000000000, -3.860000000000031406 ) ) ;
#4956 = CARTESIAN_POINT ( 'NONE',  ( 3.624999999999998668, 4.069999999999999396, 4.685000000000003162 ) ) ;
#4957 =( LENGTH_UNIT ( ) NAMED_UNIT ( * ) SI_UNIT ( .MILLI., .METRE. ) );
#4958 = VERTEX_POINT ( 'NONE', #4454 ) ;
#4959 = EDGE_CURVE ( 'NONE', #2434, #5949, #6749, .T. ) ;
#4960 = VECTOR ( 'NONE', #6727, 1000.000000000000000 ) ;
#4961 = CARTESIAN_POINT ( 'NONE',  ( 0.3200000000000008393, 4.069999999999999396, 3.490000000000034852 ) ) ;
#4962 = ORIENTED_EDGE ( 'NONE', *, *, #554, .F. ) ;
#4963 = AXIS2_PLACEMENT_3D ( 'NONE', #1313, #3973, #6348 ) ;
#4964 =( GEOMETRIC_REPRESENTATION_CONTEXT ( 3 ) GLOBAL_UNCERTAINTY_ASSIGNED_CONTEXT ( ( #3166 ) ) GLOBAL_UNIT_ASSIGNED_CONTEXT ( ( #65, #4317, #8644 ) ) REPRESENTATION_CONTEXT ( 'NONE', 'WORKASPACE' ) );
#4965 = PRESENTATION_STYLE_ASSIGNMENT (( #1967 ) ) ;
#4966 = CARTESIAN_POINT ( 'NONE',  ( -1.375000000000001110, 4.069999999999999396, 2.934999999999986287 ) ) ;
#4967 = ORIENTED_EDGE ( 'NONE', *, *, #4569, .F. ) ;
#4968 = PRESENTATION_LAYER_ASSIGNMENT (  '', '', ( #6689 ) ) ;
#4969 =( NAMED_UNIT ( * ) PLANE_ANGLE_UNIT ( ) SI_UNIT ( $, .RADIAN. ) );
#4970 = STYLED_ITEM ( 'NONE', ( #1662 ), #1718 ) ;
#4971 = CARTESIAN_POINT ( 'NONE',  ( -0.3200000000000008393, 10.06999999999999851, -3.489999999999965574 ) ) ;
#4972 = SURFACE_STYLE_USAGE ( .BOTH. , #1262 ) ;
#4973 = DIRECTION ( 'NONE',  ( 0.000000000000000000, -1.000000000000000000, 0.000000000000000000 ) ) ;
#4974 = CARTESIAN_POINT ( 'NONE',  ( -1.625000000000001110, 1.570000000000000062, 4.934999999999986287 ) ) ;
#4975 = ORIENTED_EDGE ( 'NONE', *, *, #9469, .T. ) ;
#4976 = PLANE ( 'NONE',  #4963 ) ;
#4977 = CARTESIAN_POINT ( 'NONE',  ( -0.1767766952966397243, 0.000000000000000000, 3.986776695296604167 ) ) ;
#4978 = ORIENTED_EDGE ( 'NONE', *, *, #5171, .T. ) ;
#4979 = STYLED_ITEM ( 'NONE', ( #7748 ), #6702 ) ;
#4980 = DIRECTION ( 'NONE',  ( -0.000000000000000000, -0.000000000000000000, 1.000000000000000000 ) ) ;
#4981 =( NAMED_UNIT ( * ) PLANE_ANGLE_UNIT ( ) SI_UNIT ( $, .RADIAN. ) );
#4982 = LINE ( 'NONE', #3565, #3055 ) ;
#4983 = ORIENTED_EDGE ( 'NONE', *, *, #877, .F. ) ;
#4984 =( NAMED_UNIT ( * ) SI_UNIT ( $, .STERADIAN. ) SOLID_ANGLE_UNIT ( ) );
#4985 =( NAMED_UNIT ( * ) SI_UNIT ( $, .STERADIAN. ) SOLID_ANGLE_UNIT ( ) );
#4986 = SURFACE_STYLE_FILL_AREA ( #7208 ) ;
#4987 = PLANE ( 'NONE',  #7572 ) ;
#4988 =( GEOMETRIC_REPRESENTATION_CONTEXT ( 3 ) GLOBAL_UNCERTAINTY_ASSIGNED_CONTEXT ( ( #664 ) ) GLOBAL_UNIT_ASSIGNED_CONTEXT ( ( #6454, #4217, #7214 ) ) REPRESENTATION_CONTEXT ( 'NONE', 'WORKASPACE' ) );
#4989 = ORIENTED_EDGE ( 'NONE', *, *, #6140, .F. ) ;
#4990 = FACE_OUTER_BOUND ( 'NONE', #8626, .T. ) ;
#4991 = CARTESIAN_POINT ( 'NONE',  ( 1.624999999999999334, 4.069999999999999396, -4.935000000000000497 ) ) ;
#4992 = SURFACE_SIDE_STYLE ('',( #9321 ) ) ;
#4993 = DIRECTION ( 'NONE',  ( -0.000000000000000000, -1.000000000000000000, -0.000000000000000000 ) ) ;
#4994 = CARTESIAN_POINT ( 'NONE',  ( 0.8749999999999990008, 4.069999999999999396, -2.685000000000000497 ) ) ;
#4995 = CARTESIAN_POINT ( 'NONE',  ( -6.125000000000000888, 4.069999999999999396, -4.684999999999964970 ) ) ;
#4996 = PRESENTATION_STYLE_ASSIGNMENT (( #2042 ) ) ;
#4997 = CARTESIAN_POINT ( 'NONE',  ( 4.680000000000000604, 10.06999999999999851, 4.130000000000034532 ) ) ;
#4998 = AXIS2_PLACEMENT_3D ( 'NONE', #6368, #1680, #2429 ) ;
#4999 = ORIENTED_EDGE ( 'NONE', *, *, #4397, .T. ) ;
#5000 = FILL_AREA_STYLE_COLOUR ( '', #4814 ) ;
#5001 = SURFACE_SIDE_STYLE ('',( #2236 ) ) ;
#5002 = CIRCLE ( 'NONE', #266, 0.2500000000000002220 ) ;
#5003 = DIRECTION ( 'NONE',  ( -6.776263578034403699E-16, 0.000000000000000000, -1.000000000000000000 ) ) ;
#5004 = MECHANICAL_DESIGN_GEOMETRIC_PRESENTATION_REPRESENTATION (  '', ( #1619 ), #5793 ) ;
#5005 = ORIENTED_EDGE ( 'NONE', *, *, #3458, .F. ) ;
#5006 = PRESENTATION_STYLE_ASSIGNMENT (( #544 ) ) ;
#5007 = ADVANCED_FACE ( 'NONE', ( #2267, #5832, #8728, #2122, #3678, #5138, #4369, #8828, #6650, #7412, #7310 ), #5879, .T. ) ;
#5008 = FACE_OUTER_BOUND ( 'NONE', #1299, .T. ) ;
#5009 = EDGE_LOOP ( 'NONE', ( #9051, #1473, #7188, #5526 ) ) ;
#5010 = B_SPLINE_CURVE_WITH_KNOTS ( 'NONE', 3,
 ( #2210, #3723, #1500, #4444, #7395, #6697 ),
 .UNSPECIFIED., .F., .F.,
 ( 4, 2, 4 ),
 ( 0.000000000000000000, 0.0001947009419741405512, 0.0003894018839482811024 ),
 .UNSPECIFIED. ) ;
#5011 = MECHANICAL_DESIGN_GEOMETRIC_PRESENTATION_REPRESENTATION (  '', ( #5482 ), #424 ) ;
#5012 = ORIENTED_EDGE ( 'NONE', *, *, #2104, .F. ) ;
#5013 = PRESENTATION_STYLE_ASSIGNMENT (( #4388 ) ) ;
#5014 = PRESENTATION_STYLE_ASSIGNMENT (( #5647 ) ) ;
#5015 = DIRECTION ( 'NONE',  ( -0.000000000000000000, -1.000000000000000000, -0.000000000000000000 ) ) ;
#5016 = VERTEX_POINT ( 'NONE', #4774 ) ;
#5017 = UNCERTAINTY_MEASURE_WITH_UNIT (LENGTH_MEASURE( 1.000000000000000082E-05 ), #707, 'distance_accuracy_value', 'NONE');
#5018 = FILL_AREA_STYLE_COLOUR ( '', #6664 ) ;
#5019 = EDGE_LOOP ( 'NONE', ( #3457, #5069, #6507, #8667 ) ) ;
#5020 = EDGE_CURVE ( 'NONE', #7277, #4140, #4199, .T. ) ;
#5021 = DIRECTION ( 'NONE',  ( 0.7071067811865479058, 0.000000000000000000, 0.7071067811865472397 ) ) ;
#5022 = UNCERTAINTY_MEASURE_WITH_UNIT (LENGTH_MEASURE( 1.000000000000000082E-05 ), #5759, 'distance_accuracy_value', 'NONE');
#5023 = ORIENTED_EDGE ( 'NONE', *, *, #8343, .T. ) ;
#5024 = CARTESIAN_POINT ( 'NONE',  ( 2.676776695296635200, 0.000000000000000000, 3.633223304703330658 ) ) ;
#5025 =( NAMED_UNIT ( * ) PLANE_ANGLE_UNIT ( ) SI_UNIT ( $, .RADIAN. ) );
#5026 = ORIENTED_EDGE ( 'NONE', *, *, #8666, .F. ) ;
#5027 = LINE ( 'NONE', #4000, #6412 ) ;
#5028 = DIRECTION ( 'NONE',  ( -0.000000000000000000, -1.000000000000000000, -0.000000000000000000 ) ) ;
#5029 = DIRECTION ( 'NONE',  ( 0.7071067811865474617, 0.000000000000000000, -0.7071067811865474617 ) ) ;
#5030 = ORIENTED_EDGE ( 'NONE', *, *, #2597, .T. ) ;
#5031 = UNCERTAINTY_MEASURE_WITH_UNIT (LENGTH_MEASURE( 1.000000000000000082E-05 ), #4228, 'distance_accuracy_value', 'NONE');
#5032 = LINE ( 'NONE', #7972, #4020 ) ;
#5033 = ADVANCED_FACE ( 'NONE', ( #7157 ), #978, .T. ) ;
#5034 = DIRECTION ( 'NONE',  ( 0.000000000000000000, 0.000000000000000000, -1.000000000000000000 ) ) ;
#5035 = LINE ( 'NONE', #627, #6984 ) ;
#5036 = FILL_AREA_STYLE ('',( #7974 ) ) ;
#5037 = PRESENTATION_STYLE_ASSIGNMENT (( #9324 ) ) ;
#5038 = CARTESIAN_POINT ( 'NONE',  ( 2.483333333333332060, -1.000000000000000000, 3.859999999999967901 ) ) ;
#5039 = FACE_OUTER_BOUND ( 'NONE', #286, .T. ) ;
#5040 = ORIENTED_EDGE ( 'NONE', *, *, #2508, .T. ) ;
#5041 = ORIENTED_EDGE ( 'NONE', *, *, #4331, .F. ) ;
#5042 = DIRECTION ( 'NONE',  ( 0.000000000000000000, 0.000000000000000000, 1.000000000000000000 ) ) ;
#5043 = SURFACE_STYLE_USAGE ( .BOTH. , #1516 ) ;
#5044 = ORIENTED_EDGE ( 'NONE', *, *, #6400, .T. ) ;
#5045 = CARTESIAN_POINT ( 'NONE',  ( -5.069035593728853151, -0.000000000000000000, -4.060000000000030695 ) ) ;
#5046 = CARTESIAN_POINT ( 'NONE',  ( -2.500000000000000888, 0.000000000000000000, 3.809999999999968967 ) ) ;
#5047 = CARTESIAN_POINT ( 'NONE',  ( 7.500000000000000000, -1.000000000000000000, 0.000000000000000000 ) ) ;
#5048 = ORIENTED_EDGE ( 'NONE', *, *, #408, .F. ) ;
#5049 = DIRECTION ( 'NONE',  ( 0.7071067811865482389, 0.000000000000000000, 0.7071067811865469066 ) ) ;
#5050 = ORIENTED_EDGE ( 'NONE', *, *, #4009, .F. ) ;
#5051 = AXIS2_PLACEMENT_3D ( 'NONE', #8668, #7202, #5761 ) ;
#5052 = FILL_AREA_STYLE ('',( #6527 ) ) ;
#5053 = ADVANCED_FACE ( 'NONE', ( #967 ), #2683, .T. ) ;
#5054 = CARTESIAN_POINT ( 'NONE',  ( 5.874999999999999112, 4.069999999999999396, -2.685000000000000497 ) ) ;
#5055 = ORIENTED_EDGE ( 'NONE', *, *, #4123, .F. ) ;
#5056 = CARTESIAN_POINT ( 'NONE',  ( 5.049999999999997158, -1.000000000000000000, -3.793333333333366308 ) ) ;
#5057 = PRESENTATION_STYLE_ASSIGNMENT (( #4286 ) ) ;
#5058 = ORIENTED_EDGE ( 'NONE', *, *, #4237, .F. ) ;
#5059 = CARTESIAN_POINT ( 'NONE',  ( -1.625000000000001110, 4.069999999999999396, 2.684999999999986287 ) ) ;
#5060 =( NAMED_UNIT ( * ) PLANE_ANGLE_UNIT ( ) SI_UNIT ( $, .RADIAN. ) );
#5061 = ORIENTED_EDGE ( 'NONE', *, *, #2624, .F. ) ;
#5062 = EDGE_CURVE ( 'NONE', #4255, #7471, #3376, .T. ) ;
#5063 = EDGE_CURVE ( 'NONE', #2814, #5704, #5852, .T. ) ;
#5064 = UNCERTAINTY_MEASURE_WITH_UNIT (LENGTH_MEASURE( 1.000000000000000082E-05 ), #2899, 'distance_accuracy_value', 'NONE');
#5065 = EDGE_CURVE ( 'NONE', #8804, #5824, #3498, .T. ) ;
#5066 =( NAMED_UNIT ( * ) PLANE_ANGLE_UNIT ( ) SI_UNIT ( $, .RADIAN. ) );
#5067 = CARTESIAN_POINT ( 'NONE',  ( 2.549999999999998490, -1.000000000000000000, 3.859999999999968345 ) ) ;
#5068 = COLOUR_RGB ( '',0.2980392156862745057, 0.2980392156862745057, 0.2980392156862745057 ) ;
#5069 = ORIENTED_EDGE ( 'NONE', *, *, #3156, .F. ) ;
#5070 = SURFACE_STYLE_USAGE ( .BOTH. , #5978 ) ;
#5071 = SURFACE_STYLE_FILL_AREA ( #5125 ) ;
#5072 = CARTESIAN_POINT ( 'NONE',  ( -4.680000000000000604, 10.06999999999999851, -3.489999999999965574 ) ) ;
#5073 = SURFACE_SIDE_STYLE ('',( #2111 ) ) ;
#5074 = VERTEX_POINT ( 'NONE', #3552 ) ;
#5075 = CARTESIAN_POINT ( 'NONE',  ( -2.550000000000002487, -1.000000000000000000, -3.776666666666698369 ) ) ;
#5076 = VECTOR ( 'NONE', #5859, 1000.000000000000000 ) ;
#5077 = LINE ( 'NONE', #7351, #9214 ) ;
#5078 = ADVANCED_FACE ( 'NONE', ( #8708 ), #9350, .F. ) ;
#5079 = CIRCLE ( 'NONE', #6335, 0.2500000000000002220 ) ;
#5080 = FACE_OUTER_BOUND ( 'NONE', #689, .T. ) ;
#5081 = CARTESIAN_POINT ( 'NONE',  ( 2.323223304703359027, 0.000000000000000000, -3.633223304703395939 ) ) ;
#5082 = CARTESIAN_POINT ( 'NONE',  ( 3.374999999999999112, 1.570000000000000062, -2.685000000000000497 ) ) ;
#5083 =( NAMED_UNIT ( * ) SI_UNIT ( $, .STERADIAN. ) SOLID_ANGLE_UNIT ( ) );
#5084 = PLANE ( 'NONE',  #5247 ) ;
#5085 = SURFACE_STYLE_FILL_AREA ( #7309 ) ;
#5086 = DIRECTION ( 'NONE',  ( 0.000000000000000000, 0.000000000000000000, -1.000000000000000000 ) ) ;
#5087 = ORIENTED_EDGE ( 'NONE', *, *, #7662, .F. ) ;
#5088 = STYLED_ITEM ( 'NONE', ( #8887 ), #9326 ) ;
#5089 = MECHANICAL_DESIGN_GEOMETRIC_PRESENTATION_REPRESENTATION (  '', ( #651 ), #1392 ) ;
#5090 = EDGE_LOOP ( 'NONE', ( #1959, #3630, #1966, #4295 ) ) ;
#5091 = ADVANCED_FACE ( 'NONE', ( #9305 ), #2079, .T. ) ;
#5092 = PRESENTATION_LAYER_ASSIGNMENT (  '', '', ( #2915 ) ) ;
#5093 = AXIS2_PLACEMENT_3D ( 'NONE', #3192, #4897, #8132 ) ;
#5094 = ADVANCED_FACE ( 'NONE', ( #2613 ), #1958, .F. ) ;
#5095 = SURFACE_STYLE_FILL_AREA ( #5837 ) ;
#5096 = DIRECTION ( 'NONE',  ( 0.000000000000000000, 0.000000000000000000, 1.000000000000000000 ) ) ;
#5097 = ORIENTED_EDGE ( 'NONE', *, *, #3514, .F. ) ;
#5098 = STYLED_ITEM ( 'NONE', ( #9196 ), #879 ) ;
#5099 = B_SPLINE_SURFACE_WITH_KNOTS ( 'NONE', 3, 1, ( 
 ( #8308, #3002 ),
 ( #5984, #3169 ),
 ( #6135, #8955 ),
 ( #2366, #5335 ),
 ( #3924, #8270 ),
 ( #6176, #4512 ) ),
 .UNSPECIFIED., .F., .F., .F.,
 ( 4, 2, 4 ),
 ( 2, 2 ),
 ( 0.000000000000000000, 0.5000000000000000000, 1.000000000000000000 ),
 ( 0.000000000000000000, 1.000000000000000000 ),
 .UNSPECIFIED. ) ;
#5100 = SURFACE_STYLE_FILL_AREA ( #9391 ) ;
#5101 = STYLED_ITEM ( 'NONE', ( #5057 ), #5091 ) ;
#5102 = PRESENTATION_STYLE_ASSIGNMENT (( #4424 ) ) ;
#5103 = ORIENTED_EDGE ( 'NONE', *, *, #8704, .T. ) ;
#5104 = DIRECTION ( 'NONE',  ( -0.7071067811865482389, 0.000000000000000000, -0.7071067811865469066 ) ) ;
#5105 = ORIENTED_EDGE ( 'NONE', *, *, #3948, .T. ) ;
#5106 = LINE ( 'NONE', #1390, #4344 ) ;
#5107 = PRESENTATION_LAYER_ASSIGNMENT (  '', '', ( #1412 ) ) ;
#5108 = COLOUR_RGB ( '',0.3176470588235293935, 0.2470588235294117752, 0.2078431372549019440 ) ;
#5109 = CIRCLE ( 'NONE', #981, 0.2500000000000002220 ) ;
#5110 = STYLED_ITEM ( 'NONE', ( #6302 ), #4251 ) ;
#5111 = FILL_AREA_STYLE ('',( #1303 ) ) ;
#5112 = ORIENTED_EDGE ( 'NONE', *, *, #3336, .T. ) ;
#5113 = LINE ( 'NONE', #4483, #8341 ) ;
#5114 = VECTOR ( 'NONE', #4782, 1000.000000000000000 ) ;
#5115 = VECTOR ( 'NONE', #8494, 1000.000000000000000 ) ;
#5116 = ORIENTED_EDGE ( 'NONE', *, *, #5319, .F. ) ;
#5117 = AXIS2_PLACEMENT_3D ( 'NONE', #2925, #1448, #2830 ) ;
#5118 =( GEOMETRIC_REPRESENTATION_CONTEXT ( 3 ) GLOBAL_UNCERTAINTY_ASSIGNED_CONTEXT ( ( #6876 ) ) GLOBAL_UNIT_ASSIGNED_CONTEXT ( ( #276, #7799, #1201 ) ) REPRESENTATION_CONTEXT ( 'NONE', 'WORKASPACE' ) );
#5119 = SURFACE_STYLE_USAGE ( .BOTH. , #1356 ) ;
#5120 = ORIENTED_EDGE ( 'NONE', *, *, #5398, .F. ) ;
#5121 = STYLED_ITEM ( 'NONE', ( #1515 ), #6505 ) ;
#5122 = CARTESIAN_POINT ( 'NONE',  ( 2.549999999999998490, -1.000000000000000000, 3.759999999999968701 ) ) ;
#5123 = VERTEX_POINT ( 'NONE', #7184 ) ;
#5124 = LINE ( 'NONE', #6543, #551 ) ;
#5125 = FILL_AREA_STYLE ('',( #2071 ) ) ;
#5126 = VERTEX_POINT ( 'NONE', #5499 ) ;
#5127 = PRESENTATION_LAYER_ASSIGNMENT (  '', '', ( #9233 ) ) ;
#5128 = UNCERTAINTY_MEASURE_WITH_UNIT (LENGTH_MEASURE( 1.000000000000000082E-05 ), #9273, 'distance_accuracy_value', 'NONE');
#5129 = FILL_AREA_STYLE_COLOUR ( '', #7574 ) ;
#5130 = LINE ( 'NONE', #48, #8367 ) ;
#5131 = FILL_AREA_STYLE ('',( #8023 ) ) ;
#5132 =( LENGTH_UNIT ( ) NAMED_UNIT ( * ) SI_UNIT ( .MILLI., .METRE. ) );
#5133 =( NAMED_UNIT ( * ) SI_UNIT ( $, .STERADIAN. ) SOLID_ANGLE_UNIT ( ) );
#5134 = CARTESIAN_POINT ( 'NONE',  ( 6.124999999999999112, 4.069999999999999396, -2.935000000000000053 ) ) ;
#5135 = EDGE_CURVE ( 'NONE', #5360, #2058, #596, .T. ) ;
#5136 = FILL_AREA_STYLE_COLOUR ( '', #6492 ) ;
#5137 =( NAMED_UNIT ( * ) SI_UNIT ( $, .STERADIAN. ) SOLID_ANGLE_UNIT ( ) );
#5138 = FACE_BOUND ( 'NONE', #5680, .T. ) ;
#5139 = PLANE ( 'NONE',  #1688 ) ;
#5140 = CARTESIAN_POINT ( 'NONE',  ( 4.680000000000000604, 10.06999999999999851, 3.490000000000034852 ) ) ;
#5141 = ORIENTED_EDGE ( 'NONE', *, *, #228, .F. ) ;
#5142 = MECHANICAL_DESIGN_GEOMETRIC_PRESENTATION_REPRESENTATION (  '', ( #7912 ), #5944 ) ;
#5143 = FACE_OUTER_BOUND ( 'NONE', #8731, .T. ) ;
#5144 = CARTESIAN_POINT ( 'NONE',  ( 2.549999999999997602, -1.000000000000000000, -3.760000000000031761 ) ) ;
#5145 = COLOUR_RGB ( '',0.3176470588235293935, 0.2470588235294117752, 0.2078431372549019440 ) ;
#5146 = ORIENTED_EDGE ( 'NONE', *, *, #6979, .T. ) ;
#5147 = CARTESIAN_POINT ( 'NONE',  ( 0.000000000000000000, 4.069999999999999396, 0.000000000000000000 ) ) ;
#5148 = PRESENTATION_LAYER_ASSIGNMENT (  '', '', ( #8961 ) ) ;
#5150 = VECTOR ( 'NONE', #6594, 1000.000000000000000 ) ;
#5149 = CARTESIAN_POINT ( 'NONE',  ( -5.176776695296640973, 0.000000000000000000, -3.633223304703395939 ) ) ;
#5151 = FILL_AREA_STYLE_COLOUR ( '', #6049 ) ;
#5152 = LINE ( 'NONE', #6517, #352 ) ;
#5153 = CARTESIAN_POINT ( 'NONE',  ( 2.180000000000000604, 10.06999999999999851, 3.490000000000034852 ) ) ;
#5154 = VERTEX_POINT ( 'NONE', #4171 ) ;
#5155 = UNCERTAINTY_MEASURE_WITH_UNIT (LENGTH_MEASURE( 1.000000000000000082E-05 ), #4098, 'distance_accuracy_value', 'NONE');
#5156 = DIRECTION ( 'NONE',  ( 0.000000000000000000, 0.000000000000000000, 1.000000000000000000 ) ) ;
#5157 = EDGE_LOOP ( 'NONE', ( #4896, #38, #4188, #2206 ) ) ;
#5158 = EDGE_CURVE ( 'NONE', #5364, #1582, #2712, .T. ) ;
#5159 =( LENGTH_UNIT ( ) NAMED_UNIT ( * ) SI_UNIT ( .MILLI., .METRE. ) );
#5160 = AXIS2_PLACEMENT_3D ( 'NONE', #5147, #8838, #893 ) ;
#5161 = PRESENTATION_STYLE_ASSIGNMENT (( #8802 ) ) ;
#5162 = CARTESIAN_POINT ( 'NONE',  ( 3.374999999999999112, 4.069999999999999396, -4.935000000000000497 ) ) ;
#5163 = EDGE_LOOP ( 'NONE', ( #8888, #183, #8649, #7386 ) ) ;
#5164 = LINE ( 'NONE', #5964, #6069 ) ;
#5165 = DIRECTION ( 'NONE',  ( 0.1247869418429880528, -0.9843050534722200817, 0.1247869418429867622 ) ) ;
#5166 = STYLED_ITEM ( 'NONE', ( #6994 ), #8654 ) ;
#5167 = SURFACE_SIDE_STYLE ('',( #29 ) ) ;
#5168 = PRESENTATION_LAYER_ASSIGNMENT (  '', '', ( #4560 ) ) ;
#5169 = VERTEX_POINT ( 'NONE', #5534 ) ;
#5170 = CARTESIAN_POINT ( 'NONE',  ( 1.374999999999999556, 1.570000000000000062, -2.935000000000000053 ) ) ;
#5171 = EDGE_CURVE ( 'NONE', #8892, #9149, #492, .T. ) ;
#5172 =( NAMED_UNIT ( * ) PLANE_ANGLE_UNIT ( ) SI_UNIT ( $, .RADIAN. ) );
#5173 =( LENGTH_UNIT ( ) NAMED_UNIT ( * ) SI_UNIT ( .MILLI., .METRE. ) );
#5174 = ORIENTED_EDGE ( 'NONE', *, *, #864, .T. ) ;
#5175 = UNCERTAINTY_MEASURE_WITH_UNIT (LENGTH_MEASURE( 1.000000000000000082E-05 ), #7150, 'distance_accuracy_value', 'NONE');
#5176 = VECTOR ( 'NONE', #9465, 1000.000000000000000 ) ;
#5177 = FILL_AREA_STYLE_COLOUR ( '', #3990 ) ;
#5178 = ORIENTED_EDGE ( 'NONE', *, *, #3039, .T. ) ;
#5179 = CARTESIAN_POINT ( 'NONE',  ( 2.820000000000000284, 10.06999999999999851, 4.130000000000034532 ) ) ;
#5180 = CARTESIAN_POINT ( 'NONE',  ( 0.3199999999999991185, 10.06999999999999851, -4.129999999999965254 ) ) ;
#5181 = CARTESIAN_POINT ( 'NONE',  ( 3.624999999999998668, 4.069999999999999396, 4.685000000000003162 ) ) ;
#5182 = DIRECTION ( 'NONE',  ( -0.000000000000000000, -1.000000000000000000, -0.000000000000000000 ) ) ;
#5183 = ORIENTED_EDGE ( 'NONE', *, *, #545, .F. ) ;
#5184 = CARTESIAN_POINT ( 'NONE',  ( 5.176776695296633868, 0.000000000000000000, -3.986776695296669448 ) ) ;
#5185 = DIRECTION ( 'NONE',  ( -0.000000000000000000, 1.000000000000000000, 0.000000000000000000 ) ) ;
#5186 = B_SPLINE_SURFACE_WITH_KNOTS ( 'NONE', 3, 1, ( 
 ( #2973, #1019 ),
 ( #4019, #5437 ),
 ( #1765, #6889 ),
 ( #8422, #8145 ),
 ( #9003, #8102 ),
 ( #7372, #5957 ) ),
 .UNSPECIFIED., .F., .F., .F.,
 ( 4, 2, 4 ),
 ( 2, 2 ),
 ( 0.000000000000000000, 0.5000000000000000000, 1.000000000000000000 ),
 ( 0.000000000000000000, 1.000000000000000000 ),
 .UNSPECIFIED. ) ;
#5187 = PRESENTATION_STYLE_ASSIGNMENT (( #5723 ) ) ;
#5188 = LINE ( 'NONE', #8725, #4926 ) ;
#5189 = CARTESIAN_POINT ( 'NONE',  ( 1.624999999999999334, 4.069999999999999396, 4.935000000000004050 ) ) ;
#5190 = SURFACE_STYLE_FILL_AREA ( #3040 ) ;
#5191 = ORIENTED_EDGE ( 'NONE', *, *, #2212, .F. ) ;
#5192 = ORIENTED_EDGE ( 'NONE', *, *, #1533, .T. ) ;
#5193 = EDGE_CURVE ( 'NONE', #7981, #7625, #3379, .T. ) ;
#5194 = DIRECTION ( 'NONE',  ( 0.000000000000000000, 0.000000000000000000, 1.000000000000000000 ) ) ;
#5195 = FILL_AREA_STYLE ('',( #5838 ) ) ;
#5196 = ORIENTED_EDGE ( 'NONE', *, *, #5135, .F. ) ;
#5197 = CARTESIAN_POINT ( 'NONE',  ( -1.375000000000001110, 4.069999999999999396, -4.684999999999982734 ) ) ;
#5198 = PLANE ( 'NONE',  #7772 ) ;
#5199 = CARTESIAN_POINT ( 'NONE',  ( 2.749999999999998224, 0.000000000000000000, -3.740964406271182874 ) ) ;
#5200 = PRESENTATION_STYLE_ASSIGNMENT (( #1729 ) ) ;
#5201 = CARTESIAN_POINT ( 'NONE',  ( 5.069035593728848710, 0.000000000000000000, 3.559999999999968079 ) ) ;
#5202 = VERTEX_POINT ( 'NONE', #8555 ) ;
#5203 = UNCERTAINTY_MEASURE_WITH_UNIT (LENGTH_MEASURE( 1.000000000000000082E-05 ), #8448, 'distance_accuracy_value', 'NONE');
#5204 = ORIENTED_EDGE ( 'NONE', *, *, #2346, .T. ) ;
#5205 = FILL_AREA_STYLE_COLOUR ( '', #6225 ) ;
#5206 = DIRECTION ( 'NONE',  ( -0.7071067811865472397, 0.000000000000000000, -0.7071067811865479058 ) ) ;
#5207 = EDGE_CURVE ( 'NONE', #601, #8676, #8339, .T. ) ;
#5208 = FILL_AREA_STYLE ('',( #7332 ) ) ;
#5209 = SURFACE_SIDE_STYLE ('',( #798 ) ) ;
#5210 = VERTEX_POINT ( 'NONE', #7890 ) ;
#5211 = CARTESIAN_POINT ( 'NONE',  ( -0.3199999999999991185, 4.069999999999999396, 3.490000000000034852 ) ) ;
#5212 = ORIENTED_EDGE ( 'NONE', *, *, #6637, .F. ) ;
#5213 = COLOUR_RGB ( '',0.7921568627450980005, 0.8196078431372548767, 0.9333333333333333481 ) ;
#5214 = ADVANCED_FACE ( 'NONE', ( #1044 ), #6823, .F. ) ;
#5215 = EDGE_CURVE ( 'NONE', #8600, #5800, #2299, .T. ) ;
#5216 = CARTESIAN_POINT ( 'NONE',  ( -0.8750000000000005551, 4.069999999999999396, -2.685000000000000497 ) ) ;
#5217 = CARTESIAN_POINT ( 'NONE',  ( 3.874999999999999112, 4.069999999999999396, 4.685000000000003162 ) ) ;
#5218 = EDGE_LOOP ( 'NONE', ( #1876, #4635, #3163, #973 ) ) ;
#5219 = CARTESIAN_POINT ( 'NONE',  ( -5.320000000000001172, 4.069999999999999396, -3.489999999999965574 ) ) ;
#5220 = DIRECTION ( 'NONE',  ( 0.000000000000000000, 0.000000000000000000, -1.000000000000000000 ) ) ;
#5221 = PLANE ( 'NONE',  #1919 ) ;
#5222 = VECTOR ( 'NONE', #3099, 1000.000000000000000 ) ;
#5223 = LINE ( 'NONE', #7452, #9370 ) ;
#5224 = VERTEX_POINT ( 'NONE', #4683 ) ;
#5225 = SURFACE_SIDE_STYLE ('',( #3868 ) ) ;
#5226 = MECHANICAL_DESIGN_GEOMETRIC_PRESENTATION_REPRESENTATION (  '', ( #5691 ), #6470 ) ;
#5227 =( NAMED_UNIT ( * ) SI_UNIT ( $, .STERADIAN. ) SOLID_ANGLE_UNIT ( ) );
#5228 = FILL_AREA_STYLE ('',( #6881 ) ) ;
#5229 = PLANE ( 'NONE',  #9260 ) ;
#5230 = CARTESIAN_POINT ( 'NONE',  ( 10.00000000000000178, 4.069999999999999396, 7.620000000000000107 ) ) ;
#5231 = SURFACE_STYLE_FILL_AREA ( #7259 ) ;
#5232 = PRESENTATION_LAYER_ASSIGNMENT (  '', '', ( #7996 ) ) ;
#5233 = ORIENTED_EDGE ( 'NONE', *, *, #2935, .F. ) ;
#5234 = ORIENTED_EDGE ( 'NONE', *, *, #6491, .T. ) ;
#5235 = COLOUR_RGB ( '',0.2980392156862745057, 0.2980392156862745057, 0.2980392156862745057 ) ;
#5236 = VECTOR ( 'NONE', #2821, 1000.000000000000000 ) ;
#5237 = CARTESIAN_POINT ( 'NONE',  ( -6.125000000000000000, 4.069999999999999396, 2.934999999999968523 ) ) ;
#5238 = VERTEX_POINT ( 'NONE', #5361 ) ;
#5239 = CARTESIAN_POINT ( 'NONE',  ( 0.3200000000000008393, 10.06999999999999851, 3.490000000000034852 ) ) ;
#5240 = ADVANCED_FACE ( 'NONE', ( #184 ), #300, .T. ) ;
#5241 = MECHANICAL_DESIGN_GEOMETRIC_PRESENTATION_REPRESENTATION (  '', ( #6196 ), #8471 ) ;
#5242 = AXIS2_PLACEMENT_3D ( 'NONE', #4912, #7012, #2539 ) ;
#5243 = CARTESIAN_POINT ( 'NONE',  ( -4.823223304703364356, 0.000000000000000000, 3.633223304703330658 ) ) ;
#5244 = EDGE_CURVE ( 'NONE', #3493, #8868, #3854, .T. ) ;
#5245 = VERTEX_POINT ( 'NONE', #5413 ) ;
#5246 = COLOUR_RGB ( '',0.3176470588235293935, 0.2470588235294117752, 0.2078431372549019440 ) ;
#5247 = AXIS2_PLACEMENT_3D ( 'NONE', #8031, #6554, #5830 ) ;
#5248 = EDGE_CURVE ( 'NONE', #8223, #6341, #1743, .T. ) ;
#5249 = VERTEX_POINT ( 'NONE', #6296 ) ;
#5250 = FACE_OUTER_BOUND ( 'NONE', #1595, .T. ) ;
#5251 = AXIS2_PLACEMENT_3D ( 'NONE', #2389, #2292, #7436 ) ;
#5252 = SURFACE_STYLE_USAGE ( .BOTH. , #9110 ) ;
#5253 =( NAMED_UNIT ( * ) PLANE_ANGLE_UNIT ( ) SI_UNIT ( $, .RADIAN. ) );
#5254 = DIRECTION ( 'NONE',  ( 0.7071067811865469066, 0.000000000000000000, -0.7071067811865482389 ) ) ;
#5255 = VECTOR ( 'NONE', #3360, 1000.000000000000000 ) ;
#5256 = EDGE_CURVE ( 'NONE', #9187, #3142, #9296, .T. ) ;
#5257 = CARTESIAN_POINT ( 'NONE',  ( -6.125000000000000000, 1.570000000000000062, -2.934999999999964970 ) ) ;
#5258 = CARTESIAN_POINT ( 'NONE',  ( -2.820000000000000728, 10.06999999999999851, -3.489999999999965574 ) ) ;
#5259 = CARTESIAN_POINT ( 'NONE',  ( 5.874999999999999112, 4.069999999999999396, -4.935000000000000497 ) ) ;
#5260 = ORIENTED_EDGE ( 'NONE', *, *, #2708, .T. ) ;
#5261 = DIRECTION ( 'NONE',  ( -0.000000000000000000, -1.000000000000000000, -0.000000000000000000 ) ) ;
#5262 = STYLED_ITEM ( 'NONE', ( #3177 ), #151 ) ;
#5263 = SURFACE_STYLE_USAGE ( .BOTH. , #6769 ) ;
#5264 = VECTOR ( 'NONE', #3513, 1000.000000000000000 ) ;
#5265 = B_SPLINE_SURFACE_WITH_KNOTS ( 'NONE', 3, 1, ( 
 ( #3876, #1184 ),
 ( #1801, #3219 ),
 ( #7112, #2548 ),
 ( #7682, #3413 ),
 ( #470, #1938 ),
 ( #4697, #6226 ) ),
 .UNSPECIFIED., .F., .F., .F.,
 ( 4, 2, 4 ),
 ( 2, 2 ),
 ( 0.000000000000000000, 0.5000000000000000000, 1.000000000000000000 ),
 ( 0.000000000000000000, 1.000000000000000000 ),
 .UNSPECIFIED. ) ;
#5266 = EDGE_LOOP ( 'NONE', ( #6287, #8798, #9084, #2713, #5412, #926, #2577, #5495 ) ) ;
#5267 =( GEOMETRIC_REPRESENTATION_CONTEXT ( 3 ) GLOBAL_UNCERTAINTY_ASSIGNED_CONTEXT ( ( #7427 ) ) GLOBAL_UNIT_ASSIGNED_CONTEXT ( ( #102, #3726, #3620 ) ) REPRESENTATION_CONTEXT ( 'NONE', 'WORKASPACE' ) );
#5268 = UNCERTAINTY_MEASURE_WITH_UNIT (LENGTH_MEASURE( 1.000000000000000082E-05 ), #3618, 'distance_accuracy_value', 'NONE');
#5269 = LINE ( 'NONE', #3028, #7768 ) ;
#5270 = DIRECTION ( 'NONE',  ( -0.7071067811865469066, 0.000000000000000000, 0.7071067811865482389 ) ) ;
#5271 = ORIENTED_EDGE ( 'NONE', *, *, #8334, .F. ) ;
#5272 = VECTOR ( 'NONE', #2641, 1000.000000000000000 ) ;
#5273 = FILL_AREA_STYLE ('',( #8263 ) ) ;
#5274 = CARTESIAN_POINT ( 'NONE',  ( -0.05000000000000229955, -1.000000000000000000, -3.843333333333365243 ) ) ;
#5275 = VECTOR ( 'NONE', #5690, 1000.000000000000000 ) ;
#5276 = CARTESIAN_POINT ( 'NONE',  ( 0.1133883476483162345, -0.5000000000000000000, -3.923388347648350205 ) ) ;
#5277 = SURFACE_STYLE_FILL_AREA ( #2309 ) ;
#5278 = VERTEX_POINT ( 'NONE', #8481 ) ;
#5279 = MECHANICAL_DESIGN_GEOMETRIC_PRESENTATION_REPRESENTATION (  '', ( #2784 ), #1275 ) ;
#5280 =( GEOMETRIC_REPRESENTATION_CONTEXT ( 3 ) GLOBAL_UNCERTAINTY_ASSIGNED_CONTEXT ( ( #6688 ) ) GLOBAL_UNIT_ASSIGNED_CONTEXT ( ( #8701, #9445, #1255 ) ) REPRESENTATION_CONTEXT ( 'NONE', 'WORKASPACE' ) );
#5281 = MECHANICAL_DESIGN_GEOMETRIC_PRESENTATION_REPRESENTATION (  '', ( #6235 ), #1880 ) ;
#5282 =( GEOMETRIC_REPRESENTATION_CONTEXT ( 3 ) GLOBAL_UNCERTAINTY_ASSIGNED_CONTEXT ( ( #3780 ) ) GLOBAL_UNIT_ASSIGNED_CONTEXT ( ( #7755, #9109, #6250 ) ) REPRESENTATION_CONTEXT ( 'NONE', 'WORKASPACE' ) );
#5283 = CARTESIAN_POINT ( 'NONE',  ( -5.319999999999999396, 10.06999999999999851, 3.490000000000034852 ) ) ;
#5284 = FILL_AREA_STYLE_COLOUR ( '', #7149 ) ;
#5285 = DIRECTION ( 'NONE',  ( 1.000000000000000000, 0.000000000000000000, -0.000000000000000000 ) ) ;
#5286 =( NAMED_UNIT ( * ) SI_UNIT ( $, .STERADIAN. ) SOLID_ANGLE_UNIT ( ) );
#5287 = LINE ( 'NONE', #1467, #1154 ) ;
#5288 = DIRECTION ( 'NONE',  ( -1.000000000000000000, 0.000000000000000000, 0.000000000000000000 ) ) ;
#5289 = SURFACE_STYLE_USAGE ( .BOTH. , #205 ) ;
#5290 = STYLED_ITEM ( 'NONE', ( #359 ), #6389 ) ;
#5291 = DIRECTION ( 'NONE',  ( -0.000000000000000000, 1.000000000000000000, 0.000000000000000000 ) ) ;
#5292 =( GEOMETRIC_REPRESENTATION_CONTEXT ( 3 ) GLOBAL_UNCERTAINTY_ASSIGNED_CONTEXT ( ( #8114 ) ) GLOBAL_UNIT_ASSIGNED_CONTEXT ( ( #2114, #4408, #47 ) ) REPRESENTATION_CONTEXT ( 'NONE', 'WORKASPACE' ) );
#5293 =( LENGTH_UNIT ( ) NAMED_UNIT ( * ) SI_UNIT ( .MILLI., .METRE. ) );
#5294 = VERTEX_POINT ( 'NONE', #9252 ) ;
#5295 = PLANE ( 'NONE',  #4350 ) ;
#5296 = ADVANCED_FACE ( 'NONE', ( #1301 ), #458, .F. ) ;
#5297 = COLOUR_RGB ( '',0.3176470588235293935, 0.2470588235294117752, 0.2078431372549019440 ) ;
#5298 =( NAMED_UNIT ( * ) PLANE_ANGLE_UNIT ( ) SI_UNIT ( $, .RADIAN. ) );
#5299 = EDGE_LOOP ( 'NONE', ( #1963, #898, #8671, #7338 ) ) ;
#5300 = DIRECTION ( 'NONE',  ( -0.000000000000000000, -0.000000000000000000, -1.000000000000000000 ) ) ;
#5301 = DIRECTION ( 'NONE',  ( -1.000000000000000000, -0.000000000000000000, -0.000000000000000000 ) ) ;
#5302 =( NAMED_UNIT ( * ) PLANE_ANGLE_UNIT ( ) SI_UNIT ( $, .RADIAN. ) );
#5303 = STYLED_ITEM ( 'NONE', ( #4920 ), #7080 ) ;
#5304 = EDGE_LOOP ( 'NONE', ( #9151, #6074, #4094, #8937 ) ) ;
#5305 = ORIENTED_EDGE ( 'NONE', *, *, #9145, .F. ) ;
#5306 = DIRECTION ( 'NONE',  ( -0.000000000000000000, -1.000000000000000000, -0.000000000000000000 ) ) ;
#5307 = LINE ( 'NONE', #8250, #852 ) ;
#5308 =( GEOMETRIC_REPRESENTATION_CONTEXT ( 3 ) GLOBAL_UNCERTAINTY_ASSIGNED_CONTEXT ( ( #272 ) ) GLOBAL_UNIT_ASSIGNED_CONTEXT ( ( #7461, #1372, #5083 ) ) REPRESENTATION_CONTEXT ( 'NONE', 'WORKASPACE' ) );
#5309 = MECHANICAL_DESIGN_GEOMETRIC_PRESENTATION_REPRESENTATION (  '', ( #255 ), #8962 ) ;
#5310 = SURFACE_STYLE_FILL_AREA ( #2343 ) ;
#5311 = EDGE_CURVE ( 'NONE', #1992, #3349, #7767, .T. ) ;
#5312 = FILL_AREA_STYLE ('',( #3022 ) ) ;
#5313 = CARTESIAN_POINT ( 'NONE',  ( 0.04999999999999796274, -1.000000000000000000, -3.760000000000031761 ) ) ;
#5314 = FILL_AREA_STYLE_COLOUR ( '', #959 ) ;
#5315 = ORIENTED_EDGE ( 'NONE', *, *, #7030, .F. ) ;
#5316 = CARTESIAN_POINT ( 'NONE',  ( 3.874999999999999112, 1.570000000000000062, -4.684999999999999609 ) ) ;
#5317 = ORIENTED_EDGE ( 'NONE', *, *, #8666, .T. ) ;
#5318 = PRESENTATION_STYLE_ASSIGNMENT (( #7626 ) ) ;
#5319 = EDGE_CURVE ( 'NONE', #1998, #7277, #1125, .T. ) ;
#5320 =( GEOMETRIC_REPRESENTATION_CONTEXT ( 3 ) GLOBAL_UNCERTAINTY_ASSIGNED_CONTEXT ( ( #2016 ) ) GLOBAL_UNIT_ASSIGNED_CONTEXT ( ( #4741, #8455, #439 ) ) REPRESENTATION_CONTEXT ( 'NONE', 'WORKASPACE' ) );
#5321 = MECHANICAL_DESIGN_GEOMETRIC_PRESENTATION_REPRESENTATION (  '', ( #7472 ), #6557 ) ;
#5322 = FILL_AREA_STYLE ('',( #7490 ) ) ;
#5323 = ORIENTED_EDGE ( 'NONE', *, *, #3734, .T. ) ;
#5324 = COLOUR_RGB ( '',0.3176470588235293935, 0.2470588235294117752, 0.2078431372549019440 ) ;
#5325 = EDGE_CURVE ( 'NONE', #426, #5330, #9121, .T. ) ;
#5326 = DIRECTION ( 'NONE',  ( 0.000000000000000000, 0.000000000000000000, -1.000000000000000000 ) ) ;
#5327 = SURFACE_STYLE_USAGE ( .BOTH. , #2357 ) ;
#5328 = DIRECTION ( 'NONE',  ( -4.956352788505162282E-16, -0.000000000000000000, 1.000000000000000000 ) ) ;
#5329 = SURFACE_STYLE_USAGE ( .BOTH. , #9029 ) ;
#5330 = VERTEX_POINT ( 'NONE', #4235 ) ;
#5331 = VECTOR ( 'NONE', #6285, 999.9999999999998863 ) ;
#5332 = UNCERTAINTY_MEASURE_WITH_UNIT (LENGTH_MEASURE( 1.000000000000000082E-05 ), #5159, 'distance_accuracy_value', 'NONE');
#5333 = DIRECTION ( 'NONE',  ( 0.000000000000000000, -1.000000000000000000, 0.000000000000000000 ) ) ;
#5334 = MECHANICAL_DESIGN_GEOMETRIC_PRESENTATION_REPRESENTATION (  '', ( #4087 ), #5308 ) ;
#5335 = CARTESIAN_POINT ( 'NONE',  ( 0.01666666666666309637, -1.000000000000000000, 3.759999999999968701 ) ) ;
#5336 =( LENGTH_UNIT ( ) NAMED_UNIT ( * ) SI_UNIT ( .MILLI., .METRE. ) );
#5337 = LINE ( 'NONE', #256, #4394 ) ;
#5338 = CARTESIAN_POINT ( 'NONE',  ( 7.499999999999999112, -1.000000000000000000, -7.620000000000000107 ) ) ;
#5339 =( LENGTH_UNIT ( ) NAMED_UNIT ( * ) SI_UNIT ( .MILLI., .METRE. ) );
#5340 = CARTESIAN_POINT ( 'NONE',  ( 2.323223304703360803, 0.000000000000000000, 3.633223304703332435 ) ) ;
#5341 = CARTESIAN_POINT ( 'NONE',  ( -2.430964406271151734, 0.000000000000000000, 3.559999999999968079 ) ) ;
#5342 = DIRECTION ( 'NONE',  ( -0.000000000000000000, -0.000000000000000000, -1.000000000000000000 ) ) ;
#5343 = CARTESIAN_POINT ( 'NONE',  ( -3.375000000000000444, 4.069999999999999396, 2.684999999999986287 ) ) ;
#5344 = DIRECTION ( 'NONE',  ( 0.7071067811865474617, 0.000000000000000000, -0.7071067811865474617 ) ) ;
#5345 =( NAMED_UNIT ( * ) PLANE_ANGLE_UNIT ( ) SI_UNIT ( $, .RADIAN. ) );
#5346 = ORIENTED_EDGE ( 'NONE', *, *, #6247, .F. ) ;
#5347 = DIRECTION ( 'NONE',  ( -1.000000000000000000, 0.000000000000000000, -0.000000000000000000 ) ) ;
#5348 = DIRECTION ( 'NONE',  ( -0.000000000000000000, 1.000000000000000000, 0.000000000000000000 ) ) ;
#5349 = CARTESIAN_POINT ( 'NONE',  ( -4.950000000000001954, -1.000000000000000000, -3.760000000000031761 ) ) ;
#5350 = ORIENTED_EDGE ( 'NONE', *, *, #6185, .T. ) ;
#5351 = UNCERTAINTY_MEASURE_WITH_UNIT (LENGTH_MEASURE( 1.000000000000000082E-05 ), #6857, 'distance_accuracy_value', 'NONE');
#5352 = ORIENTED_EDGE ( 'NONE', *, *, #8211, .T. ) ;
#5353 = UNCERTAINTY_MEASURE_WITH_UNIT (LENGTH_MEASURE( 1.000000000000000082E-05 ), #6237, 'distance_accuracy_value', 'NONE');
#5354 = SURFACE_STYLE_FILL_AREA ( #899 ) ;
#5355 = LINE ( 'NONE', #3842, #3570 ) ;
#5356 = CARTESIAN_POINT ( 'NONE',  ( -5.050000000000002487, -1.000000000000000000, -3.826666666666698635 ) ) ;
#5357 = CARTESIAN_POINT ( 'NONE',  ( -4.864889971370031319, 0.000000000000000000, 4.028443361963272906 ) ) ;
#5358 = EDGE_LOOP ( 'NONE', ( #3703, #4268, #1444, #6756 ) ) ;
#5359 = SURFACE_STYLE_FILL_AREA ( #946 ) ;
#5360 = VERTEX_POINT ( 'NONE', #2534 ) ;
#5361 = CARTESIAN_POINT ( 'NONE',  ( -4.950000000000001066, -1.000000000000000000, 3.859999999999968345 ) ) ;
#5362 = LINE ( 'NONE', #186, #5778 ) ;
#5363 = SURFACE_SIDE_STYLE ('',( #8988 ) ) ;
#5364 = VERTEX_POINT ( 'NONE', #7189 ) ;
#5365 = PRESENTATION_STYLE_ASSIGNMENT (( #3074 ) ) ;
#5366 = EDGE_CURVE ( 'NONE', #7146, #3012, #4191, .T. ) ;
#5367 = CARTESIAN_POINT ( 'NONE',  ( -2.450000000000001066, -1.000000000000000000, 3.759999999999968701 ) ) ;
#5368 = ORIENTED_EDGE ( 'NONE', *, *, #1944, .F. ) ;
#5369 = EDGE_CURVE ( 'NONE', #9358, #3493, #7148, .T. ) ;
#5370 = STYLED_ITEM ( 'NONE', ( #306 ), #5797 ) ;
#5371 = FILL_AREA_STYLE ('',( #1052 ) ) ;
#5372 = ADVANCED_FACE ( 'NONE', ( #4048 ), #7048, .F. ) ;
#5373 = SURFACE_STYLE_USAGE ( .BOTH. , #5225 ) ;
#5374 = FACE_OUTER_BOUND ( 'NONE', #7091, .T. ) ;
#5375 =( NAMED_UNIT ( * ) SI_UNIT ( $, .STERADIAN. ) SOLID_ANGLE_UNIT ( ) );
#5376 = COLOUR_RGB ( '',0.3176470588235293935, 0.2470588235294117752, 0.2078431372549019440 ) ;
#5377 = FILL_AREA_STYLE_COLOUR ( '', #5324 ) ;
#5378 =( LENGTH_UNIT ( ) NAMED_UNIT ( * ) SI_UNIT ( .MILLI., .METRE. ) );
#5379 = PLANE ( 'NONE',  #7560 ) ;
#5380 = CARTESIAN_POINT ( 'NONE',  ( 2.449999999999998401, -1.000000000000000000, 3.826666666666634686 ) ) ;
#5381 = EDGE_CURVE ( 'NONE', #3802, #6628, #700, .T. ) ;
#5382 = FACE_OUTER_BOUND ( 'NONE', #8097, .T. ) ;
#5383 = CARTESIAN_POINT ( 'NONE',  ( -3.375000000000000888, 1.570000000000000062, -4.934999999999982734 ) ) ;
#5384 = DIRECTION ( 'NONE',  ( 1.000000000000000000, 0.000000000000000000, 0.000000000000000000 ) ) ;
#5385 = MECHANICAL_DESIGN_GEOMETRIC_PRESENTATION_REPRESENTATION (  '', ( #1375 ), #942 ) ;
#5386 = EDGE_CURVE ( 'NONE', #1730, #7216, #6614, .T. ) ;
#5387 = DIRECTION ( 'NONE',  ( -0.000000000000000000, -1.000000000000000000, -0.000000000000000000 ) ) ;
#5388 = FILL_AREA_STYLE_COLOUR ( '', #396 ) ;
#5389 = SURFACE_SIDE_STYLE ('',( #2274 ) ) ;
#5390 = VERTEX_POINT ( 'NONE', #8800 ) ;
#5391 = SURFACE_STYLE_FILL_AREA ( #350 ) ;
#5392 = STYLED_ITEM ( 'NONE', ( #576 ), #3184 ) ;
#5393 = DIRECTION ( 'NONE',  ( -6.776263578034403699E-16, 0.000000000000000000, -1.000000000000000000 ) ) ;
#5394 = PLANE ( 'NONE',  #8483 ) ;
#5395 = FACE_OUTER_BOUND ( 'NONE', #8709, .T. ) ;
#5396 = ORIENTED_EDGE ( 'NONE', *, *, #832, .T. ) ;
#5397 = VECTOR ( 'NONE', #7179, 1000.000000000000000 ) ;
#5398 = EDGE_CURVE ( 'NONE', #9019, #5016, #5804, .T. ) ;
#5399 = EDGE_CURVE ( 'NONE', #6192, #8136, #8147, .T. ) ;
#5400 =( GEOMETRIC_REPRESENTATION_CONTEXT ( 3 ) GLOBAL_UNCERTAINTY_ASSIGNED_CONTEXT ( ( #5930 ) ) GLOBAL_UNIT_ASSIGNED_CONTEXT ( ( #7852, #2770, #556 ) ) REPRESENTATION_CONTEXT ( 'NONE', 'WORKASPACE' ) );
#5401 = CARTESIAN_POINT ( 'NONE',  ( -5.250000000000000888, -0.000000000000000000, 3.740964406271120257 ) ) ;
#5402 = VECTOR ( 'NONE', #9209, 1000.000000000000000 ) ;
#5403 = PRESENTATION_LAYER_ASSIGNMENT (  '', '', ( #33 ) ) ;
#5404 = SURFACE_STYLE_USAGE ( .BOTH. , #4676 ) ;
#5405 = DIRECTION ( 'NONE',  ( -0.7071067811865475727, 0.000000000000000000, 0.7071067811865475727 ) ) ;
#5406 = STYLED_ITEM ( 'NONE', ( #9291 ), #4660 ) ;
#5407 = MECHANICAL_DESIGN_GEOMETRIC_PRESENTATION_REPRESENTATION (  '', ( #1843 ), #8016 ) ;
#5408 = CARTESIAN_POINT ( 'NONE',  ( -5.016666666666667496, -1.000000000000000000, 3.859999999999967901 ) ) ;
#5409 = ORIENTED_EDGE ( 'NONE', *, *, #9323, .T. ) ;
#5410 = DIRECTION ( 'NONE',  ( 0.7071067811865474617, 0.000000000000000000, 0.7071067811865474617 ) ) ;
#5411 = PRESENTATION_LAYER_ASSIGNMENT (  '', '', ( #5098 ) ) ;
#5412 = ORIENTED_EDGE ( 'NONE', *, *, #5366, .T. ) ;
#5413 = CARTESIAN_POINT ( 'NONE',  ( 3.874999999999999556, 1.570000000000000062, 2.935000000000003606 ) ) ;
#5414 = PRESENTATION_LAYER_ASSIGNMENT (  '', '', ( #5720 ) ) ;
#5415 = COLOUR_RGB ( '',0.3176470588235293935, 0.2470588235294117752, 0.2078431372549019440 ) ;
#5416 =( NAMED_UNIT ( * ) SI_UNIT ( $, .STERADIAN. ) SOLID_ANGLE_UNIT ( ) );
#5417 = ORIENTED_EDGE ( 'NONE', *, *, #1099, .T. ) ;
#5418 = STYLED_ITEM ( 'NONE', ( #3486 ), #985 ) ;
#5419 = VERTEX_POINT ( 'NONE', #2246 ) ;
#5420 =( GEOMETRIC_REPRESENTATION_CONTEXT ( 3 ) GLOBAL_UNCERTAINTY_ASSIGNED_CONTEXT ( ( #2405 ) ) GLOBAL_UNIT_ASSIGNED_CONTEXT ( ( #7056, #2582, #8491 ) ) REPRESENTATION_CONTEXT ( 'NONE', 'WORKASPACE' ) );
#5421 = VECTOR ( 'NONE', #4053, 1000.000000000000000 ) ;
#5422 = SURFACE_STYLE_USAGE ( .BOTH. , #6743 ) ;
#5423 = UNCERTAINTY_MEASURE_WITH_UNIT (LENGTH_MEASURE( 1.000000000000000082E-05 ), #8554, 'distance_accuracy_value', 'NONE');
#5424 = FILL_AREA_STYLE_COLOUR ( '', #2007 ) ;
#5425 = DIRECTION ( 'NONE',  ( -0.7071067811865479058, -0.000000000000000000, -0.7071067811865472397 ) ) ;
#5426 = PRESENTATION_LAYER_ASSIGNMENT (  '', '', ( #369 ) ) ;
#5427 = STYLED_ITEM ( 'NONE', ( #9457 ), #2077 ) ;
#5428 = B_SPLINE_SURFACE_WITH_KNOTS ( 'NONE', 3, 1, ( 
 ( #4091, #4955 ),
 ( #2048, #1436 ),
 ( #5045, #8598 ),
 ( #8050, #3485 ),
 ( #6381, #694 ),
 ( #9336, #9439 ) ),
 .UNSPECIFIED., .F., .F., .F.,
 ( 4, 2, 4 ),
 ( 2, 2 ),
 ( 0.000000000000000000, 0.5000000000000000000, 1.000000000000000000 ),
 ( 0.000000000000000000, 1.000000000000000000 ),
 .UNSPECIFIED. ) ;
#5429 = VECTOR ( 'NONE', #1558, 1000.000000000000000 ) ;
#5430 = VECTOR ( 'NONE', #7473, 1000.000000000000000 ) ;
#5431 = PRESENTATION_STYLE_ASSIGNMENT (( #6786 ) ) ;
#5432 = CARTESIAN_POINT ( 'NONE',  ( 7.619999999999998330, 1.570000000000000062, -6.349999999999997868 ) ) ;
#5433 = EDGE_CURVE ( 'NONE', #1377, #1324, #4333, .T. ) ;
#5434 = CARTESIAN_POINT ( 'NONE',  ( 1.374999999999999334, 1.570000000000000062, 4.685000000000004050 ) ) ;
#5435 = VECTOR ( 'NONE', #7501, 1000.000000000000000 ) ;
#5436 = CARTESIAN_POINT ( 'NONE',  ( -5.319999999999999396, 4.069999999999999396, 3.490000000000034852 ) ) ;
#5437 = CARTESIAN_POINT ( 'NONE',  ( -0.05000000000000143219, -1.000000000000000000, 3.843333333333301294 ) ) ;
#5438 = PRESENTATION_STYLE_ASSIGNMENT (( #1808 ) ) ;
#5439 = EDGE_CURVE ( 'NONE', #1135, #8330, #5106, .T. ) ;
#5440 =( LENGTH_UNIT ( ) NAMED_UNIT ( * ) SI_UNIT ( .MILLI., .METRE. ) );
#5441 = CARTESIAN_POINT ( 'NONE',  ( -4.983333333333336945, -1.000000000000000000, 3.759999999999968701 ) ) ;
#5442 =( GEOMETRIC_REPRESENTATION_CONTEXT ( 3 ) GLOBAL_UNCERTAINTY_ASSIGNED_CONTEXT ( ( #5974 ) ) GLOBAL_UNIT_ASSIGNED_CONTEXT ( ( #4477, #9268, #2690 ) ) REPRESENTATION_CONTEXT ( 'NONE', 'WORKASPACE' ) );
#5443 = PRESENTATION_LAYER_ASSIGNMENT (  '', '', ( #4518 ) ) ;
#5444 = VERTEX_POINT ( 'NONE', #8703 ) ;
#5445 = VECTOR ( 'NONE', #3042, 1000.000000000000000 ) ;
#5446 = FILL_AREA_STYLE_COLOUR ( '', #3604 ) ;
#5447 = FILL_AREA_STYLE ('',( #6244 ) ) ;
#5448 = LINE ( 'NONE', #2520, #3200 ) ;
#5449 = ORIENTED_EDGE ( 'NONE', *, *, #7218, .F. ) ;
#5450 = UNCERTAINTY_MEASURE_WITH_UNIT (LENGTH_MEASURE( 1.000000000000000082E-05 ), #3159, 'distance_accuracy_value', 'NONE');
#5451 = MECHANICAL_DESIGN_GEOMETRIC_PRESENTATION_REPRESENTATION (  '', ( #5751 ), #6843 ) ;
#5452 = CARTESIAN_POINT ( 'NONE',  ( -4.930964406271151290, -7.320507819255958490E-19, 3.559999999999968079 ) ) ;
#5453 = CARTESIAN_POINT ( 'NONE',  ( -5.250000000000000888, -0.000000000000000000, 3.879035593728816789 ) ) ;
#5454 = STYLED_ITEM ( 'NONE', ( #3821 ), #6921 ) ;
#5455 = CARTESIAN_POINT ( 'NONE',  ( -6.125000000000000000, 4.069999999999999396, -2.934999999999964970 ) ) ;
#5456 = CARTESIAN_POINT ( 'NONE',  ( 5.320000000000001172, 10.06999999999999851, 4.130000000000034532 ) ) ;
#5457 =( NAMED_UNIT ( * ) SI_UNIT ( $, .STERADIAN. ) SOLID_ANGLE_UNIT ( ) );
#5458 = ORIENTED_EDGE ( 'NONE', *, *, #8004, .F. ) ;
#5459 =( NAMED_UNIT ( * ) SI_UNIT ( $, .STERADIAN. ) SOLID_ANGLE_UNIT ( ) );
#5460 = ORIENTED_EDGE ( 'NONE', *, *, #3057, .T. ) ;
#5461 = SURFACE_SIDE_STYLE ('',( #320 ) ) ;
#5462 = VECTOR ( 'NONE', #6582, 999.9999999999998863 ) ;
#5463 = DIRECTION ( 'NONE',  ( 0.000000000000000000, 0.000000000000000000, -1.000000000000000000 ) ) ;
#5464 = SURFACE_STYLE_USAGE ( .BOTH. , #6211 ) ;
#5465 = ORIENTED_EDGE ( 'NONE', *, *, #4084, .F. ) ;
#5466 = DIRECTION ( 'NONE',  ( 0.000000000000000000, 0.000000000000000000, 1.000000000000000000 ) ) ;
#5467 = CARTESIAN_POINT ( 'NONE',  ( -6.125000000000000000, 1.570000000000000062, -2.934999999999964970 ) ) ;
#5468 = MECHANICAL_DESIGN_GEOMETRIC_PRESENTATION_REPRESENTATION (  '', ( #411 ), #5787 ) ;
#5469 =( NAMED_UNIT ( * ) SI_UNIT ( $, .STERADIAN. ) SOLID_ANGLE_UNIT ( ) );
#5470 = PRESENTATION_LAYER_ASSIGNMENT (  '', '', ( #3432 ) ) ;
#5471 = ORIENTED_EDGE ( 'NONE', *, *, #6185, .F. ) ;
#5472 = FILL_AREA_STYLE ('',( #6969 ) ) ;
#5473 = PRESENTATION_STYLE_ASSIGNMENT (( #6174 ) ) ;
#5474 = FILL_AREA_STYLE ('',( #1833 ) ) ;
#5475 = AXIS2_PLACEMENT_3D ( 'NONE', #1837, #436, #3220 ) ;
#5476 = CARTESIAN_POINT ( 'NONE',  ( 2.500000000000000000, 4.069999999999999396, 0.000000000000000000 ) ) ;
#5477 = LINE ( 'NONE', #1803, #7614 ) ;
#5478 = LINE ( 'NONE', #1144, #4933 ) ;
#5479 = CARTESIAN_POINT ( 'NONE',  ( 2.449999999999998401, -1.000000000000000000, 3.793333333333301471 ) ) ;
#5480 = CARTESIAN_POINT ( 'NONE',  ( 6.124999999999999112, 4.069999999999999396, 2.935000000000003606 ) ) ;
#5481 = VECTOR ( 'NONE', #8420, 1000.000000000000000 ) ;
#5482 = STYLED_ITEM ( 'NONE', ( #1566 ), #8758 ) ;
#5483 = STYLED_ITEM ( 'NONE', ( #1290 ), #7953 ) ;
#5484 = DIRECTION ( 'NONE',  ( 0.7071067811865469066, 0.000000000000000000, 0.7071067811865482389 ) ) ;
#5485 = FACE_OUTER_BOUND ( 'NONE', #2397, .T. ) ;
#5486 = CARTESIAN_POINT ( 'NONE',  ( 1.624999999999999334, 4.069999999999999396, -4.935000000000000497 ) ) ;
#5487 = CARTESIAN_POINT ( 'NONE',  ( -5.135110028629974011, 0.000000000000000000, -3.591556638036728533 ) ) ;
#5488 = ADVANCED_FACE ( 'NONE', ( #2194 ), #9448, .F. ) ;
#5489 = VECTOR ( 'NONE', #2413, 1000.000000000000000 ) ;
#5490 = ORIENTED_EDGE ( 'NONE', *, *, #8268, .F. ) ;
#5491 = PLANE ( 'NONE',  #6422 ) ;
#5492 = CARTESIAN_POINT ( 'NONE',  ( 2.549999999999998490, -1.000000000000000000, 3.759999999999968701 ) ) ;
#5493 = PRESENTATION_STYLE_ASSIGNMENT (( #4609 ) ) ;
#5494 = LINE ( 'NONE', #310, #8002 ) ;
#5495 = ORIENTED_EDGE ( 'NONE', *, *, #4646, .T. ) ;
#5496 = EDGE_CURVE ( 'NONE', #840, #6207, #7375, .T. ) ;
#5497 = PLANE ( 'NONE',  #3884 ) ;
#5498 = PRESENTATION_STYLE_ASSIGNMENT (( #5683 ) ) ;
#5499 = CARTESIAN_POINT ( 'NONE',  ( -1.375000000000001110, 4.069999999999999396, 2.934999999999986287 ) ) ;
#5500 = PLANE ( 'NONE',  #489 ) ;
#5501 = CARTESIAN_POINT ( 'NONE',  ( 2.676776695296636088, 0.000000000000000000, 3.986776695296605943 ) ) ;
#5502 = EDGE_LOOP ( 'NONE', ( #8949, #1293, #2295, #30 ) ) ;
#5503 = FILL_AREA_STYLE_COLOUR ( '', #8214 ) ;
#5504 = EDGE_LOOP ( 'NONE', ( #1024, #6333, #128, #5350 ) ) ;
#5505 = DIRECTION ( 'NONE',  ( 1.000000000000000000, 0.000000000000000000, 0.000000000000000000 ) ) ;
#5506 = EDGE_CURVE ( 'NONE', #7524, #1377, #7992, .T. ) ;
#5507 = CARTESIAN_POINT ( 'NONE',  ( 0.03333333333333226428, -1.000000000000000000, 3.859999999999967901 ) ) ;
#5508 = SURFACE_STYLE_USAGE ( .BOTH. , #9157 ) ;
#5509 = ORIENTED_EDGE ( 'NONE', *, *, #2758, .F. ) ;
#5510 = CARTESIAN_POINT ( 'NONE',  ( -6.125000000000000888, 4.069999999999999396, -4.684999999999964970 ) ) ;
#5511 = CARTESIAN_POINT ( 'NONE',  ( 4.124999999999999112, 4.069999999999999396, -4.935000000000000497 ) ) ;
#5512 = ORIENTED_EDGE ( 'NONE', *, *, #4202, .T. ) ;
#5513 =( NAMED_UNIT ( * ) PLANE_ANGLE_UNIT ( ) SI_UNIT ( $, .RADIAN. ) );
#5514 =( LENGTH_UNIT ( ) NAMED_UNIT ( * ) SI_UNIT ( .MILLI., .METRE. ) );
#5515 = CARTESIAN_POINT ( 'NONE',  ( 5.319999999999999396, 10.06999999999999851, -3.489999999999965574 ) ) ;
#5516 = DIRECTION ( 'NONE',  ( -0.000000000000000000, -1.000000000000000000, -0.000000000000000000 ) ) ;
#5517 = FACE_OUTER_BOUND ( 'NONE', #7418, .T. ) ;
#5518 = PRESENTATION_STYLE_ASSIGNMENT (( #528 ) ) ;
#5519 = CARTESIAN_POINT ( 'NONE',  ( -4.679999999999998828, 4.069999999999999396, 3.490000000000034852 ) ) ;
#5520 = DIRECTION ( 'NONE',  ( -0.000000000000000000, -1.000000000000000000, -0.000000000000000000 ) ) ;
#5521 = DIRECTION ( 'NONE',  ( -1.000000000000000000, -0.000000000000000000, -0.000000000000000000 ) ) ;
#5522 =( NAMED_UNIT ( * ) PLANE_ANGLE_UNIT ( ) SI_UNIT ( $, .RADIAN. ) );
#5523 =( LENGTH_UNIT ( ) NAMED_UNIT ( * ) SI_UNIT ( .MILLI., .METRE. ) );
#5524 = DIRECTION ( 'NONE',  ( 1.239088197126291063E-16, 0.000000000000000000, 1.000000000000000000 ) ) ;
#5525 = LINE ( 'NONE', #8461, #4449 ) ;
#5526 = ORIENTED_EDGE ( 'NONE', *, *, #279, .F. ) ;
#5527 = DIRECTION ( 'NONE',  ( -0.000000000000000000, -1.000000000000000000, -0.000000000000000000 ) ) ;
#5528 = FACE_OUTER_BOUND ( 'NONE', #7093, .T. ) ;
#5529 = AXIS2_PLACEMENT_3D ( 'NONE', #3316, #1810, #7792 ) ;
#5530 = ORIENTED_EDGE ( 'NONE', *, *, #2346, .F. ) ;
#5531 = LINE ( 'NONE', #9241, #6372 ) ;
#5532 = LINE ( 'NONE', #6461, #7136 ) ;
#5533 = STYLED_ITEM ( 'NONE', ( #6308 ), #3176 ) ;
#5534 = CARTESIAN_POINT ( 'NONE',  ( 3.874999999999999112, 4.069999999999999396, -4.684999999999999609 ) ) ;
#5535 = FACE_OUTER_BOUND ( 'NONE', #3027, .T. ) ;
#5536 = SURFACE_STYLE_FILL_AREA ( #9115 ) ;
#5537 = PRESENTATION_STYLE_ASSIGNMENT (( #4182 ) ) ;
#5538 = ORIENTED_EDGE ( 'NONE', *, *, #3289, .F. ) ;
#5539 = VECTOR ( 'NONE', #7204, 1000.000000000000000 ) ;
#5540 = ORIENTED_EDGE ( 'NONE', *, *, #8727, .T. ) ;
#5541 = COLOUR_RGB ( '',0.3176470588235293935, 0.2470588235294117752, 0.2078431372549019440 ) ;
#5542 = FILL_AREA_STYLE_COLOUR ( '', #2656 ) ;
#5543 = EDGE_CURVE ( 'NONE', #4352, #6256, #7329, .T. ) ;
#5544 = COLOUR_RGB ( '',0.3176470588235293935, 0.2470588235294117752, 0.2078431372549019440 ) ;
#5545 = PRESENTATION_STYLE_ASSIGNMENT (( #5508 ) ) ;
#5546 = ORIENTED_EDGE ( 'NONE', *, *, #1150, .F. ) ;
#5547 = SURFACE_STYLE_USAGE ( .BOTH. , #3402 ) ;
#5548 = DIRECTION ( 'NONE',  ( 0.000000000000000000, 0.000000000000000000, -1.000000000000000000 ) ) ;
#5549 = CARTESIAN_POINT ( 'NONE',  ( 1.124999999999999112, 4.069999999999999396, 4.685000000000003162 ) ) ;
#5550 = LINE ( 'NONE', #8532, #4149 ) ;
#5551 = CARTESIAN_POINT ( 'NONE',  ( -2.550000000000001599, -1.000000000000000000, 3.759999999999968701 ) ) ;
#5552 = ORIENTED_EDGE ( 'NONE', *, *, #3944, .T. ) ;
#5553 = STYLED_ITEM ( 'NONE', ( #5810 ), #9314 ) ;
#5554 =( NAMED_UNIT ( * ) SI_UNIT ( $, .STERADIAN. ) SOLID_ANGLE_UNIT ( ) );
#5555 = PRESENTATION_LAYER_ASSIGNMENT (  '', '', ( #4787 ) ) ;
#5556 = MECHANICAL_DESIGN_GEOMETRIC_PRESENTATION_REPRESENTATION (  '', ( #2754 ), #1849 ) ;
#5557 = CARTESIAN_POINT ( 'NONE',  ( 0.000000000000000000, 4.069999999999999396, 0.000000000000000000 ) ) ;
#5558 = FACE_OUTER_BOUND ( 'NONE', #3092, .T. ) ;
#5559 = VECTOR ( 'NONE', #7043, 1000.000000000000000 ) ;
#5560 = CARTESIAN_POINT ( 'NONE',  ( 2.449999999999998401, -1.000000000000000000, 3.759999999999968701 ) ) ;
#5561 = SURFACE_STYLE_FILL_AREA ( #3264 ) ;
#5562 = SURFACE_STYLE_FILL_AREA ( #7167 ) ;
#5563 = FILL_AREA_STYLE_COLOUR ( '', #8616 ) ;
#5564 =( GEOMETRIC_REPRESENTATION_CONTEXT ( 3 ) GLOBAL_UNCERTAINTY_ASSIGNED_CONTEXT ( ( #3866 ) ) GLOBAL_UNIT_ASSIGNED_CONTEXT ( ( #3907, #7525, #6907 ) ) REPRESENTATION_CONTEXT ( 'NONE', 'WORKASPACE' ) );
#5565 = MECHANICAL_DESIGN_GEOMETRIC_PRESENTATION_REPRESENTATION (  '', ( #2156 ), #7109 ) ;
#5566 = FACE_OUTER_BOUND ( 'NONE', #1513, .T. ) ;
#5567 = EDGE_CURVE ( 'NONE', #5694, #6321, #5899, .T. ) ;
#5568 = CARTESIAN_POINT ( 'NONE',  ( -2.483333333333335169, -1.000000000000000000, -3.760000000000031761 ) ) ;
#5569 = VECTOR ( 'NONE', #2581, 1000.000000000000000 ) ;
#5570 = COLOUR_RGB ( '',0.2980392156862745057, 0.2980392156862745057, 0.2980392156862745057 ) ;
#5571 =( GEOMETRIC_REPRESENTATION_CONTEXT ( 3 ) GLOBAL_UNCERTAINTY_ASSIGNED_CONTEXT ( ( #8101 ) ) GLOBAL_UNIT_ASSIGNED_CONTEXT ( ( #3081, #2689, #7730 ) ) REPRESENTATION_CONTEXT ( 'NONE', 'WORKASPACE' ) );
#5572 = VECTOR ( 'NONE', #2668, 1000.000000000000000 ) ;
#5573 = PRESENTATION_STYLE_ASSIGNMENT (( #479 ) ) ;
#5574 =( GEOMETRIC_REPRESENTATION_CONTEXT ( 3 ) GLOBAL_UNCERTAINTY_ASSIGNED_CONTEXT ( ( #6493 ) ) GLOBAL_UNIT_ASSIGNED_CONTEXT ( ( #3495, #9452, #4340 ) ) REPRESENTATION_CONTEXT ( 'NONE', 'WORKASPACE' ) );
#5575 = FILL_AREA_STYLE ('',( #7831 ) ) ;
#5576 = ORIENTED_EDGE ( 'NONE', *, *, #3421, .T. ) ;
#5577 = SURFACE_SIDE_STYLE ('',( #2746 ) ) ;
#5578 = LINE ( 'NONE', #5492, #9122 ) ;
#5579 = VECTOR ( 'NONE', #9036, 999.9999999999998863 ) ;
#5580 = COLOUR_RGB ( '',0.3176470588235293935, 0.2470588235294117752, 0.2078431372549019440 ) ;
#5581 = EDGE_CURVE ( 'NONE', #1686, #6256, #3898, .T. ) ;
#5582 = SURFACE_STYLE_FILL_AREA ( #5447 ) ;
#5583 = STYLED_ITEM ( 'NONE', ( #5013 ), #5488 ) ;
#5584 =( NAMED_UNIT ( * ) PLANE_ANGLE_UNIT ( ) SI_UNIT ( $, .RADIAN. ) );
#5585 = VERTEX_POINT ( 'NONE', #6156 ) ;
#5586 = SURFACE_STYLE_FILL_AREA ( #1860 ) ;
#5587 =( GEOMETRIC_REPRESENTATION_CONTEXT ( 3 ) GLOBAL_UNCERTAINTY_ASSIGNED_CONTEXT ( ( #2157 ) ) GLOBAL_UNIT_ASSIGNED_CONTEXT ( ( #1996, #4124, #4812 ) ) REPRESENTATION_CONTEXT ( 'NONE', 'WORKASPACE' ) );
#5588 = STYLED_ITEM ( 'NONE', ( #4473 ), #2360 ) ;
#5589 = CARTESIAN_POINT ( 'NONE',  ( 0.03333333333332966220, -1.000000000000000000, -3.860000000000031406 ) ) ;
#5590 =( NAMED_UNIT ( * ) PLANE_ANGLE_UNIT ( ) SI_UNIT ( $, .RADIAN. ) );
#5591 = CARTESIAN_POINT ( 'NONE',  ( 7.620000000000000995, 1.570000000000000062, 6.350000000000001421 ) ) ;
#5592 =( LENGTH_UNIT ( ) NAMED_UNIT ( * ) SI_UNIT ( .MILLI., .METRE. ) );
#5593 = MECHANICAL_DESIGN_GEOMETRIC_PRESENTATION_REPRESENTATION (  '', ( #4979 ), #860 ) ;
#5594 = VERTEX_POINT ( 'NONE', #8289 ) ;
#5595 = ORIENTED_EDGE ( 'NONE', *, *, #7687, .F. ) ;
#5596 = DIRECTION ( 'NONE',  ( 1.000000000000000000, 0.000000000000000000, 0.000000000000000000 ) ) ;
#5597 =( GEOMETRIC_REPRESENTATION_CONTEXT ( 3 ) GLOBAL_UNCERTAINTY_ASSIGNED_CONTEXT ( ( #6539 ) ) GLOBAL_UNIT_ASSIGNED_CONTEXT ( ( #5132, #6880, #5227 ) ) REPRESENTATION_CONTEXT ( 'NONE', 'WORKASPACE' ) );
#5598 = CARTESIAN_POINT ( 'NONE',  ( 5.874999999999999112, 4.069999999999999396, -2.685000000000000497 ) ) ;
#5599 = FILL_AREA_STYLE_COLOUR ( '', #3346 ) ;
#5600 = VERTEX_POINT ( 'NONE', #2477 ) ;
#5601 =( NAMED_UNIT ( * ) SI_UNIT ( $, .STERADIAN. ) SOLID_ANGLE_UNIT ( ) );
#5602 = DIRECTION ( 'NONE',  ( 1.000000000000000000, 0.000000000000000000, -0.000000000000000000 ) ) ;
#5603 =( NAMED_UNIT ( * ) PLANE_ANGLE_UNIT ( ) SI_UNIT ( $, .RADIAN. ) );
#5604 = VERTEX_POINT ( 'NONE', #6900 ) ;
#5605 = DIRECTION ( 'NONE',  ( -0.000000000000000000, -1.000000000000000000, -0.000000000000000000 ) ) ;
#5606 = VECTOR ( 'NONE', #3341, 1000.000000000000000 ) ;
#5607 = EDGE_CURVE ( 'NONE', #420, #7158, #6193, .T. ) ;
#5608 = CARTESIAN_POINT ( 'NONE',  ( -4.823223304703362579, 0.000000000000000000, 3.986776695296605943 ) ) ;
#5609 = CARTESIAN_POINT ( 'NONE',  ( 2.613388347648317733, -0.5000000000000000000, 3.923388347648286700 ) ) ;
#5610 = EDGE_CURVE ( 'NONE', #8146, #5604, #1731, .T. ) ;
#5611 = LINE ( 'NONE', #6405, #8382 ) ;
#5612 = PRESENTATION_LAYER_ASSIGNMENT (  '', '', ( #1907 ) ) ;
#5613 = CARTESIAN_POINT ( 'NONE',  ( 4.124999999999999112, 1.570000000000000062, 4.935000000000004050 ) ) ;
#5614 = COLOUR_RGB ( '',0.3176470588235293935, 0.2470588235294117752, 0.2078431372549019440 ) ;
#5615 = FILL_AREA_STYLE ('',( #2645 ) ) ;
#5616 = FILL_AREA_STYLE_COLOUR ( '', #4691 ) ;
#5617 = DIRECTION ( 'NONE',  ( 0.000000000000000000, 0.000000000000000000, -1.000000000000000000 ) ) ;
#5618 = CARTESIAN_POINT ( 'NONE',  ( 5.874999999999999112, 4.069999999999999396, 4.935000000000004050 ) ) ;
#5619 = CARTESIAN_POINT ( 'NONE',  ( -4.950000000000001954, -1.000000000000000000, -3.860000000000031406 ) ) ;
#5620 = CARTESIAN_POINT ( 'NONE',  ( -1.625000000000001110, 1.570000000000000062, -4.934999999999982734 ) ) ;
#5621 = MECHANICAL_DESIGN_GEOMETRIC_PRESENTATION_REPRESENTATION (  '', ( #8967 ), #112 ) ;
#5622 = CARTESIAN_POINT ( 'NONE',  ( 1.124999999999999112, 4.069999999999999396, -2.935000000000000053 ) ) ;
#5623 = VECTOR ( 'NONE', #8240, 1000.000000000000000 ) ;
#5624 = EDGE_CURVE ( 'NONE', #8146, #550, #5109, .T. ) ;
#5625 = PRESENTATION_STYLE_ASSIGNMENT (( #6416 ) ) ;
#5626 = DIRECTION ( 'NONE',  ( 0.000000000000000000, -0.000000000000000000, 1.000000000000000000 ) ) ;
#5627 = EDGE_CURVE ( 'NONE', #6166, #4722, #7670, .T. ) ;
#5628 = AXIS2_PLACEMENT_3D ( 'NONE', #1104, #5393, #9184 ) ;
#5629 =( GEOMETRIC_REPRESENTATION_CONTEXT ( 3 ) GLOBAL_UNCERTAINTY_ASSIGNED_CONTEXT ( ( #1109 ) ) GLOBAL_UNIT_ASSIGNED_CONTEXT ( ( #471, #6309, #4836 ) ) REPRESENTATION_CONTEXT ( 'NONE', 'WORKASPACE' ) );
#5630 = DIRECTION ( 'NONE',  ( -0.000000000000000000, -0.000000000000000000, -1.000000000000000000 ) ) ;
#5631 = SURFACE_SIDE_STYLE ('',( #3374 ) ) ;
#5632 = EDGE_LOOP ( 'NONE', ( #947, #8100, #6657, #5648 ) ) ;
#5633 = AXIS2_PLACEMENT_3D ( 'NONE', #815, #7246, #6545 ) ;
#5634 = AXIS2_PLACEMENT_3D ( 'NONE', #5665, #8577, #2695 ) ;
#5635 = FACE_OUTER_BOUND ( 'NONE', #1455, .T. ) ;
#5636 = CARTESIAN_POINT ( 'NONE',  ( 10.00000000000000000, 4.069999999999999396, 0.000000000000000000 ) ) ;
#5637 = ORIENTED_EDGE ( 'NONE', *, *, #3156, .T. ) ;
#5638 = SURFACE_SIDE_STYLE ('',( #5938 ) ) ;
#5639 = DIRECTION ( 'NONE',  ( -0.1247869418429888855, 0.9843050534722199707, 0.1247869418429863320 ) ) ;
#5640 = PLANE ( 'NONE',  #3533 ) ;
#5641 = CARTESIAN_POINT ( 'NONE',  ( 4.864889971370027766, 0.000000000000000000, 3.591556638036665472 ) ) ;
#5642 = ORIENTED_EDGE ( 'NONE', *, *, #3641, .T. ) ;
#5643 = FILL_AREA_STYLE_COLOUR ( '', #9377 ) ;
#5644 = EDGE_LOOP ( 'NONE', ( #207, #6466, #3584, #8656 ) ) ;
#5645 = FILL_AREA_STYLE_COLOUR ( '', #8499 ) ;
#5646 = UNCERTAINTY_MEASURE_WITH_UNIT (LENGTH_MEASURE( 1.000000000000000082E-05 ), #6885, 'distance_accuracy_value', 'NONE');
#5647 = SURFACE_STYLE_USAGE ( .BOTH. , #8604 ) ;
#5648 = ORIENTED_EDGE ( 'NONE', *, *, #9167, .T. ) ;
#5649 = DIRECTION ( 'NONE',  ( -0.000000000000000000, -0.000000000000000000, -1.000000000000000000 ) ) ;
#5650 = CARTESIAN_POINT ( 'NONE',  ( 4.949999999999998401, -1.000000000000000000, 3.759999999999968701 ) ) ;
#5651 = LINE ( 'NONE', #9302, #8472 ) ;
#5652 = FACE_OUTER_BOUND ( 'NONE', #5922, .T. ) ;
#5653 = CARTESIAN_POINT ( 'NONE',  ( -2.516666666666670160, -1.000000000000000000, 3.759999999999968701 ) ) ;
#5654 = ORIENTED_EDGE ( 'NONE', *, *, #8162, .T. ) ;
#5655 = SURFACE_SIDE_STYLE ('',( #2685 ) ) ;
#5656 = DIRECTION ( 'NONE',  ( 1.000000000000000000, -0.000000000000000000, -0.000000000000000000 ) ) ;
#5657 = EDGE_LOOP ( 'NONE', ( #5323, #1337, #1165, #3856 ) ) ;
#5658 = EDGE_CURVE ( 'NONE', #324, #3382, #226, .T. ) ;
#5659 = SURFACE_STYLE_FILL_AREA ( #8495 ) ;
#5660 = ADVANCED_FACE ( 'NONE', ( #5250 ), #2386, .T. ) ;
#5661 = CARTESIAN_POINT ( 'NONE',  ( 1.374999999999999334, 1.570000000000000062, -4.684999999999999609 ) ) ;
#5662 = CARTESIAN_POINT ( 'NONE',  ( 0.3200000000000008393, 4.069999999999999396, 3.490000000000034852 ) ) ;
#5663 = PRESENTATION_STYLE_ASSIGNMENT (( #4923 ) ) ;
#5664 = EDGE_CURVE ( 'NONE', #7289, #7965, #1587, .T. ) ;
#5665 = CARTESIAN_POINT ( 'NONE',  ( 2.500000000000000000, 10.06999999999999851, 0.000000000000000000 ) ) ;
#5666 = SURFACE_STYLE_USAGE ( .BOTH. , #1945 ) ;
#5667 = CARTESIAN_POINT ( 'NONE',  ( -5.875000000000000888, 4.069999999999999396, -2.684999999999964970 ) ) ;
#5668 = SURFACE_SIDE_STYLE ('',( #7121 ) ) ;
#5669 = LINE ( 'NONE', #7872, #1738 ) ;
#5670 = DIRECTION ( 'NONE',  ( -0.7071067811865469066, -0.000000000000000000, -0.7071067811865482389 ) ) ;
#5671 = ADVANCED_FACE ( 'NONE', ( #3109 ), #6805, .F. ) ;
#5672 =( NAMED_UNIT ( * ) PLANE_ANGLE_UNIT ( ) SI_UNIT ( $, .RADIAN. ) );
#5673 = MANIFOLD_SOLID_BREP ( 'LPattern2[2]', #6508 ) ;
#5674 =( NAMED_UNIT ( * ) PLANE_ANGLE_UNIT ( ) SI_UNIT ( $, .RADIAN. ) );
#5675 = FILL_AREA_STYLE ('',( #3319 ) ) ;
#5676 = EDGE_CURVE ( 'NONE', #1341, #2867, #5531, .T. ) ;
#5677 = CARTESIAN_POINT ( 'NONE',  ( 5.874999999999999112, 4.069999999999999396, 2.685000000000003606 ) ) ;
#5678 = FACE_BOUND ( 'NONE', #6473, .T. ) ;
#5679 = PRESENTATION_STYLE_ASSIGNMENT (( #2706 ) ) ;
#5680 = EDGE_LOOP ( 'NONE', ( #9413, #640, #6993, #7591, #8425, #7396, #2569, #8170 ) ) ;
#5681 = COLOUR_RGB ( '',0.7921568627450980005, 0.8196078431372548767, 0.9333333333333333481 ) ;
#5682 = CARTESIAN_POINT ( 'NONE',  ( -5.319999999999999396, 4.069999999999999396, 3.490000000000034852 ) ) ;
#5683 = SURFACE_STYLE_USAGE ( .BOTH. , #6290 ) ;
#5684 = CARTESIAN_POINT ( 'NONE',  ( -1.734723475976807094E-15, 0.000000000000000000, -3.810000000000031140 ) ) ;
#5685 = VERTEX_POINT ( 'NONE', #1067 ) ;
#5686 =( NAMED_UNIT ( * ) PLANE_ANGLE_UNIT ( ) SI_UNIT ( $, .RADIAN. ) );
#5687 = VERTEX_POINT ( 'NONE', #490 ) ;
#5688 = SURFACE_SIDE_STYLE ('',( #5845 ) ) ;
#5689 = ORIENTED_EDGE ( 'NONE', *, *, #4039, .T. ) ;
#5690 = DIRECTION ( 'NONE',  ( -0.000000000000000000, -1.000000000000000000, -0.000000000000000000 ) ) ;
#5691 = STYLED_ITEM ( 'NONE', ( #7504 ), #3062 ) ;
#5692 = CARTESIAN_POINT ( 'NONE',  ( -2.450000000000001954, -1.000000000000000000, -3.793333333333366308 ) ) ;
#5693 = DIRECTION ( 'NONE',  ( -0.7071067811865472397, -0.000000000000000000, 0.7071067811865479058 ) ) ;
#5694 = VERTEX_POINT ( 'NONE', #3326 ) ;
#5695 = FILL_AREA_STYLE_COLOUR ( '', #1618 ) ;
#5696 = SURFACE_STYLE_FILL_AREA ( #1882 ) ;
#5697 = MECHANICAL_DESIGN_GEOMETRIC_PRESENTATION_REPRESENTATION (  '', ( #5392 ), #334 ) ;
#5698 = UNCERTAINTY_MEASURE_WITH_UNIT (LENGTH_MEASURE( 1.000000000000000082E-05 ), #7545, 'distance_accuracy_value', 'NONE');
#5699 = CARTESIAN_POINT ( 'NONE',  ( -0.3199999999999991185, 10.06999999999999851, 4.130000000000034532 ) ) ;
#5700 =( LENGTH_UNIT ( ) NAMED_UNIT ( * ) SI_UNIT ( .MILLI., .METRE. ) );
#5701 = VERTEX_POINT ( 'NONE', #1158 ) ;
#5702 = PRESENTATION_STYLE_ASSIGNMENT (( #567 ) ) ;
#5703 = PRESENTATION_STYLE_ASSIGNMENT (( #5119 ) ) ;
#5704 = VERTEX_POINT ( 'NONE', #1243 ) ;
#5705 = SURFACE_STYLE_USAGE ( .BOTH. , #9166 ) ;
#5706 = SURFACE_STYLE_USAGE ( .BOTH. , #2913 ) ;
#5707 = AXIS2_PLACEMENT_3D ( 'NONE', #1735, #9064, #7758 ) ;
#5708 = CARTESIAN_POINT ( 'NONE',  ( 2.549999999999998490, -1.000000000000000000, 3.843333333333300406 ) ) ;
#5709 =( GEOMETRIC_REPRESENTATION_CONTEXT ( 3 ) GLOBAL_UNCERTAINTY_ASSIGNED_CONTEXT ( ( #4685 ) ) GLOBAL_UNIT_ASSIGNED_CONTEXT ( ( #2980, #9404, #5967 ) ) REPRESENTATION_CONTEXT ( 'NONE', 'WORKASPACE' ) );
#5710 = SURFACE_STYLE_FILL_AREA ( #7923 ) ;
#5711 = SURFACE_STYLE_USAGE ( .BOTH. , #8675 ) ;
#5712 = ORIENTED_EDGE ( 'NONE', *, *, #6415, .T. ) ;
#5713 = VECTOR ( 'NONE', #2279, 1000.000000000000114 ) ;
#5714 = COLOUR_RGB ( '',0.3176470588235293935, 0.2470588235294117752, 0.2078431372549019440 ) ;
#5715 = SURFACE_SIDE_STYLE ('',( #8809 ) ) ;
#5716 = FILL_AREA_STYLE_COLOUR ( '', #7281 ) ;
#5717 = AXIS2_PLACEMENT_3D ( 'NONE', #5046, #7367, #8599 ) ;
#5718 = LINE ( 'NONE', #2796, #5741 ) ;
#5719 = CARTESIAN_POINT ( 'NONE',  ( -5.875000000000000888, 4.069999999999999396, -2.684999999999964970 ) ) ;
#5720 = STYLED_ITEM ( 'NONE', ( #833 ), #5007 ) ;
#5721 = EDGE_CURVE ( 'NONE', #1699, #3072, #4086, .T. ) ;
#5722 =( GEOMETRIC_REPRESENTATION_CONTEXT ( 3 ) GLOBAL_UNCERTAINTY_ASSIGNED_CONTEXT ( ( #8124 ) ) GLOBAL_UNIT_ASSIGNED_CONTEXT ( ( #7394, #914, #4501 ) ) REPRESENTATION_CONTEXT ( 'NONE', 'WORKASPACE' ) );
#5723 = SURFACE_STYLE_USAGE ( .BOTH. , #9375 ) ;
#5724 = PRESENTATION_STYLE_ASSIGNMENT (( #1235 ) ) ;
#5725 =( NAMED_UNIT ( * ) SI_UNIT ( $, .STERADIAN. ) SOLID_ANGLE_UNIT ( ) );
#5726 = PLANE ( 'NONE',  #819 ) ;
#5727 =( NAMED_UNIT ( * ) PLANE_ANGLE_UNIT ( ) SI_UNIT ( $, .RADIAN. ) );
#5728 = ORIENTED_EDGE ( 'NONE', *, *, #3942, .F. ) ;
#5729 = COLOUR_RGB ( '',0.2980392156862745057, 0.2980392156862745057, 0.2980392156862745057 ) ;
#5730 = MECHANICAL_DESIGN_GEOMETRIC_PRESENTATION_REPRESENTATION (  '', ( #6965 ), #362 ) ;
#5731 = COLOUR_RGB ( '',0.3176470588235293935, 0.2470588235294117752, 0.2078431372549019440 ) ;
#5732 = PRODUCT_DEFINITION ( 'UNKNOWN', '', #2305, #4767 ) ;
#5733 = MECHANICAL_DESIGN_GEOMETRIC_PRESENTATION_REPRESENTATION (  '', ( #835 ), #1118 ) ;
#5734 =( GEOMETRIC_REPRESENTATION_CONTEXT ( 3 ) GLOBAL_UNCERTAINTY_ASSIGNED_CONTEXT ( ( #5268 ) ) GLOBAL_UNIT_ASSIGNED_CONTEXT ( ( #3618, #8169, #1415 ) ) REPRESENTATION_CONTEXT ( 'NONE', 'WORKASPACE' ) );
#5735 = ORIENTED_EDGE ( 'NONE', *, *, #1889, .T. ) ;
#5736 = ADVANCED_FACE ( 'NONE', ( #3377 ), #5497, .F. ) ;
#5737 = COLOUR_RGB ( '',0.2980392156862745057, 0.2980392156862745057, 0.2980392156862745057 ) ;
#5738 = MECHANICAL_DESIGN_GEOMETRIC_PRESENTATION_REPRESENTATION (  '', ( #4806 ), #2627 ) ;
#5739 = MANIFOLD_SOLID_BREP ( 'LPattern3', #7733 ) ;
#5740 = ORIENTED_EDGE ( 'NONE', *, *, #554, .T. ) ;
#5741 = VECTOR ( 'NONE', #585, 1000.000000000000000 ) ;
#5742 = CARTESIAN_POINT ( 'NONE',  ( -1.375000000000001332, 1.570000000000000062, -4.684999999999982734 ) ) ;
#5743 = VECTOR ( 'NONE', #1191, 1000.000000000000000 ) ;
#5744 = ORIENTED_EDGE ( 'NONE', *, *, #3112, .T. ) ;
#5745 = AXIS2_PLACEMENT_3D ( 'NONE', #2416, #5384, #6182 ) ;
#5746 = MECHANICAL_DESIGN_GEOMETRIC_PRESENTATION_REPRESENTATION (  '', ( #7744 ), #8363 ) ;
#5747 = CARTESIAN_POINT ( 'NONE',  ( 2.180000000000000604, 10.06999999999999851, 4.130000000000034532 ) ) ;
#5748 = ADVANCED_FACE ( 'NONE', ( #3480 ), #409, .F. ) ;
#5749 = FILL_AREA_STYLE_COLOUR ( '', #8074 ) ;
#5750 = ORIENTED_EDGE ( 'NONE', *, *, #549, .T. ) ;
#5751 = STYLED_ITEM ( 'NONE', ( #5947 ), #6516 ) ;
#5752 = SURFACE_SIDE_STYLE ('',( #8196 ) ) ;
#5753 = AXIS2_PLACEMENT_3D ( 'NONE', #8770, #6701, #8018 ) ;
#5754 = FACE_OUTER_BOUND ( 'NONE', #7349, .T. ) ;
#5755 = EDGE_CURVE ( 'NONE', #1569, #8239, #2753, .T. ) ;
#5756 = CARTESIAN_POINT ( 'NONE',  ( 0.8749999999999990008, 4.069999999999999396, 4.935000000000004050 ) ) ;
#5757 = CARTESIAN_POINT ( 'NONE',  ( 5.176776695296636532, 0.000000000000000000, 3.986776695296605943 ) ) ;
#5758 = VERTEX_POINT ( 'NONE', #10 ) ;
#5759 =( LENGTH_UNIT ( ) NAMED_UNIT ( * ) SI_UNIT ( .MILLI., .METRE. ) );
#5760 = ORIENTED_EDGE ( 'NONE', *, *, #2567, .T. ) ;
#5761 = DIRECTION ( 'NONE',  ( 0.7071067811865474617, 0.000000000000000000, -0.7071067811865474617 ) ) ;
#5762 = VECTOR ( 'NONE', #4411, 1000.000000000000000 ) ;
#5763 = ADVANCED_FACE ( 'NONE', ( #1432 ), #9434, .F. ) ;
#5764 = CARTESIAN_POINT ( 'NONE',  ( 0.1133883476483171088, -0.5000000000000000000, -3.696611652351713406 ) ) ;
#5765 = CARTESIAN_POINT ( 'NONE',  ( 0.04999999999999796274, -1.000000000000000000, -3.860000000000031406 ) ) ;
#5766 = ORIENTED_EDGE ( 'NONE', *, *, #5815, .F. ) ;
#5767 = DIRECTION ( 'NONE',  ( -0.000000000000000000, -1.000000000000000000, -0.000000000000000000 ) ) ;
#5768 = CARTESIAN_POINT ( 'NONE',  ( -2.635110028629973566, 0.000000000000000000, 4.028443361963271130 ) ) ;
#5769 =( NAMED_UNIT ( * ) SI_UNIT ( $, .STERADIAN. ) SOLID_ANGLE_UNIT ( ) );
#5770 = SURFACE_STYLE_FILL_AREA ( #2033 ) ;
#5771 = VECTOR ( 'NONE', #9357, 1000.000000000000000 ) ;
#5772 = UNCERTAINTY_MEASURE_WITH_UNIT (LENGTH_MEASURE( 1.000000000000000082E-05 ), #5173, 'distance_accuracy_value', 'NONE');
#5773 = ORIENTED_EDGE ( 'NONE', *, *, #2045, .T. ) ;
#5774 = SURFACE_STYLE_USAGE ( .BOTH. , #8818 ) ;
#5775 = SURFACE_STYLE_USAGE ( .BOTH. , #677 ) ;
#5777 =( NAMED_UNIT ( * ) PLANE_ANGLE_UNIT ( ) SI_UNIT ( $, .RADIAN. ) );
#5776 = CIRCLE ( 'NONE', #8836, 0.2500000000000002220 ) ;
#5778 = VECTOR ( 'NONE', #7580, 1000.000000000000000 ) ;
#5779 = DIRECTION ( 'NONE',  ( -0.000000000000000000, -1.000000000000000000, -0.000000000000000000 ) ) ;
#5780 = CARTESIAN_POINT ( 'NONE',  ( 2.635110028629967793, 0.000000000000000000, -3.591556638036726756 ) ) ;
#5781 = MANIFOLD_SOLID_BREP ( 'LPattern2[4]', #2319 ) ;
#5782 = CARTESIAN_POINT ( 'NONE',  ( 2.819999999999998508, 10.06999999999999851, -3.489999999999965574 ) ) ;
#5783 = CARTESIAN_POINT ( 'NONE',  ( 7.619999999999998330, 0.000000000000000000, -6.349999999999997868 ) ) ;
#5784 =( NAMED_UNIT ( * ) SI_UNIT ( $, .STERADIAN. ) SOLID_ANGLE_UNIT ( ) );
#5785 = DIRECTION ( 'NONE',  ( 0.000000000000000000, -0.000000000000000000, 1.000000000000000000 ) ) ;
#5786 = CARTESIAN_POINT ( 'NONE',  ( 2.386611652351679158, -0.5000000000000000000, 3.923388347648286700 ) ) ;
#5787 =( GEOMETRIC_REPRESENTATION_CONTEXT ( 3 ) GLOBAL_UNCERTAINTY_ASSIGNED_CONTEXT ( ( #6997 ) ) GLOBAL_UNIT_ASSIGNED_CONTEXT ( ( #2162, #8009, #8120 ) ) REPRESENTATION_CONTEXT ( 'NONE', 'WORKASPACE' ) );
#5788 = ORIENTED_EDGE ( 'NONE', *, *, #9114, .T. ) ;
#5789 = EDGE_CURVE ( 'NONE', #5817, #1502, #8238, .T. ) ;
#5790 =( NAMED_UNIT ( * ) PLANE_ANGLE_UNIT ( ) SI_UNIT ( $, .RADIAN. ) );
#5791 = DIRECTION ( 'NONE',  ( 0.1247869418429880528, -0.9843050534722200817, 0.1247869418429867622 ) ) ;
#5792 = CARTESIAN_POINT ( 'NONE',  ( -1.125000000000000666, 1.570000000000000062, 4.685000000000003162 ) ) ;
#5793 =( GEOMETRIC_REPRESENTATION_CONTEXT ( 3 ) GLOBAL_UNCERTAINTY_ASSIGNED_CONTEXT ( ( #4751 ) ) GLOBAL_UNIT_ASSIGNED_CONTEXT ( ( #8418, #1893, #337 ) ) REPRESENTATION_CONTEXT ( 'NONE', 'WORKASPACE' ) );
#5794 = ORIENTED_EDGE ( 'NONE', *, *, #4719, .T. ) ;
#5795 =( NAMED_UNIT ( * ) PLANE_ANGLE_UNIT ( ) SI_UNIT ( $, .RADIAN. ) );
#5796 = PRESENTATION_STYLE_ASSIGNMENT (( #8697 ) ) ;
#5797 = ADVANCED_FACE ( 'NONE', ( #1621 ), #8871, .F. ) ;
#5798 = EDGE_CURVE ( 'NONE', #9030, #2673, #4661, .T. ) ;
#5799 = PLANE ( 'NONE',  #3216 ) ;
#5800 = VERTEX_POINT ( 'NONE', #8190 ) ;
#5801 = VECTOR ( 'NONE', #2224, 999.9999999999998863 ) ;
#5802 = LINE ( 'NONE', #7599, #4348 ) ;
#5803 = EDGE_LOOP ( 'NONE', ( #3526, #9299, #5973, #5744 ) ) ;
#5804 = LINE ( 'NONE', #5747, #3095 ) ;
#5805 = PRESENTATION_STYLE_ASSIGNMENT (( #7283 ) ) ;
#5806 = CARTESIAN_POINT ( 'NONE',  ( 3.374999999999999112, 4.069999999999999396, -2.685000000000000497 ) ) ;
#5807 = ORIENTED_EDGE ( 'NONE', *, *, #3638, .T. ) ;
#5808 = DIRECTION ( 'NONE',  ( 0.000000000000000000, 0.000000000000000000, 1.000000000000000000 ) ) ;
#5809 = DIRECTION ( 'NONE',  ( 0.000000000000000000, 0.000000000000000000, -1.000000000000000000 ) ) ;
#5810 = PRESENTATION_STYLE_ASSIGNMENT (( #3550 ) ) ;
#5811 = SURFACE_STYLE_USAGE ( .BOTH. , #6534 ) ;
#5812 = EDGE_LOOP ( 'NONE', ( #3686, #1868, #3710, #384 ) ) ;
#5813 = UNCERTAINTY_MEASURE_WITH_UNIT (LENGTH_MEASURE( 1.000000000000000082E-05 ), #579, 'distance_accuracy_value', 'NONE');
#5814 = LINE ( 'NONE', #5316, #1724 ) ;
#5815 = EDGE_CURVE ( 'NONE', #5701, #1828, #2374, .T. ) ;
#5816 = B_SPLINE_SURFACE_WITH_KNOTS ( 'NONE', 3, 1, ( 
 ( #2532, #1921 ),
 ( #8477, #8401 ),
 ( #1785, #6949 ),
 ( #8523, #2623 ),
 ( #9119, #1208 ),
 ( #9249, #8437 ) ),
 .UNSPECIFIED., .F., .F., .F.,
 ( 4, 2, 4 ),
 ( 2, 2 ),
 ( 0.000000000000000000, 0.5000000000000000000, 1.000000000000000000 ),
 ( 0.000000000000000000, 1.000000000000000000 ),
 .UNSPECIFIED. ) ;
#5817 = VERTEX_POINT ( 'NONE', #3885 ) ;
#5818 = MANIFOLD_SOLID_BREP ( 'LPattern2[8]', #2479 ) ;
#5819 = SURFACE_STYLE_USAGE ( .BOTH. , #2644 ) ;
#5820 = ORIENTED_EDGE ( 'NONE', *, *, #6188, .T. ) ;
#5821 = CARTESIAN_POINT ( 'NONE',  ( -2.179999999999999272, 10.06999999999999851, 3.490000000000034852 ) ) ;
#5822 = CARTESIAN_POINT ( 'NONE',  ( -2.430964406271153511, 0.000000000000000000, 4.059999999999970299 ) ) ;
#5823 = CARTESIAN_POINT ( 'NONE',  ( 2.180000000000000604, 4.069999999999999396, 4.130000000000034532 ) ) ;
#5824 = VERTEX_POINT ( 'NONE', #399 ) ;
#5825 = UNCERTAINTY_MEASURE_WITH_UNIT (LENGTH_MEASURE( 1.000000000000000082E-05 ), #4266, 'distance_accuracy_value', 'NONE');
#5826 = ADVANCED_FACE ( 'NONE', ( #9137 ), #1664, .F. ) ;
#5827 = CARTESIAN_POINT ( 'NONE',  ( -3.375000000000000444, 4.069999999999999396, -2.684999999999983178 ) ) ;
#5828 = CARTESIAN_POINT ( 'NONE',  ( 2.180000000000000604, 4.069999999999999396, 3.490000000000034852 ) ) ;
#5829 =( NAMED_UNIT ( * ) SI_UNIT ( $, .STERADIAN. ) SOLID_ANGLE_UNIT ( ) );
#5830 = DIRECTION ( 'NONE',  ( 0.000000000000000000, 0.000000000000000000, -1.000000000000000000 ) ) ;
#5831 =( LENGTH_UNIT ( ) NAMED_UNIT ( * ) SI_UNIT ( .MILLI., .METRE. ) );
#5832 = FACE_BOUND ( 'NONE', #909, .T. ) ;
#5833 = CARTESIAN_POINT ( 'NONE',  ( -7.620000000000000107, 1.570000000000000062, 6.350000000000001421 ) ) ;
#5834 = ORIENTED_EDGE ( 'NONE', *, *, #1242, .F. ) ;
#5835 = ADVANCED_FACE ( 'NONE', ( #6281 ), #1901, .F. ) ;
#5836 = VERTEX_POINT ( 'NONE', #1847 ) ;
#5837 = FILL_AREA_STYLE ('',( #2858 ) ) ;
#5838 = FILL_AREA_STYLE_COLOUR ( '', #2270 ) ;
#5839 = ORIENTED_EDGE ( 'NONE', *, *, #3947, .T. ) ;
#5840 = PLANE ( 'NONE',  #5160 ) ;
#5841 = CARTESIAN_POINT ( 'NONE',  ( 0.8749999999999990008, 4.069999999999999396, -4.935000000000000497 ) ) ;
#5842 = VECTOR ( 'NONE', #7510, 1000.000000000000000 ) ;
#5843 = MANIFOLD_SOLID_BREP ( 'Boss-Extrude6', #4657 ) ;
#5844 = ORIENTED_EDGE ( 'NONE', *, *, #351, .F. ) ;
#5845 = SURFACE_STYLE_FILL_AREA ( #2866 ) ;
#5846 = ORIENTED_EDGE ( 'NONE', *, *, #4890, .T. ) ;
#5847 = COLOUR_RGB ( '',0.2980392156862745057, 0.2980392156862745057, 0.2980392156862745057 ) ;
#5848 = CARTESIAN_POINT ( 'NONE',  ( 7.619999999999998330, 0.000000000000000000, -6.349999999999997868 ) ) ;
#5849 = ORIENTED_EDGE ( 'NONE', *, *, #6499, .T. ) ;
#5850 = LINE ( 'NONE', #4283, #7579 ) ;
#5851 = SURFACE_STYLE_FILL_AREA ( #7335 ) ;
#5852 = LINE ( 'NONE', #2062, #2321 ) ;
#5853 = VERTEX_POINT ( 'NONE', #7747 ) ;
#5854 = DIRECTION ( 'NONE',  ( -0.7071067811865472397, 0.000000000000000000, 0.7071067811865479058 ) ) ;
#5855 = VECTOR ( 'NONE', #4737, 1000.000000000000000 ) ;
#5856 = VERTEX_POINT ( 'NONE', #1 ) ;
#5857 = UNCERTAINTY_MEASURE_WITH_UNIT (LENGTH_MEASURE( 1.000000000000000082E-05 ), #3378, 'distance_accuracy_value', 'NONE');
#5858 = EDGE_CURVE ( 'NONE', #6448, #8160, #8582, .T. ) ;
#5859 = DIRECTION ( 'NONE',  ( -1.000000000000000000, -0.000000000000000000, -0.000000000000000000 ) ) ;
#5860 = ORIENTED_EDGE ( 'NONE', *, *, #7746, .F. ) ;
#5861 = FILL_AREA_STYLE_COLOUR ( '', #8670 ) ;
#5862 = CARTESIAN_POINT ( 'NONE',  ( 1.374999999999999334, 1.570000000000000062, -4.684999999999999609 ) ) ;
#5863 = CARTESIAN_POINT ( 'NONE',  ( 5.874999999999999112, 4.069999999999999396, 4.935000000000004050 ) ) ;
#5864 = VERTEX_POINT ( 'NONE', #2037 ) ;
#5865 =( GEOMETRIC_REPRESENTATION_CONTEXT ( 3 ) GLOBAL_UNCERTAINTY_ASSIGNED_CONTEXT ( ( #1891 ) ) GLOBAL_UNIT_ASSIGNED_CONTEXT ( ( #8689, #5727, #3582 ) ) REPRESENTATION_CONTEXT ( 'NONE', 'WORKASPACE' ) );
#5866 = DIRECTION ( 'NONE',  ( 0.000000000000000000, 0.000000000000000000, 1.000000000000000000 ) ) ;
#5867 = PRESENTATION_LAYER_ASSIGNMENT (  '', '', ( #1388 ) ) ;
#5868 = CARTESIAN_POINT ( 'NONE',  ( -2.820000000000000728, 4.069999999999999396, -4.129999999999965254 ) ) ;
#5869 =( NAMED_UNIT ( * ) SI_UNIT ( $, .STERADIAN. ) SOLID_ANGLE_UNIT ( ) );
#5870 = COLOUR_RGB ( '',0.3176470588235293935, 0.2470588235294117752, 0.2078431372549019440 ) ;
#5871 = VECTOR ( 'NONE', #8991, 1000.000000000000000 ) ;
#5872 = CARTESIAN_POINT ( 'NONE',  ( -2.819999999999998952, 10.06999999999999851, 4.130000000000034532 ) ) ;
#5873 = DIRECTION ( 'NONE',  ( 0.7071067811865479058, 0.000000000000000000, 0.7071067811865472397 ) ) ;
#5874 = DIRECTION ( 'NONE',  ( 0.7071067811865474617, 0.000000000000000000, -0.7071067811865474617 ) ) ;
#5875 = CARTESIAN_POINT ( 'NONE',  ( 1.374999999999999334, 1.570000000000000062, -4.684999999999999609 ) ) ;
#5876 = AXIS2_PLACEMENT_3D ( 'NONE', #3050, #6046, #1628 ) ;
#5877 = VECTOR ( 'NONE', #7308, 1000.000000000000000 ) ;
#5878 = PRESENTATION_STYLE_ASSIGNMENT (( #5289 ) ) ;
#5879 = PLANE ( 'NONE',  #8014 ) ;
#5880 = DIRECTION ( 'NONE',  ( -0.000000000000000000, -1.000000000000000000, -0.000000000000000000 ) ) ;
#5881 = ORIENTED_EDGE ( 'NONE', *, *, #4320, .F. ) ;
#5882 = STYLED_ITEM ( 'NONE', ( #6327 ), #923 ) ;
#5883 = ORIENTED_EDGE ( 'NONE', *, *, #3778, .F. ) ;
#5884 = AXIS2_PLACEMENT_3D ( 'NONE', #537, #9329, #5785 ) ;
#5885 = PLANE ( 'NONE',  #4517 ) ;
#5886 = SURFACE_SIDE_STYLE ('',( #1477 ) ) ;
#5887 = ORIENTED_EDGE ( 'NONE', *, *, #1910, .F. ) ;
#5888 = COLOUR_RGB ( '',0.2980392156862745057, 0.2980392156862745057, 0.2980392156862745057 ) ;
#5889 =( NAMED_UNIT ( * ) SI_UNIT ( $, .STERADIAN. ) SOLID_ANGLE_UNIT ( ) );
#5890 = DIRECTION ( 'NONE',  ( 1.000000000000000000, -0.000000000000000000, -0.000000000000000000 ) ) ;
#5891 = VECTOR ( 'NONE', #4815, 1000.000000000000000 ) ;
#5892 = DIRECTION ( 'NONE',  ( -0.000000000000000000, -1.000000000000000000, -0.000000000000000000 ) ) ;
#5893 = COLOUR_RGB ( '',0.3176470588235293935, 0.2470588235294117752, 0.2078431372549019440 ) ;
#5894 = MANIFOLD_SOLID_BREP ( 'LPattern2[6]', #2778 ) ;
#5895 = LINE ( 'NONE', #5153, #4158 ) ;
#5896 = ORIENTED_EDGE ( 'NONE', *, *, #4946, .F. ) ;
#5897 = CARTESIAN_POINT ( 'NONE',  ( -3.375000000000000888, 4.069999999999999396, -4.934999999999982734 ) ) ;
#5898 = ORIENTED_EDGE ( 'NONE', *, *, #5676, .F. ) ;
#5899 = LINE ( 'NONE', #5960, #2021 ) ;
#5900 = PRESENTATION_LAYER_ASSIGNMENT (  '', '', ( #8490 ) ) ;
#5901 = PRESENTATION_LAYER_ASSIGNMENT (  '', '', ( #3392 ) ) ;
#5902 = CARTESIAN_POINT ( 'NONE',  ( 1.624999999999999334, 4.069999999999999396, 4.935000000000004050 ) ) ;
#5903 = COLOUR_RGB ( '',0.2980392156862745057, 0.2980392156862745057, 0.2980392156862745057 ) ;
#5904 = STYLED_ITEM ( 'NONE', ( #4965 ), #5296 ) ;
#5905 = COLOUR_RGB ( '',0.2980392156862745057, 0.2980392156862745057, 0.2980392156862745057 ) ;
#5906 = DIRECTION ( 'NONE',  ( -0.1247869418429871646, -0.9843050534722198597, 0.1247869418429884414 ) ) ;
#5907 = ORIENTED_EDGE ( 'NONE', *, *, #4123, .T. ) ;
#5908 = CARTESIAN_POINT ( 'NONE',  ( -5.050000000000002487, -1.000000000000000000, -3.776666666666698369 ) ) ;
#5909 =( NAMED_UNIT ( * ) SI_UNIT ( $, .STERADIAN. ) SOLID_ANGLE_UNIT ( ) );
#5910 = PRESENTATION_LAYER_ASSIGNMENT (  '', '', ( #2784 ) ) ;
#5911 = VECTOR ( 'NONE', #1439, 1000.000000000000000 ) ;
#5912 = ORIENTED_EDGE ( 'NONE', *, *, #8447, .T. ) ;
#5913 = DIRECTION ( 'NONE',  ( -0.000000000000000000, -1.000000000000000000, -0.000000000000000000 ) ) ;
#5914 = VECTOR ( 'NONE', #136, 1000.000000000000114 ) ;
#5915 = MECHANICAL_DESIGN_GEOMETRIC_PRESENTATION_REPRESENTATION (  '', ( #6673 ), #5118 ) ;
#5916 = CARTESIAN_POINT ( 'NONE',  ( -4.950000000000001954, -1.000000000000000000, -3.843333333333365687 ) ) ;
#5917 = CARTESIAN_POINT ( 'NONE',  ( 5.874999999999999112, 1.570000000000000062, 4.935000000000004050 ) ) ;
#5918 = ORIENTED_EDGE ( 'NONE', *, *, #5325, .F. ) ;
#5919 = MECHANICAL_DESIGN_GEOMETRIC_PRESENTATION_REPRESENTATION (  '', ( #5290 ), #2486 ) ;
#5920 = DIRECTION ( 'NONE',  ( 1.239088197126291063E-16, 0.000000000000000000, -1.000000000000000000 ) ) ;
#5921 = VECTOR ( 'NONE', #2982, 1000.000000000000000 ) ;
#5922 = EDGE_LOOP ( 'NONE', ( #5396, #8008, #2393, #5191 ) ) ;
#5923 = CARTESIAN_POINT ( 'NONE',  ( 3.874999999999999556, 4.069999999999999396, -2.935000000000000053 ) ) ;
#5924 = FACE_OUTER_BOUND ( 'NONE', #8294, .T. ) ;
#5925 = FACE_OUTER_BOUND ( 'NONE', #6829, .T. ) ;
#5926 = PRESENTATION_STYLE_ASSIGNMENT (( #43 ) ) ;
#5927 = ORIENTED_EDGE ( 'NONE', *, *, #586, .T. ) ;
#5928 = EDGE_CURVE ( 'NONE', #5294, #5210, #5718, .T. ) ;
#5929 =( GEOMETRIC_REPRESENTATION_CONTEXT ( 3 ) GLOBAL_UNCERTAINTY_ASSIGNED_CONTEXT ( ( #7290 ) ) GLOBAL_UNIT_ASSIGNED_CONTEXT ( ( #5440, #5298, #6038 ) ) REPRESENTATION_CONTEXT ( 'NONE', 'WORKASPACE' ) );
#5930 = UNCERTAINTY_MEASURE_WITH_UNIT (LENGTH_MEASURE( 1.000000000000000082E-05 ), #7852, 'distance_accuracy_value', 'NONE');
#5931 = SURFACE_STYLE_FILL_AREA ( #6494 ) ;
#5932 = LINE ( 'NONE', #5868, #6690 ) ;
#5933 = PRESENTATION_STYLE_ASSIGNMENT (( #5373 ) ) ;
#5934 = LINE ( 'NONE', #8080, #2799 ) ;
#5935 = VECTOR ( 'NONE', #8416, 999.9999999999998863 ) ;
#5936 = DIRECTION ( 'NONE',  ( 0.000000000000000000, 0.000000000000000000, 1.000000000000000000 ) ) ;
#5937 = CARTESIAN_POINT ( 'NONE',  ( -0.05000000000000229955, -1.000000000000000000, -3.860000000000031406 ) ) ;
#5938 = SURFACE_STYLE_FILL_AREA ( #683 ) ;
#5939 = SURFACE_SIDE_STYLE ('',( #2955 ) ) ;
#5940 = FILL_AREA_STYLE_COLOUR ( '', #357 ) ;
#5941 = DIRECTION ( 'NONE',  ( 1.000000000000000000, 0.000000000000000000, -0.000000000000000000 ) ) ;
#5942 = ORIENTED_EDGE ( 'NONE', *, *, #8331, .F. ) ;
#5943 = ORIENTED_EDGE ( 'NONE', *, *, #3214, .F. ) ;
#5944 =( GEOMETRIC_REPRESENTATION_CONTEXT ( 3 ) GLOBAL_UNCERTAINTY_ASSIGNED_CONTEXT ( ( #2934 ) ) GLOBAL_UNIT_ASSIGNED_CONTEXT ( ( #2207, #6123, #3071 ) ) REPRESENTATION_CONTEXT ( 'NONE', 'WORKASPACE' ) );
#5945 = EDGE_CURVE ( 'NONE', #5364, #7797, #3469, .T. ) ;
#5946 = FILL_AREA_STYLE ('',( #5000 ) ) ;
#5947 = PRESENTATION_STYLE_ASSIGNMENT (( #3683 ) ) ;
#5948 = FILL_AREA_STYLE_COLOUR ( '', #5376 ) ;
#5949 = VERTEX_POINT ( 'NONE', #2889 ) ;
#5950 = FACE_OUTER_BOUND ( 'NONE', #7032, .T. ) ;
#5952 = COLOUR_RGB ( '',0.2980392156862745057, 0.2980392156862745057, 0.2980392156862745057 ) ;
#5951 = FACE_OUTER_BOUND ( 'NONE', #3586, .T. ) ;
#5953 = SURFACE_SIDE_STYLE ('',( #8285 ) ) ;
#5954 = DIRECTION ( 'NONE',  ( -1.000000000000000000, -0.000000000000000000, -0.000000000000000000 ) ) ;
#5955 = VERTEX_POINT ( 'NONE', #8772 ) ;
#5956 = UNCERTAINTY_MEASURE_WITH_UNIT (LENGTH_MEASURE( 1.000000000000000082E-05 ), #1704, 'distance_accuracy_value', 'NONE');
#5957 = CARTESIAN_POINT ( 'NONE',  ( -0.05000000000000143219, -1.000000000000000000, 3.759999999999968701 ) ) ;
#5958 = EDGE_LOOP ( 'NONE', ( #1216, #2102, #846, #3433 ) ) ;
#5959 = COLOUR_RGB ( '',0.3176470588235293935, 0.2470588235294117752, 0.2078431372549019440 ) ;
#5960 = CARTESIAN_POINT ( 'NONE',  ( 4.886611652351677826, -0.5000000000000000000, -3.696611652351713406 ) ) ;
#5961 = PRESENTATION_LAYER_ASSIGNMENT (  '', '', ( #888 ) ) ;
#5962 = CARTESIAN_POINT ( 'NONE',  ( 1.374999999999999334, 4.069999999999999396, 4.685000000000003162 ) ) ;
#5963 = FACE_OUTER_BOUND ( 'NONE', #2621, .T. ) ;
#5964 = CARTESIAN_POINT ( 'NONE',  ( -6.125000000000000888, 4.069999999999999396, -4.684999999999964970 ) ) ;
#5965 = SURFACE_SIDE_STYLE ('',( #3549 ) ) ;
#5966 = PRESENTATION_LAYER_ASSIGNMENT (  '', '', ( #4850 ) ) ;
#5967 =( NAMED_UNIT ( * ) SI_UNIT ( $, .STERADIAN. ) SOLID_ANGLE_UNIT ( ) );
#5968 = STYLED_ITEM ( 'NONE', ( #3101 ), #7894 ) ;
#5969 = VERTEX_POINT ( 'NONE', #7973 ) ;
#5970 = CARTESIAN_POINT ( 'NONE',  ( -2.676776695296639641, 0.000000000000000000, 3.986776695296604167 ) ) ;
#5971 = CARTESIAN_POINT ( 'NONE',  ( 2.820000000000000284, 4.069999999999999396, 4.130000000000034532 ) ) ;
#5972 = PRESENTATION_STYLE_ASSIGNMENT (( #4681 ) ) ;
#5973 = ORIENTED_EDGE ( 'NONE', *, *, #9373, .F. ) ;
#5974 = UNCERTAINTY_MEASURE_WITH_UNIT (LENGTH_MEASURE( 1.000000000000000082E-05 ), #4477, 'distance_accuracy_value', 'NONE');
#5975 = DIRECTION ( 'NONE',  ( 1.000000000000000000, -0.000000000000000000, 1.239088197126291063E-16 ) ) ;
#5976 =( LENGTH_UNIT ( ) NAMED_UNIT ( * ) SI_UNIT ( .MILLI., .METRE. ) );
#5977 = EDGE_LOOP ( 'NONE', ( #2003, #311, #4052, #3964 ) ) ;
#5978 = SURFACE_SIDE_STYLE ('',( #8765 ) ) ;
#5979 = CARTESIAN_POINT ( 'NONE',  ( 0.1767766952966353944, 0.000000000000000000, -3.633223304703394163 ) ) ;
#5980 = EDGE_LOOP ( 'NONE', ( #7192, #7667, #8972, #4092 ) ) ;
#5981 = SURFACE_STYLE_USAGE ( .BOTH. , #1417 ) ;
#5982 = LINE ( 'NONE', #1367, #517 ) ;
#5983 = EDGE_CURVE ( 'NONE', #7471, #4056, #9279, .T. ) ;
#5984 = CARTESIAN_POINT ( 'NONE',  ( -0.1351100286299724562, 0.000000000000000000, 3.591556638036665472 ) ) ;
#5985 = EDGE_CURVE ( 'NONE', #8136, #115, #5035, .T. ) ;
#5986 = CARTESIAN_POINT ( 'NONE',  ( -4.125000000000000888, 4.069999999999999396, -2.684999999999964970 ) ) ;
#5987 = MANIFOLD_SOLID_BREP ( 'LPattern2[9]', #3872 ) ;
#5988 = FILL_AREA_STYLE_COLOUR ( '', #1027 ) ;
#5989 = CARTESIAN_POINT ( 'NONE',  ( 4.930964406271145073, 0.000000000000000000, -3.560000000000032028 ) ) ;
#5990 = LINE ( 'NONE', #5432, #4154 ) ;
#5991 = EDGE_CURVE ( 'NONE', #1555, #1267, #2407, .T. ) ;
#5992 = PLANE ( 'NONE',  #4325 ) ;
#5993 = ORIENTED_EDGE ( 'NONE', *, *, #2155, .F. ) ;
#5994 = ORIENTED_EDGE ( 'NONE', *, *, #5065, .F. ) ;
#5995 = ADVANCED_FACE ( 'NONE', ( #6453 ), #152, .F. ) ;
#5996 = ADVANCED_FACE ( 'NONE', ( #8174 ), #50, .F. ) ;
#5997 = DIRECTION ( 'NONE',  ( -1.000000000000000000, -0.000000000000000000, -0.000000000000000000 ) ) ;
#5998 =( NAMED_UNIT ( * ) SI_UNIT ( $, .STERADIAN. ) SOLID_ANGLE_UNIT ( ) );
#5999 = ORIENTED_EDGE ( 'NONE', *, *, #8474, .F. ) ;
#6000 = CARTESIAN_POINT ( 'NONE',  ( 1.374999999999999556, 4.069999999999999396, -2.935000000000000053 ) ) ;
#6001 = ORIENTED_EDGE ( 'NONE', *, *, #3506, .F. ) ;
#6002 = UNCERTAINTY_MEASURE_WITH_UNIT (LENGTH_MEASURE( 1.000000000000000082E-05 ), #6314, 'distance_accuracy_value', 'NONE');
#6003 = ORIENTED_EDGE ( 'NONE', *, *, #5248, .F. ) ;
#6004 =( LENGTH_UNIT ( ) NAMED_UNIT ( * ) SI_UNIT ( .MILLI., .METRE. ) );
#6005 = CARTESIAN_POINT ( 'NONE',  ( -5.176776695296639197, 0.000000000000000000, 3.633223304703332435 ) ) ;
#6006 = PRESENTATION_STYLE_ASSIGNMENT (( #7434 ) ) ;
#6007 = EDGE_CURVE ( 'NONE', #4352, #7325, #882, .T. ) ;
#6008 = LINE ( 'NONE', #5313, #3086 ) ;
#6009 =( LENGTH_UNIT ( ) NAMED_UNIT ( * ) SI_UNIT ( .MILLI., .METRE. ) );
#6010 = FILL_AREA_STYLE ('',( #2485 ) ) ;
#6011 = ORIENTED_EDGE ( 'NONE', *, *, #7218, .T. ) ;
#6012 = SURFACE_STYLE_USAGE ( .BOTH. , #3810 ) ;
#6013 = CARTESIAN_POINT ( 'NONE',  ( -5.176776695296640085, 0.000000000000000000, 3.986776695296604167 ) ) ;
#6014 = ORIENTED_EDGE ( 'NONE', *, *, #395, .F. ) ;
#6015 = PRESENTATION_STYLE_ASSIGNMENT (( #871 ) ) ;
#6016 = PRESENTATION_STYLE_ASSIGNMENT (( #8298 ) ) ;
#6017 = ORIENTED_EDGE ( 'NONE', *, *, #5158, .T. ) ;
#6018 = DIRECTION ( 'NONE',  ( 0.000000000000000000, -1.000000000000000000, 0.000000000000000000 ) ) ;
#6019 = SURFACE_SIDE_STYLE ('',( #2442 ) ) ;
#6020 = FILL_AREA_STYLE_COLOUR ( '', #2446 ) ;
#6021 = VERTEX_POINT ( 'NONE', #5184 ) ;
#6022 = DIRECTION ( 'NONE',  ( -1.000000000000000000, -0.000000000000000000, -0.000000000000000000 ) ) ;
#6023 = UNCERTAINTY_MEASURE_WITH_UNIT (LENGTH_MEASURE( 1.000000000000000082E-05 ), #7001, 'distance_accuracy_value', 'NONE');
#6024 = LINE ( 'NONE', #6917, #3711 ) ;
#6025 = PRESENTATION_STYLE_ASSIGNMENT (( #8127 ) ) ;
#6026 = PRESENTATION_LAYER_ASSIGNMENT (  '', '', ( #5533 ) ) ;
#6027 = CARTESIAN_POINT ( 'NONE',  ( -4.823223304703362579, 0.000000000000000000, 3.986776695296605943 ) ) ;
#6028 =( NAMED_UNIT ( * ) PLANE_ANGLE_UNIT ( ) SI_UNIT ( $, .RADIAN. ) );
#6029 =( LENGTH_UNIT ( ) NAMED_UNIT ( * ) SI_UNIT ( .MILLI., .METRE. ) );
#6030 = CARTESIAN_POINT ( 'NONE',  ( 4.949999999999996625, -1.000000000000000000, -3.760000000000031761 ) ) ;
#6031 = PRESENTATION_STYLE_ASSIGNMENT (( #3038 ) ) ;
#6032 = SURFACE_SIDE_STYLE ('',( #5190 ) ) ;
#6033 = PRESENTATION_LAYER_ASSIGNMENT (  '', '', ( #638 ) ) ;
#6034 = EDGE_LOOP ( 'NONE', ( #9309, #2137, #3052, #7529 ) ) ;
#6035 = CARTESIAN_POINT ( 'NONE',  ( 4.999999999999999112, 0.000000000000000000, 3.809999999999968967 ) ) ;
#6036 = EDGE_CURVE ( 'NONE', #7044, #7625, #4511, .T. ) ;
#6037 =( LENGTH_UNIT ( ) NAMED_UNIT ( * ) SI_UNIT ( .MILLI., .METRE. ) );
#6038 =( NAMED_UNIT ( * ) SI_UNIT ( $, .STERADIAN. ) SOLID_ANGLE_UNIT ( ) );
#6039 = COLOUR_RGB ( '',0.2980392156862745057, 0.2980392156862745057, 0.2980392156862745057 ) ;
#6040 = CARTESIAN_POINT ( 'NONE',  ( -4.864889971370032207, 0.000000000000000000, 3.591556638036664584 ) ) ;
#6041 = VERTEX_POINT ( 'NONE', #6784 ) ;
#6042 = SURFACE_STYLE_USAGE ( .BOTH. , #7466 ) ;
#6043 = CARTESIAN_POINT ( 'NONE',  ( 4.679999999999998828, 10.06999999999999851, -4.129999999999965254 ) ) ;
#6044 = VECTOR ( 'NONE', #9160, 1000.000000000000000 ) ;
#6045 =( GEOMETRIC_REPRESENTATION_CONTEXT ( 3 ) GLOBAL_UNCERTAINTY_ASSIGNED_CONTEXT ( ( #8660 ) ) GLOBAL_UNIT_ASSIGNED_CONTEXT ( ( #7384, #6622, #5909 ) ) REPRESENTATION_CONTEXT ( 'NONE', 'WORKASPACE' ) );
#6046 = DIRECTION ( 'NONE',  ( 0.000000000000000000, 0.000000000000000000, 1.000000000000000000 ) ) ;
#6047 = DIRECTION ( 'NONE',  ( 1.000000000000000000, 0.000000000000000000, 0.000000000000000000 ) ) ;
#6048 = ORIENTED_EDGE ( 'NONE', *, *, #6086, .F. ) ;
#6049 = COLOUR_RGB ( '',0.3176470588235293935, 0.2470588235294117752, 0.2078431372549019440 ) ;
#6050 = EDGE_CURVE ( 'NONE', #3531, #8922, #198, .T. ) ;
#6051 = MECHANICAL_DESIGN_GEOMETRIC_PRESENTATION_REPRESENTATION (  '', ( #808 ), #9197 ) ;
#6052 = ORIENTED_EDGE ( 'NONE', *, *, #7611, .T. ) ;
#6053 = DIRECTION ( 'NONE',  ( 0.000000000000000000, -1.000000000000000000, 0.000000000000000000 ) ) ;
#6054 = EDGE_CURVE ( 'NONE', #328, #1073, #3131, .T. ) ;
#6055 = PRESENTATION_LAYER_ASSIGNMENT (  '', '', ( #660 ) ) ;
#6056 = DIRECTION ( 'NONE',  ( -0.000000000000000000, -1.000000000000000000, -0.000000000000000000 ) ) ;
#6057 = LINE ( 'NONE', #7380, #2900 ) ;
#6058 = AXIS2_PLACEMENT_3D ( 'NONE', #96, #7493, #5220 ) ;
#6059 = CARTESIAN_POINT ( 'NONE',  ( -2.819999999999998952, 4.069999999999999396, 3.490000000000034852 ) ) ;
#6060 = CARTESIAN_POINT ( 'NONE',  ( 2.499999999999997780, 0.000000000000000000, -3.810000000000031140 ) ) ;
#6061 = VERTEX_POINT ( 'NONE', #7780 ) ;
#6062 = AXIS2_PLACEMENT_3D ( 'NONE', #620, #7969, #6546 ) ;
#6063 = DIRECTION ( 'NONE',  ( -0.7071067811865474617, -0.000000000000000000, 0.7071067811865474617 ) ) ;
#6064 = B_SPLINE_SURFACE_WITH_KNOTS ( 'NONE', 3, 1, ( 
 ( #7060, #6541 ),
 ( #1359, #4294 ),
 ( #2788, #2878 ),
 ( #3461, #9412 ),
 ( #2735, #5708 ),
 ( #3508, #5067 ) ),
 .UNSPECIFIED., .F., .F., .F.,
 ( 4, 2, 4 ),
 ( 2, 2 ),
 ( 0.000000000000000000, 0.5000000000000000000, 1.000000000000000000 ),
 ( 0.000000000000000000, 1.000000000000000000 ),
 .UNSPECIFIED. ) ;
#6065 = EDGE_LOOP ( 'NONE', ( #7961, #6789, #7575, #8215 ) ) ;
#6066 = AXIS2_PLACEMENT_3D ( 'NONE', #9266, #3410, #433 ) ;
#6067 = MECHANICAL_DESIGN_GEOMETRIC_PRESENTATION_REPRESENTATION (  '', ( #8919 ), #374 ) ;
#6068 =( LENGTH_UNIT ( ) NAMED_UNIT ( * ) SI_UNIT ( .MILLI., .METRE. ) );
#6069 = VECTOR ( 'NONE', #797, 1000.000000000000000 ) ;
#6070 = UNCERTAINTY_MEASURE_WITH_UNIT (LENGTH_MEASURE( 1.000000000000000082E-05 ), #5831, 'distance_accuracy_value', 'NONE');
#6071 = SURFACE_SIDE_STYLE ('',( #1643 ) ) ;
#6072 = ADVANCED_FACE ( 'NONE', ( #2587 ), #4059, .F. ) ;
#6073 = SURFACE_STYLE_USAGE ( .BOTH. , #5363 ) ;
#6074 = ORIENTED_EDGE ( 'NONE', *, *, #7807, .F. ) ;
#6075 = AXIS2_PLACEMENT_3D ( 'NONE', #7728, #1136, #1933 ) ;
#6076 = CARTESIAN_POINT ( 'NONE',  ( 2.180000000000000604, 10.06999999999999851, 3.490000000000034852 ) ) ;
#6077 =( GEOMETRIC_REPRESENTATION_CONTEXT ( 3 ) GLOBAL_UNCERTAINTY_ASSIGNED_CONTEXT ( ( #2547 ) ) GLOBAL_UNIT_ASSIGNED_CONTEXT ( ( #1472, #7358, #1568 ) ) REPRESENTATION_CONTEXT ( 'NONE', 'WORKASPACE' ) );
#6078 = DIRECTION ( 'NONE',  ( -0.7071067811865479058, -0.000000000000000000, 0.7071067811865472397 ) ) ;
#6079 = AXIS2_PLACEMENT_3D ( 'NONE', #7430, #8742, #1488 ) ;
#6080 = DIRECTION ( 'NONE',  ( -0.1247869418429880251, -0.9843050534722198597, -0.1247869418429880251 ) ) ;
#6081 =( NAMED_UNIT ( * ) SI_UNIT ( $, .STERADIAN. ) SOLID_ANGLE_UNIT ( ) );
#6082 = ORIENTED_EDGE ( 'NONE', *, *, #8226, .T. ) ;
#6083 =( NAMED_UNIT ( * ) SI_UNIT ( $, .STERADIAN. ) SOLID_ANGLE_UNIT ( ) );
#6084 = STYLED_ITEM ( 'NONE', ( #5498 ), #6452 ) ;
#6085 = VECTOR ( 'NONE', #5049, 999.9999999999998863 ) ;
#6086 = EDGE_CURVE ( 'NONE', #5600, #5685, #1756, .T. ) ;
#6087 = MECHANICAL_DESIGN_GEOMETRIC_PRESENTATION_REPRESENTATION (  '', ( #4813 ), #6377 ) ;
#6088 = DIRECTION ( 'NONE',  ( -0.000000000000000000, -0.000000000000000000, -1.000000000000000000 ) ) ;
#6089 = SURFACE_SIDE_STYLE ('',( #3732 ) ) ;
#6090 = DIRECTION ( 'NONE',  ( -0.000000000000000000, -1.000000000000000000, -0.000000000000000000 ) ) ;
#6091 =( NAMED_UNIT ( * ) SI_UNIT ( $, .STERADIAN. ) SOLID_ANGLE_UNIT ( ) );
#6092 = DIRECTION ( 'NONE',  ( 1.000000000000000000, 0.000000000000000000, 0.000000000000000000 ) ) ;
#6093 = DIRECTION ( 'NONE',  ( 0.000000000000000000, 0.000000000000000000, -1.000000000000000000 ) ) ;
#6094 = FILL_AREA_STYLE_COLOUR ( '', #3855 ) ;
#6095 = DIRECTION ( 'NONE',  ( 0.000000000000000000, -0.000000000000000000, 1.000000000000000000 ) ) ;
#6096 = SURFACE_STYLE_USAGE ( .BOTH. , #1713 ) ;
#6097 =( LENGTH_UNIT ( ) NAMED_UNIT ( * ) SI_UNIT ( .MILLI., .METRE. ) );
#6098 =( NAMED_UNIT ( * ) SI_UNIT ( $, .STERADIAN. ) SOLID_ANGLE_UNIT ( ) );
#6099 = VECTOR ( 'NONE', #842, 1000.000000000000000 ) ;
#6100 = DIRECTION ( 'NONE',  ( -1.000000000000000000, 0.000000000000000000, -0.000000000000000000 ) ) ;
#6101 = ORIENTED_EDGE ( 'NONE', *, *, #3039, .F. ) ;
#6102 = FACE_OUTER_BOUND ( 'NONE', #5958, .T. ) ;
#6103 = CARTESIAN_POINT ( 'NONE',  ( 2.718443361963300386, 0.000000000000000000, -3.674889971370061570 ) ) ;
#6104 = EDGE_LOOP ( 'NONE', ( #9462, #7958, #2043, #85 ) ) ;
#6105 = EDGE_CURVE ( 'NONE', #2090, #7333, #7640, .T. ) ;
#6106 = ORIENTED_EDGE ( 'NONE', *, *, #2362, .F. ) ;
#6107 = CARTESIAN_POINT ( 'NONE',  ( -5.176776695296639197, 0.000000000000000000, 3.633223304703332435 ) ) ;
#6108 = LINE ( 'NONE', #2387, #8942 ) ;
#6109 = VECTOR ( 'NONE', #6310, 1000.000000000000000 ) ;
#6110 = COLOUR_RGB ( '',0.3176470588235293935, 0.2470588235294117752, 0.2078431372549019440 ) ;
#6111 = CARTESIAN_POINT ( 'NONE',  ( 4.679999999999998828, 10.06999999999999851, -4.129999999999965254 ) ) ;
#6112 = EDGE_CURVE ( 'NONE', #9354, #2261, #6879, .T. ) ;
#6113 = SURFACE_STYLE_FILL_AREA ( #5312 ) ;
#6114 = ADVANCED_FACE ( 'NONE', ( #5558 ), #6918, .F. ) ;
#6115 = CARTESIAN_POINT ( 'NONE',  ( -5.250000000000001776, -0.000000000000000000, -3.879035593728879849 ) ) ;
#6116 =( NAMED_UNIT ( * ) SI_UNIT ( $, .STERADIAN. ) SOLID_ANGLE_UNIT ( ) );
#6117 =( NAMED_UNIT ( * ) SI_UNIT ( $, .STERADIAN. ) SOLID_ANGLE_UNIT ( ) );
#6118 = VERTEX_POINT ( 'NONE', #6221 ) ;
#6119 = AXIS2_PLACEMENT_3D ( 'NONE', #1048, #3960, #6911 ) ;
#6120 = DIRECTION ( 'NONE',  ( -0.1247869418429888855, 0.9843050534722199707, 0.1247869418429863320 ) ) ;
#6121 = VERTEX_POINT ( 'NONE', #2498 ) ;
#6122 = CARTESIAN_POINT ( 'NONE',  ( 1.374999999999999556, 4.069999999999999396, 2.935000000000003606 ) ) ;
#6123 =( NAMED_UNIT ( * ) PLANE_ANGLE_UNIT ( ) SI_UNIT ( $, .RADIAN. ) );
#6124 =( GEOMETRIC_REPRESENTATION_CONTEXT ( 3 ) GLOBAL_UNCERTAINTY_ASSIGNED_CONTEXT ( ( #7908 ) ) GLOBAL_UNIT_ASSIGNED_CONTEXT ( ( #3224, #8766, #2843 ) ) REPRESENTATION_CONTEXT ( 'NONE', 'WORKASPACE' ) );
#6125 = FILL_AREA_STYLE_COLOUR ( '', #1380 ) ;
#6126 = VERTEX_POINT ( 'NONE', #8415 ) ;
#6127 = MECHANICAL_DESIGN_GEOMETRIC_PRESENTATION_REPRESENTATION (  '', ( #7015 ), #4550 ) ;
#6128 = FILL_AREA_STYLE ('',( #1002 ) ) ;
#6129 = FILL_AREA_STYLE ('',( #1604 ) ) ;
#6130 = CARTESIAN_POINT ( 'NONE',  ( 4.124999999999999112, 4.069999999999999396, 2.685000000000003606 ) ) ;
#6131 = ORIENTED_EDGE ( 'NONE', *, *, #6742, .F. ) ;
#6132 = EDGE_CURVE ( 'NONE', #2084, #5800, #3261, .T. ) ;
#6133 = UNCERTAINTY_MEASURE_WITH_UNIT (LENGTH_MEASURE( 1.000000000000000082E-05 ), #3740, 'distance_accuracy_value', 'NONE');
#6134 = CARTESIAN_POINT ( 'NONE',  ( 4.679999999999998828, 10.06999999999999851, -4.129999999999965254 ) ) ;
#6135 = CARTESIAN_POINT ( 'NONE',  ( -0.06903559372885195722, 0.000000000000000000, 3.559999999999968967 ) ) ;
#6136 = PLANE ( 'NONE',  #5475 ) ;
#6137 = LINE ( 'NONE', #3825, #4223 ) ;
#6138 = EDGE_CURVE ( 'NONE', #5074, #8003, #2287, .T. ) ;
#6139 = SURFACE_SIDE_STYLE ('',( #4599 ) ) ;
#6140 = EDGE_CURVE ( 'NONE', #8892, #9318, #7820, .T. ) ;
#6141 = CARTESIAN_POINT ( 'NONE',  ( 2.449999999999998401, -1.000000000000000000, 3.843333333333301294 ) ) ;
#6142 = EDGE_CURVE ( 'NONE', #873, #8983, #4206, .T. ) ;
#6143 = PRESENTATION_STYLE_ASSIGNMENT (( #4520 ) ) ;
#6144 =( LENGTH_UNIT ( ) NAMED_UNIT ( * ) SI_UNIT ( .MILLI., .METRE. ) );
#6145 = DIRECTION ( 'NONE',  ( -0.000000000000000000, -1.000000000000000000, -0.000000000000000000 ) ) ;
#6146 = DIRECTION ( 'NONE',  ( 0.7071067811865469066, 0.000000000000000000, -0.7071067811865482389 ) ) ;
#6147 = VERTEX_POINT ( 'NONE', #2733 ) ;
#6148 =( LENGTH_UNIT ( ) NAMED_UNIT ( * ) SI_UNIT ( .MILLI., .METRE. ) );
#6149 = CARTESIAN_POINT ( 'NONE',  ( -5.320000000000001172, 10.06999999999999851, -3.489999999999965574 ) ) ;
#6150 = B_SPLINE_SURFACE_WITH_KNOTS ( 'NONE', 3, 1, ( 
 ( #7751, #4936 ),
 ( #447, #2604 ),
 ( #4220, #3372 ),
 ( #8513, #5038 ),
 ( #6504, #2703 ),
 ( #7175, #9182 ) ),
 .UNSPECIFIED., .F., .F., .F.,
 ( 4, 2, 4 ),
 ( 2, 2 ),
 ( 0.000000000000000000, 0.5000000000000000000, 1.000000000000000000 ),
 ( 0.000000000000000000, 1.000000000000000000 ),
 .UNSPECIFIED. ) ;
#6151 = CARTESIAN_POINT ( 'NONE',  ( -2.676776695296638753, 0.000000000000000000, 3.633223304703332435 ) ) ;
#6152 =( LENGTH_UNIT ( ) NAMED_UNIT ( * ) SI_UNIT ( .MILLI., .METRE. ) );
#6153 = PRODUCT_CONTEXT ( 'NONE', #1254, 'mechanical' ) ;
#6154 = ORIENTED_EDGE ( 'NONE', *, *, #8985, .F. ) ;
#6155 = UNCERTAINTY_MEASURE_WITH_UNIT (LENGTH_MEASURE( 1.000000000000000082E-05 ), #9225, 'distance_accuracy_value', 'NONE');
#6156 = CARTESIAN_POINT ( 'NONE',  ( 2.819999999999998508, 4.069999999999999396, -3.489999999999965574 ) ) ;
#6157 = PLANE ( 'NONE',  #4998 ) ;
#6158 = LINE ( 'NONE', #3899, #645 ) ;
#6159 = FILL_AREA_STYLE ('',( #7618 ) ) ;
#6160 = FACE_OUTER_BOUND ( 'NONE', #4624, .T. ) ;
#6161 = DIRECTION ( 'NONE',  ( -1.000000000000000000, -0.000000000000000000, -0.000000000000000000 ) ) ;
#6162 = ORIENTED_EDGE ( 'NONE', *, *, #5369, .F. ) ;
#6163 = ORIENTED_EDGE ( 'NONE', *, *, #2362, .T. ) ;
#6164 = CARTESIAN_POINT ( 'NONE',  ( 4.949999999999998401, -1.000000000000000000, 3.776666666666634864 ) ) ;
#6165 = CARTESIAN_POINT ( 'NONE',  ( -0.1767766952966397243, 0.000000000000000000, 3.986776695296604167 ) ) ;
#6166 = VERTEX_POINT ( 'NONE', #6005 ) ;
#6167 = CARTESIAN_POINT ( 'NONE',  ( -0.2500000000000019429, 0.000000000000000000, -3.740964406271183318 ) ) ;
#6168 = SURFACE_STYLE_FILL_AREA ( #3860 ) ;
#6169 = ORIENTED_EDGE ( 'NONE', *, *, #4883, .T. ) ;
#6170 =( GEOMETRIC_REPRESENTATION_CONTEXT ( 3 ) GLOBAL_UNCERTAINTY_ASSIGNED_CONTEXT ( ( #7537 ) ) GLOBAL_UNIT_ASSIGNED_CONTEXT ( ( #4269, #5790, #6602 ) ) REPRESENTATION_CONTEXT ( 'NONE', 'WORKASPACE' ) );
#6171 = FILL_AREA_STYLE ('',( #4638 ) ) ;
#6172 = EDGE_CURVE ( 'NONE', #5955, #6041, #1317, .T. ) ;
#6173 = ORIENTED_EDGE ( 'NONE', *, *, #5815, .T. ) ;
#6174 = SURFACE_STYLE_USAGE ( .BOTH. , #197 ) ;
#6175 = FILL_AREA_STYLE_COLOUR ( '', #1419 ) ;
#6176 = CARTESIAN_POINT ( 'NONE',  ( 0.1767766952966353944, 0.000000000000000000, 3.633223304703330658 ) ) ;
#6177 = FILL_AREA_STYLE_COLOUR ( '', #6726 ) ;
#6178 = DIRECTION ( 'NONE',  ( -0.7071067811865482389, -0.000000000000000000, 0.7071067811865469066 ) ) ;
#6179 = CARTESIAN_POINT ( 'NONE',  ( -2.500000000000000888, 0.000000000000000000, 3.809999999999968967 ) ) ;
#6180 = CARTESIAN_POINT ( 'NONE',  ( 2.449999999999998401, -1.000000000000000000, 3.776666666666634864 ) ) ;
#6181 = CARTESIAN_POINT ( 'NONE',  ( 3.374999999999999112, 4.069999999999999396, -4.935000000000000497 ) ) ;
#6182 = DIRECTION ( 'NONE',  ( 0.000000000000000000, 0.000000000000000000, -1.000000000000000000 ) ) ;
#6183 = SURFACE_STYLE_USAGE ( .BOTH. , #7647 ) ;
#6184 = SURFACE_SIDE_STYLE ('',( #3139 ) ) ;
#6185 = EDGE_CURVE ( 'NONE', #778, #1324, #3411, .T. ) ;
#6186 = ORIENTED_EDGE ( 'NONE', *, *, #461, .T. ) ;
#6187 = FILL_AREA_STYLE_COLOUR ( '', #3932 ) ;
#6188 = EDGE_CURVE ( 'NONE', #7854, #8, #3759, .T. ) ;
#6189 = FILL_AREA_STYLE_COLOUR ( '', #7629 ) ;
#6190 = CARTESIAN_POINT ( 'NONE',  ( -2.676776695296639641, 0.000000000000000000, 3.986776695296604167 ) ) ;
#6191 = CARTESIAN_POINT ( 'NONE',  ( 1.624999999999999556, 4.069999999999999396, -2.685000000000000497 ) ) ;
#6192 = VERTEX_POINT ( 'NONE', #6615 ) ;
#6193 = LINE ( 'NONE', #9060, #1572 ) ;
#6194 = STYLED_ITEM ( 'NONE', ( #3701 ), #3635 ) ;
#6195 = EDGE_CURVE ( 'NONE', #3693, #2723, #8617, .T. ) ;
#6196 = STYLED_ITEM ( 'NONE', ( #7521 ), #9328 ) ;
#6197 = COLOUR_RGB ( '',0.2980392156862745057, 0.2980392156862745057, 0.2980392156862745057 ) ;
#6198 = PRESENTATION_STYLE_ASSIGNMENT (( #1681 ) ) ;
#6199 = FACE_OUTER_BOUND ( 'NONE', #7370, .T. ) ;
#6200 = VECTOR ( 'NONE', #6326, 1000.000000000000000 ) ;
#6201 = DIRECTION ( 'NONE',  ( 1.000000000000000000, 0.000000000000000000, 0.000000000000000000 ) ) ;
#6202 =( NAMED_UNIT ( * ) PLANE_ANGLE_UNIT ( ) SI_UNIT ( $, .RADIAN. ) );
#6203 = EDGE_LOOP ( 'NONE', ( #837, #6318, #2665, #699 ) ) ;
#6204 = SURFACE_SIDE_STYLE ('',( #6905 ) ) ;
#6205 =( GEOMETRIC_REPRESENTATION_CONTEXT ( 3 ) GLOBAL_UNCERTAINTY_ASSIGNED_CONTEXT ( ( #8986 ) ) GLOBAL_UNIT_ASSIGNED_CONTEXT ( ( #2906, #3051, #7608 ) ) REPRESENTATION_CONTEXT ( 'NONE', 'WORKASPACE' ) );
#6206 = STYLED_ITEM ( 'NONE', ( #990 ), #867 ) ;
#6207 = VERTEX_POINT ( 'NONE', #1221 ) ;
#6208 = PRESENTATION_STYLE_ASSIGNMENT (( #1687 ) ) ;
#6209 = VECTOR ( 'NONE', #4668, 1000.000000000000000 ) ;
#6210 = DIRECTION ( 'NONE',  ( 0.000000000000000000, 0.000000000000000000, -1.000000000000000000 ) ) ;
#6211 = SURFACE_SIDE_STYLE ('',( #9077 ) ) ;
#6212 = ORIENTED_EDGE ( 'NONE', *, *, #1327, .F. ) ;
#6213 = CARTESIAN_POINT ( 'NONE',  ( 4.999999999999997335, 0.000000000000000000, -3.810000000000031140 ) ) ;
#6214 = LINE ( 'NONE', #6739, #7702 ) ;
#6215 = MECHANICAL_DESIGN_GEOMETRIC_PRESENTATION_REPRESENTATION (  '', ( #5262 ), #1722 ) ;
#6216 = PRESENTATION_STYLE_ASSIGNMENT (( #3209 ) ) ;
#6217 = ORIENTED_EDGE ( 'NONE', *, *, #3587, .F. ) ;
#6218 = VECTOR ( 'NONE', #1398, 999.9999999999998863 ) ;
#6219 =( LENGTH_UNIT ( ) NAMED_UNIT ( * ) SI_UNIT ( .MILLI., .METRE. ) );
#6220 =( NAMED_UNIT ( * ) PLANE_ANGLE_UNIT ( ) SI_UNIT ( $, .RADIAN. ) );
#6221 = CARTESIAN_POINT ( 'NONE',  ( 2.179999999999998828, 4.069999999999999396, -4.129999999999965254 ) ) ;
#6222 = COLOUR_RGB ( '',0.3176470588235293935, 0.2470588235294117752, 0.2078431372549019440 ) ;
#6223 = AXIS2_PLACEMENT_3D ( 'NONE', #1314, #9353, #7235 ) ;
#6224 = PRESENTATION_LAYER_ASSIGNMENT (  '', '', ( #7586 ) ) ;
#6225 = COLOUR_RGB ( '',0.3176470588235293935, 0.2470588235294117752, 0.2078431372549019440 ) ;
#6226 = CARTESIAN_POINT ( 'NONE',  ( 0.04999999999999796274, -1.000000000000000000, -3.760000000000031761 ) ) ;
#6227 = DIRECTION ( 'NONE',  ( -0.000000000000000000, -1.000000000000000000, -0.000000000000000000 ) ) ;
#6228 =( NAMED_UNIT ( * ) PLANE_ANGLE_UNIT ( ) SI_UNIT ( $, .RADIAN. ) );
#6229 = EDGE_CURVE ( 'NONE', #1668, #5360, #7917, .T. ) ;
#6230 = CARTESIAN_POINT ( 'NONE',  ( 6.124999999999999112, 4.069999999999999396, -4.684999999999999609 ) ) ;
#6231 = CARTESIAN_POINT ( 'NONE',  ( 5.049999999999997158, -1.000000000000000000, -3.860000000000031406 ) ) ;
#6232 =( GEOMETRIC_REPRESENTATION_CONTEXT ( 3 ) GLOBAL_UNCERTAINTY_ASSIGNED_CONTEXT ( ( #6782 ) ) GLOBAL_UNIT_ASSIGNED_CONTEXT ( ( #7212, #2847, #8954 ) ) REPRESENTATION_CONTEXT ( 'NONE', 'WORKASPACE' ) );
#6233 = DIRECTION ( 'NONE',  ( -1.000000000000000000, 0.000000000000000000, 0.000000000000000000 ) ) ;
#6234 = DIRECTION ( 'NONE',  ( 0.000000000000000000, -0.000000000000000000, 1.000000000000000000 ) ) ;
#6235 = STYLED_ITEM ( 'NONE', ( #2373 ), #1709 ) ;
#6236 = VECTOR ( 'NONE', #2962, 1000.000000000000000 ) ;
#6237 =( LENGTH_UNIT ( ) NAMED_UNIT ( * ) SI_UNIT ( .MILLI., .METRE. ) );
#6238 = SURFACE_SIDE_STYLE ('',( #443 ) ) ;
#6239 = DIRECTION ( 'NONE',  ( 0.7071067811865475727, -0.000000000000000000, 0.7071067811865475727 ) ) ;
#6240 = COLOUR_RGB ( '',0.7921568627450980005, 0.8196078431372548767, 0.9333333333333333481 ) ;
#6241 = ORIENTED_EDGE ( 'NONE', *, *, #6229, .T. ) ;
#6242 = DIRECTION ( 'NONE',  ( 0.000000000000000000, -0.000000000000000000, 1.000000000000000000 ) ) ;
#6243 = COLOUR_RGB ( '',0.3176470588235293935, 0.2470588235294117752, 0.2078431372549019440 ) ;
#6244 = FILL_AREA_STYLE_COLOUR ( '', #5246 ) ;
#6245 = DIRECTION ( 'NONE',  ( -1.000000000000000000, -0.000000000000000000, -0.000000000000000000 ) ) ;
#6246 = ORIENTED_EDGE ( 'NONE', *, *, #5721, .T. ) ;
#6247 = EDGE_CURVE ( 'NONE', #8556, #3290, #8881, .T. ) ;
#6248 = UNCERTAINTY_MEASURE_WITH_UNIT (LENGTH_MEASURE( 1.000000000000000082E-05 ), #13, 'distance_accuracy_value', 'NONE');
#6249 = MECHANICAL_DESIGN_GEOMETRIC_PRESENTATION_REPRESENTATION (  '', ( #2347 ), #3897 ) ;
#6250 =( NAMED_UNIT ( * ) SI_UNIT ( $, .STERADIAN. ) SOLID_ANGLE_UNIT ( ) );
#6251 = CARTESIAN_POINT ( 'NONE',  ( 2.820000000000000284, 10.06999999999999851, 3.490000000000034852 ) ) ;
#6252 = PRESENTATION_STYLE_ASSIGNMENT (( #364 ) ) ;
#6253 = COLOUR_RGB ( '',0.3176470588235293935, 0.2470588235294117752, 0.2078431372549019440 ) ;
#6254 = FILL_AREA_STYLE_COLOUR ( '', #5544 ) ;
#6255 =( NAMED_UNIT ( * ) PLANE_ANGLE_UNIT ( ) SI_UNIT ( $, .RADIAN. ) );
#6256 = VERTEX_POINT ( 'NONE', #8148 ) ;
#6257 = ORIENTED_EDGE ( 'NONE', *, *, #4181, .F. ) ;
#6258 = CARTESIAN_POINT ( 'NONE',  ( 0.8749999999999990008, 4.069999999999999396, 4.935000000000004050 ) ) ;
#6259 = MECHANICAL_DESIGN_GEOMETRIC_PRESENTATION_REPRESENTATION (  '', ( #8664 ), #98 ) ;
#6260 =( NAMED_UNIT ( * ) PLANE_ANGLE_UNIT ( ) SI_UNIT ( $, .RADIAN. ) );
#6261 = EDGE_LOOP ( 'NONE', ( #5041, #3389, #5026, #6964 ) ) ;
#6262 = AXIS2_PLACEMENT_3D ( 'NONE', #7062, #618, #9313 ) ;
#6263 = AXIS2_PLACEMENT_3D ( 'NONE', #1289, #8587, #1987 ) ;
#6264 = FILL_AREA_STYLE ('',( #3257 ) ) ;
#6265 = ORIENTED_EDGE ( 'NONE', *, *, #5607, .F. ) ;
#6266 = DIRECTION ( 'NONE',  ( -2.478176394252582127E-16, 0.000000000000000000, -1.000000000000000000 ) ) ;
#6267 = FILL_AREA_STYLE_COLOUR ( '', #8352 ) ;
#6268 = LINE ( 'NONE', #6975, #90 ) ;
#6269 = EDGE_CURVE ( 'NONE', #4730, #1620, #4144, .T. ) ;
#6270 = UNCERTAINTY_MEASURE_WITH_UNIT (LENGTH_MEASURE( 1.000000000000000082E-05 ), #5293, 'distance_accuracy_value', 'NONE');
#6271 = CARTESIAN_POINT ( 'NONE',  ( -0.3200000000000008393, 10.06999999999999851, -3.489999999999965574 ) ) ;
#6272 = PRESENTATION_STYLE_ASSIGNMENT (( #8501 ) ) ;
#6273 = DIRECTION ( 'NONE',  ( 0.000000000000000000, 0.000000000000000000, 1.000000000000000000 ) ) ;
#6274 = CARTESIAN_POINT ( 'NONE',  ( 2.676776695296634312, 0.000000000000000000, -3.986776695296669448 ) ) ;
#6275 = CARTESIAN_POINT ( 'NONE',  ( -0.8750000000000007772, 4.069999999999999396, 4.935000000000004050 ) ) ;
#6276 = STYLED_ITEM ( 'NONE', ( #6982 ), #322 ) ;
#6277 = CIRCLE ( 'NONE', #4704, 0.2500000000000002220 ) ;
#6278 = CARTESIAN_POINT ( 'NONE',  ( -0.8750000000000005551, 4.069999999999999396, -2.685000000000000497 ) ) ;
#6279 = DIRECTION ( 'NONE',  ( -0.000000000000000000, -1.000000000000000000, -0.000000000000000000 ) ) ;
#6280 = FILL_AREA_STYLE_COLOUR ( '', #2634 ) ;
#6281 = FACE_OUTER_BOUND ( 'NONE', #319, .T. ) ;
#6282 = VERTEX_POINT ( 'NONE', #7111 ) ;
#6283 = ADVANCED_FACE ( 'NONE', ( #521 ), #7863, .F. ) ;
#6284 = FACE_OUTER_BOUND ( 'NONE', #5163, .T. ) ;
#6285 = DIRECTION ( 'NONE',  ( -0.1247869418429880251, -0.9843050534722198597, -0.1247869418429880251 ) ) ;
#6286 = CARTESIAN_POINT ( 'NONE',  ( 4.124999999999999112, 1.570000000000000062, -2.685000000000000497 ) ) ;
#6287 = ORIENTED_EDGE ( 'NONE', *, *, #498, .T. ) ;
#6288 = EDGE_CURVE ( 'NONE', #4958, #601, #7162, .T. ) ;
#6289 = SURFACE_SIDE_STYLE ('',( #5586 ) ) ;
#6290 = SURFACE_SIDE_STYLE ('',( #9191 ) ) ;
#6291 = SURFACE_STYLE_USAGE ( .BOTH. , #1913 ) ;
#6292 = FACE_OUTER_BOUND ( 'NONE', #5266, .T. ) ;
#6293 = DIRECTION ( 'NONE',  ( -0.000000000000000000, -1.000000000000000000, -0.000000000000000000 ) ) ;
#6294 = ORIENTED_EDGE ( 'NONE', *, *, #7600, .T. ) ;
#6295 = ORIENTED_EDGE ( 'NONE', *, *, #3239, .F. ) ;
#6296 = CARTESIAN_POINT ( 'NONE',  ( -2.676776695296638753, 0.000000000000000000, 3.633223304703332435 ) ) ;
#6297 = UNCERTAINTY_MEASURE_WITH_UNIT (LENGTH_MEASURE( 1.000000000000000082E-05 ), #2088, 'distance_accuracy_value', 'NONE');
#6298 = FACE_OUTER_BOUND ( 'NONE', #5157, .T. ) ;
#6299 = DIRECTION ( 'NONE',  ( 0.000000000000000000, 0.000000000000000000, -1.000000000000000000 ) ) ;
#6300 = ORIENTED_EDGE ( 'NONE', *, *, #8189, .T. ) ;
#6301 = CARTESIAN_POINT ( 'NONE',  ( 3.624999999999998668, 1.570000000000000062, 2.935000000000003606 ) ) ;
#6302 = PRESENTATION_STYLE_ASSIGNMENT (( #2680 ) ) ;
#6303 = PLANE ( 'NONE',  #5242 ) ;
#6304 = CARTESIAN_POINT ( 'NONE',  ( -2.450000000000001954, -1.000000000000000000, -3.860000000000031406 ) ) ;
#6305 = CARTESIAN_POINT ( 'NONE',  ( -2.364889971370031763, 0.000000000000000000, 3.591556638036664584 ) ) ;
#6306 = ORIENTED_EDGE ( 'NONE', *, *, #4409, .T. ) ;
#6307 = FILL_AREA_STYLE_COLOUR ( '', #250 ) ;
#6308 = PRESENTATION_STYLE_ASSIGNMENT (( #1223 ) ) ;
#6309 =( NAMED_UNIT ( * ) PLANE_ANGLE_UNIT ( ) SI_UNIT ( $, .RADIAN. ) );
#6310 = DIRECTION ( 'NONE',  ( -0.000000000000000000, -0.000000000000000000, -1.000000000000000000 ) ) ;
#6311 = CARTESIAN_POINT ( 'NONE',  ( -2.550000000000002487, -1.000000000000000000, -3.860000000000031406 ) ) ;
#6312 = STYLED_ITEM ( 'NONE', ( #1573 ), #5818 ) ;
#6313 = CARTESIAN_POINT ( 'NONE',  ( 4.823223304703359915, 0.000000000000000000, -3.986776695296667672 ) ) ;
#6314 =( LENGTH_UNIT ( ) NAMED_UNIT ( * ) SI_UNIT ( .MILLI., .METRE. ) );
#6315 =( GEOMETRIC_REPRESENTATION_CONTEXT ( 3 ) GLOBAL_UNCERTAINTY_ASSIGNED_CONTEXT ( ( #1526 ) ) GLOBAL_UNIT_ASSIGNED_CONTEXT ( ( #3685, #3937, #7512 ) ) REPRESENTATION_CONTEXT ( 'NONE', 'WORKASPACE' ) );
#6316 = DIRECTION ( 'NONE',  ( 0.000000000000000000, -1.000000000000000000, 0.000000000000000000 ) ) ;
#6317 = FILL_AREA_STYLE ('',( #6417 ) ) ;
#6318 = ORIENTED_EDGE ( 'NONE', *, *, #2815, .F. ) ;
#6319 =( LENGTH_UNIT ( ) NAMED_UNIT ( * ) SI_UNIT ( .MILLI., .METRE. ) );
#6320 = DIRECTION ( 'NONE',  ( -1.000000000000000000, 0.000000000000000000, -0.000000000000000000 ) ) ;
#6321 = VERTEX_POINT ( 'NONE', #6445 ) ;
#6322 = FILL_AREA_STYLE_COLOUR ( '', #4190 ) ;
#6323 = SURFACE_STYLE_FILL_AREA ( #8469 ) ;
#6324 =( GEOMETRIC_REPRESENTATION_CONTEXT ( 3 ) GLOBAL_UNCERTAINTY_ASSIGNED_CONTEXT ( ( #3016 ) ) GLOBAL_UNIT_ASSIGNED_CONTEXT ( ( #2576, #8527, #4687 ) ) REPRESENTATION_CONTEXT ( 'NONE', 'WORKASPACE' ) );
#6325 = CARTESIAN_POINT ( 'NONE',  ( 5.016666666666665719, -1.000000000000000000, 3.859999999999967901 ) ) ;
#6326 = DIRECTION ( 'NONE',  ( -0.1247869418429888855, 0.9843050534722199707, 0.1247869418429863320 ) ) ;
#6327 = PRESENTATION_STYLE_ASSIGNMENT (( #4180 ) ) ;
#6328 = EDGE_CURVE ( 'NONE', #2437, #5949, #9310, .T. ) ;
#6329 = DIRECTION ( 'NONE',  ( 0.000000000000000000, -0.000000000000000000, -1.000000000000000000 ) ) ;
#6330 = ORIENTED_EDGE ( 'NONE', *, *, #287, .F. ) ;
#6331 = VECTOR ( 'NONE', #1644, 1000.000000000000000 ) ;
#6332 = DIRECTION ( 'NONE',  ( -0.000000000000000000, -1.000000000000000000, -0.000000000000000000 ) ) ;
#6333 = ORIENTED_EDGE ( 'NONE', *, *, #8226, .F. ) ;
#6334 =( LENGTH_UNIT ( ) NAMED_UNIT ( * ) SI_UNIT ( .MILLI., .METRE. ) );
#6335 = AXIS2_PLACEMENT_3D ( 'NONE', #7261, #7133, #5086 ) ;
#6336 = UNCERTAINTY_MEASURE_WITH_UNIT (LENGTH_MEASURE( 1.000000000000000082E-05 ), #3007, 'distance_accuracy_value', 'NONE');
#6337 = SURFACE_STYLE_FILL_AREA ( #2575 ) ;
#6338 = PRESENTATION_LAYER_ASSIGNMENT (  '', '', ( #9342 ) ) ;
#6339 =( NAMED_UNIT ( * ) PLANE_ANGLE_UNIT ( ) SI_UNIT ( $, .RADIAN. ) );
#6340 = AXIS2_PLACEMENT_3D ( 'NONE', #5806, #9298, #2722 ) ;
#6341 = VERTEX_POINT ( 'NONE', #6251 ) ;
#6342 = DIRECTION ( 'NONE',  ( 1.000000000000000000, 0.000000000000000000, -0.000000000000000000 ) ) ;
#6343 = SURFACE_SIDE_STYLE ('',( #5696 ) ) ;
#6344 = CARTESIAN_POINT ( 'NONE',  ( -0.8750000000000007772, 4.069999999999999396, -4.935000000000000497 ) ) ;
#6345 = ORIENTED_EDGE ( 'NONE', *, *, #9042, .T. ) ;
#6346 = AXIS2_PLACEMENT_3D ( 'NONE', #3333, #4129, #4759 ) ;
#6347 = AXIS2_PLACEMENT_3D ( 'NONE', #6439, #7722, #8612 ) ;
#6348 = DIRECTION ( 'NONE',  ( 1.000000000000000000, 0.000000000000000000, -0.000000000000000000 ) ) ;
#6349 = PLANE ( 'NONE',  #6075 ) ;
#6350 = VECTOR ( 'NONE', #5630, 1000.000000000000000 ) ;
#6351 =( GEOMETRIC_REPRESENTATION_CONTEXT ( 3 ) GLOBAL_UNCERTAINTY_ASSIGNED_CONTEXT ( ( #4359 ) ) GLOBAL_UNIT_ASSIGNED_CONTEXT ( ( #8907, #4650, #8999 ) ) REPRESENTATION_CONTEXT ( 'NONE', 'WORKASPACE' ) );
#6352 = CARTESIAN_POINT ( 'NONE',  ( -4.781556638036698281, 5.934118613483520401E-19, 3.945110028629938537 ) ) ;
#6353 = CARTESIAN_POINT ( 'NONE',  ( -1.625000000000001110, 1.570000000000000062, 2.684999999999986287 ) ) ;
#6354 = VECTOR ( 'NONE', #7893, 1000.000000000000000 ) ;
#6355 = CARTESIAN_POINT ( 'NONE',  ( -0.3199999999999991185, 4.069999999999999396, 3.490000000000034852 ) ) ;
#6356 = SURFACE_STYLE_FILL_AREA ( #8500 ) ;
#6357 = FILL_AREA_STYLE_COLOUR ( '', #3588 ) ;
#6358 = FILL_AREA_STYLE ('',( #5563 ) ) ;
#6359 = MECHANICAL_DESIGN_GEOMETRIC_PRESENTATION_REPRESENTATION (  '', ( #7266 ), #8200 ) ;
#6360 = PRESENTATION_STYLE_ASSIGNMENT (( #9274 ) ) ;
#6361 =( GEOMETRIC_REPRESENTATION_CONTEXT ( 3 ) GLOBAL_UNCERTAINTY_ASSIGNED_CONTEXT ( ( #1462 ) ) GLOBAL_UNIT_ASSIGNED_CONTEXT ( ( #6922, #6228, #4985 ) ) REPRESENTATION_CONTEXT ( 'NONE', 'WORKASPACE' ) );
#6362 = CARTESIAN_POINT ( 'NONE',  ( 4.680000000000000604, 4.069999999999999396, 3.490000000000034852 ) ) ;
#6363 = CARTESIAN_POINT ( 'NONE',  ( 10.00000000000000000, 10.06999999999999851, 0.000000000000000000 ) ) ;
#6364 = PRESENTATION_STYLE_ASSIGNMENT (( #3311 ) ) ;
#6365 =( GEOMETRIC_REPRESENTATION_CONTEXT ( 3 ) GLOBAL_UNCERTAINTY_ASSIGNED_CONTEXT ( ( #2202 ) ) GLOBAL_UNIT_ASSIGNED_CONTEXT ( ( #8580, #5522, #8457 ) ) REPRESENTATION_CONTEXT ( 'NONE', 'WORKASPACE' ) );
#6366 = MECHANICAL_DESIGN_GEOMETRIC_PRESENTATION_REPRESENTATION (  '', ( #7876 ), #7577 ) ;
#6367 =( NAMED_UNIT ( * ) PLANE_ANGLE_UNIT ( ) SI_UNIT ( $, .RADIAN. ) );
#6368 = CARTESIAN_POINT ( 'NONE',  ( 7.500000000000000000, 10.06999999999999851, 0.000000000000000000 ) ) ;
#6369 = DIRECTION ( 'NONE',  ( -0.000000000000000000, 1.000000000000000000, 0.000000000000000000 ) ) ;
#6370 =( NAMED_UNIT ( * ) SI_UNIT ( $, .STERADIAN. ) SOLID_ANGLE_UNIT ( ) );
#6371 = VECTOR ( 'NONE', #9043, 1000.000000000000000 ) ;
#6372 = VECTOR ( 'NONE', #4809, 1000.000000000000000 ) ;
#6373 = EDGE_LOOP ( 'NONE', ( #8075, #2911, #2139, #6393 ) ) ;
#6374 = SURFACE_STYLE_USAGE ( .BOTH. , #8518 ) ;
#6375 = COLOUR_RGB ( '',0.2980392156862745057, 0.2980392156862745057, 0.2980392156862745057 ) ;
#6376 = PRESENTATION_STYLE_ASSIGNMENT (( #8519 ) ) ;
#6377 =( GEOMETRIC_REPRESENTATION_CONTEXT ( 3 ) GLOBAL_UNCERTAINTY_ASSIGNED_CONTEXT ( ( #2100 ) ) GLOBAL_UNIT_ASSIGNED_CONTEXT ( ( #9315, #438, #1895 ) ) REPRESENTATION_CONTEXT ( 'NONE', 'WORKASPACE' ) );
#6378 = CARTESIAN_POINT ( 'NONE',  ( 0.8749999999999990008, 4.069999999999999396, 2.685000000000003606 ) ) ;
#6379 = ORIENTED_EDGE ( 'NONE', *, *, #5381, .T. ) ;
#6380 = FILL_AREA_STYLE ('',( #7086 ) ) ;
#6381 = CARTESIAN_POINT ( 'NONE',  ( -4.864889971370033095, 0.000000000000000000, -4.028443361963335967 ) ) ;
#6382 = EDGE_CURVE ( 'NONE', #714, #5202, #3056, .T. ) ;
#6383 = SURFACE_STYLE_FILL_AREA ( #2620 ) ;
#6384 = ORIENTED_EDGE ( 'NONE', *, *, #938, .T. ) ;
#6385 =( NAMED_UNIT ( * ) PLANE_ANGLE_UNIT ( ) SI_UNIT ( $, .RADIAN. ) );
#6386 = ORIENTED_EDGE ( 'NONE', *, *, #3276, .F. ) ;
#6387 = SURFACE_STYLE_FILL_AREA ( #9202 ) ;
#6388 = EDGE_CURVE ( 'NONE', #7981, #5969, #5355, .T. ) ;
#6389 = ADVANCED_FACE ( 'NONE', ( #7565 ), #9438, .T. ) ;
#6390 = VECTOR ( 'NONE', #6446, 1000.000000000000000 ) ;
#6391 =( NAMED_UNIT ( * ) SI_UNIT ( $, .STERADIAN. ) SOLID_ANGLE_UNIT ( ) );
#6392 = DIRECTION ( 'NONE',  ( -0.000000000000000000, -1.000000000000000000, -0.000000000000000000 ) ) ;
#6393 = ORIENTED_EDGE ( 'NONE', *, *, #531, .F. ) ;
#6394 = EDGE_CURVE ( 'NONE', #9019, #8223, #8337, .T. ) ;
#6395 = CARTESIAN_POINT ( 'NONE',  ( 2.386611652351678270, -0.5000000000000000000, -3.696611652351713406 ) ) ;
#6396 = CARTESIAN_POINT ( 'NONE',  ( -3.875000000000000888, 1.570000000000000062, 4.684999999999968523 ) ) ;
#6397 = CARTESIAN_POINT ( 'NONE',  ( -2.676776695296638753, 0.000000000000000000, 3.633223304703332435 ) ) ;
#6398 = VERTEX_POINT ( 'NONE', #6763 ) ;
#6399 = DIRECTION ( 'NONE',  ( 0.1247869418429880528, -0.9843050534722200817, 0.1247869418429867622 ) ) ;
#6400 = EDGE_CURVE ( 'NONE', #3382, #6628, #3191, .T. ) ;
#6401 = LINE ( 'NONE', #9263, #7584 ) ;
#6402 = CARTESIAN_POINT ( 'NONE',  ( -4.781556638036697393, 5.934118613483520401E-19, 3.674889971369997621 ) ) ;
#6403 = EDGE_CURVE ( 'NONE', #2923, #7491, #5307, .T. ) ;
#6404 = PRESENTATION_STYLE_ASSIGNMENT (( #5706 ) ) ;
#6405 = CARTESIAN_POINT ( 'NONE',  ( 0.8749999999999990008, 1.570000000000000062, -4.935000000000000497 ) ) ;
#6406 = MECHANICAL_DESIGN_GEOMETRIC_PRESENTATION_REPRESENTATION (  '', ( #1907 ), #2663 ) ;
#6407 = FACE_OUTER_BOUND ( 'NONE', #8257, .T. ) ;
#6408 = STYLED_ITEM ( 'NONE', ( #483 ), #7487 ) ;
#6409 = SURFACE_STYLE_FILL_AREA ( #6358 ) ;
#6410 = CARTESIAN_POINT ( 'NONE',  ( 4.124999999999999112, 4.069999999999999396, 4.935000000000004050 ) ) ;
#6411 = DIRECTION ( 'NONE',  ( 0.000000000000000000, 0.000000000000000000, -1.000000000000000000 ) ) ;
#6412 = VECTOR ( 'NONE', #1080, 1000.000000000000000 ) ;
#6413 = SURFACE_STYLE_FILL_AREA ( #4073 ) ;
#6414 = MECHANICAL_DESIGN_GEOMETRIC_PRESENTATION_REPRESENTATION (  '', ( #2669 ), #3614 ) ;
#6415 = EDGE_CURVE ( 'NONE', #6425, #8288, #4617, .T. ) ;
#6416 = SURFACE_STYLE_USAGE ( .BOTH. , #2658 ) ;
#6417 = FILL_AREA_STYLE_COLOUR ( '', #628 ) ;
#6418 =( NAMED_UNIT ( * ) SI_UNIT ( $, .STERADIAN. ) SOLID_ANGLE_UNIT ( ) );
#6419 = EDGE_CURVE ( 'NONE', #1631, #3547, #6854, .T. ) ;
#6420 = SURFACE_STYLE_USAGE ( .BOTH. , #590 ) ;
#6422 = AXIS2_PLACEMENT_3D ( 'NONE', #3939, #1064, #5347 ) ;
#6421 = LINE ( 'NONE', #7881, #2525 ) ;
#6423 = SURFACE_STYLE_FILL_AREA ( #8641 ) ;
#6424 = FILL_AREA_STYLE ('',( #6599 ) ) ;
#6425 = VERTEX_POINT ( 'NONE', #313 ) ;
#6426 = MECHANICAL_DESIGN_GEOMETRIC_PRESENTATION_REPRESENTATION (  '', ( #1925 ), #9277 ) ;
#6427 = PRESENTATION_STYLE_ASSIGNMENT (( #6374 ) ) ;
#6428 = CARTESIAN_POINT ( 'NONE',  ( -1.125000000000000888, 4.069999999999999396, 4.685000000000003162 ) ) ;
#6429 = ORIENTED_EDGE ( 'NONE', *, *, #1253, .T. ) ;
#6430 = CARTESIAN_POINT ( 'NONE',  ( 2.676776695296634312, 0.000000000000000000, -3.986776695296669448 ) ) ;
#6431 = DIRECTION ( 'NONE',  ( 0.000000000000000000, -1.000000000000000000, 0.000000000000000000 ) ) ;
#6432 = ORIENTED_EDGE ( 'NONE', *, *, #1952, .F. ) ;
#6433 = VERTEX_POINT ( 'NONE', #3110 ) ;
#6434 = FILL_AREA_STYLE ('',( #5645 ) ) ;
#6435 = CARTESIAN_POINT ( 'NONE',  ( 0.000000000000000000, 4.069999999999999396, 0.000000000000000000 ) ) ;
#6436 = CARTESIAN_POINT ( 'NONE',  ( 7.619999999999998330, 1.570000000000000062, -6.349999999999997868 ) ) ;
#6437 = EDGE_LOOP ( 'NONE', ( #1030, #3816, #1121, #3912 ) ) ;
#6438 =( LENGTH_UNIT ( ) NAMED_UNIT ( * ) SI_UNIT ( .MILLI., .METRE. ) );
#6439 = CARTESIAN_POINT ( 'NONE',  ( -1.734723475976807094E-15, 0.000000000000000000, -3.810000000000031140 ) ) ;
#6440 = ORIENTED_EDGE ( 'NONE', *, *, #4684, .T. ) ;
#6441 = FACE_OUTER_BOUND ( 'NONE', #8351, .T. ) ;
#6442 = ORIENTED_EDGE ( 'NONE', *, *, #6742, .T. ) ;
#6443 = EDGE_CURVE ( 'NONE', #1296, #324, #6108, .T. ) ;
#6444 = FILL_AREA_STYLE_COLOUR ( '', #4021 ) ;
#6445 = CARTESIAN_POINT ( 'NONE',  ( 4.823223304703359027, 0.000000000000000000, -3.633223304703395939 ) ) ;
#6446 = DIRECTION ( 'NONE',  ( -1.000000000000000000, -0.000000000000000000, -0.000000000000000000 ) ) ;
#6447 =( LENGTH_UNIT ( ) NAMED_UNIT ( * ) SI_UNIT ( .MILLI., .METRE. ) );
#6448 = VERTEX_POINT ( 'NONE', #3945 ) ;
#6449 = EDGE_CURVE ( 'NONE', #7388, #6433, #3146, .T. ) ;
#6450 = FILL_AREA_STYLE_COLOUR ( '', #2017 ) ;
#6451 = CARTESIAN_POINT ( 'NONE',  ( -2.450000000000001954, -1.000000000000000000, -3.760000000000031761 ) ) ;
#6452 = ADVANCED_FACE ( 'NONE', ( #2528 ), #2848, .T. ) ;
#6453 = FACE_OUTER_BOUND ( 'NONE', #4234, .T. ) ;
#6454 =( LENGTH_UNIT ( ) NAMED_UNIT ( * ) SI_UNIT ( .MILLI., .METRE. ) );
#6455 = SURFACE_SIDE_STYLE ('',( #3472 ) ) ;
#6456 = CARTESIAN_POINT ( 'NONE',  ( -2.676776695296639641, 0.000000000000000000, -3.986776695296667672 ) ) ;
#6457 = CARTESIAN_POINT ( 'NONE',  ( -5.319999999999999396, 10.06999999999999851, 4.130000000000034532 ) ) ;
#6458 = CARTESIAN_POINT ( 'NONE',  ( 2.819999999999998508, 10.06999999999999851, -4.129999999999965254 ) ) ;
#6459 = ORIENTED_EDGE ( 'NONE', *, *, #7378, .T. ) ;
#6460 = MECHANICAL_DESIGN_GEOMETRIC_PRESENTATION_REPRESENTATION (  '', ( #4744 ), #4037 ) ;
#6461 = CARTESIAN_POINT ( 'NONE',  ( -3.625000000000000444, 4.069999999999999396, -2.934999999999982734 ) ) ;
#6462 =( NAMED_UNIT ( * ) PLANE_ANGLE_UNIT ( ) SI_UNIT ( $, .RADIAN. ) );
#6463 = VERTEX_POINT ( 'NONE', #7000 ) ;
#6464 = DIRECTION ( 'NONE',  ( -1.000000000000000000, -0.000000000000000000, -0.000000000000000000 ) ) ;
#6465 =( NAMED_UNIT ( * ) SI_UNIT ( $, .STERADIAN. ) SOLID_ANGLE_UNIT ( ) );
#6466 = ORIENTED_EDGE ( 'NONE', *, *, #3995, .F. ) ;
#6467 = CARTESIAN_POINT ( 'NONE',  ( 0.8749999999999990008, 1.570000000000000062, 4.935000000000004050 ) ) ;
#6468 = VERTEX_POINT ( 'NONE', #410 ) ;
#6469 = DIRECTION ( 'NONE',  ( 0.7071067811865472397, 0.000000000000000000, 0.7071067811865479058 ) ) ;
#6470 =( GEOMETRIC_REPRESENTATION_CONTEXT ( 3 ) GLOBAL_UNCERTAINTY_ASSIGNED_CONTEXT ( ( #8144 ) ) GLOBAL_UNIT_ASSIGNED_CONTEXT ( ( #962, #3170, #7783 ) ) REPRESENTATION_CONTEXT ( 'NONE', 'WORKASPACE' ) );
#6471 = CARTESIAN_POINT ( 'NONE',  ( -2.250000000000002220, 0.000000000000000000, -3.879035593728881182 ) ) ;
#6472 = LINE ( 'NONE', #3398, #28 ) ;
#6473 = EDGE_LOOP ( 'NONE', ( #8053, #8524, #1585, #2475 ) ) ;
#6474 = CARTESIAN_POINT ( 'NONE',  ( -4.125000000000000888, 1.570000000000000062, 2.684999999999968523 ) ) ;
#6475 = FILL_AREA_STYLE_COLOUR ( '', #2297 ) ;
#6476 = UNCERTAINTY_MEASURE_WITH_UNIT (LENGTH_MEASURE( 1.000000000000000082E-05 ), #1132, 'distance_accuracy_value', 'NONE');
#6477 = LINE ( 'NONE', #7156, #2903 ) ;
#6478 = EDGE_LOOP ( 'NONE', ( #7209, #3904, #7237, #4505 ) ) ;
#6479 = PLANE ( 'NONE',  #5117 ) ;
#6480 = AXIS2_PLACEMENT_3D ( 'NONE', #4749, #1199, #2560 ) ;
#6481 = ORIENTED_EDGE ( 'NONE', *, *, #568, .T. ) ;
#6482 = CARTESIAN_POINT ( 'NONE',  ( 1.374999999999999334, 4.069999999999999396, -4.684999999999999609 ) ) ;
#6483 = VECTOR ( 'NONE', #5254, 999.9999999999998863 ) ;
#6484 = LINE ( 'NONE', #5764, #5462 ) ;
#6485 = DIRECTION ( 'NONE',  ( 0.7071067811865474617, 0.000000000000000000, -0.7071067811865474617 ) ) ;
#6486 = VERTEX_POINT ( 'NONE', #7039 ) ;
#6487 = SURFACE_STYLE_USAGE ( .BOTH. , #4297 ) ;
#6488 = FILL_AREA_STYLE_COLOUR ( '', #2036 ) ;
#6489 = DIRECTION ( 'NONE',  ( -0.7071067811865479058, 0.000000000000000000, 0.7071067811865472397 ) ) ;
#6490 = ORIENTED_EDGE ( 'NONE', *, *, #3585, .F. ) ;
#6491 = EDGE_CURVE ( 'NONE', #1582, #2356, #5532, .T. ) ;
#6492 = COLOUR_RGB ( '',0.3176470588235293935, 0.2470588235294117752, 0.2078431372549019440 ) ;
#6493 = UNCERTAINTY_MEASURE_WITH_UNIT (LENGTH_MEASURE( 1.000000000000000082E-05 ), #3495, 'distance_accuracy_value', 'NONE');
#6494 = FILL_AREA_STYLE ('',( #5129 ) ) ;
#6495 = CARTESIAN_POINT ( 'NONE',  ( -6.125000000000000000, 4.069999999999999396, -2.934999999999964970 ) ) ;
#6496 = STYLED_ITEM ( 'NONE', ( #5537 ), #9442 ) ;
#6497 = VECTOR ( 'NONE', #4582, 1000.000000000000000 ) ;
#6498 = CARTESIAN_POINT ( 'NONE',  ( -3.625000000000000444, 1.570000000000000062, -4.684999999999982734 ) ) ;
#6499 = EDGE_CURVE ( 'NONE', #939, #2252, #2612, .T. ) ;
#6500 = ADVANCED_FACE ( 'NONE', ( #5635 ), #3435, .F. ) ;
#6501 = AXIS2_PLACEMENT_3D ( 'NONE', #2940, #4353, #2791 ) ;
#6502 = DIRECTION ( 'NONE',  ( -0.000000000000000000, -1.000000000000000000, -0.000000000000000000 ) ) ;
#6503 = CARTESIAN_POINT ( 'NONE',  ( 5.049999999999998934, -1.000000000000000000, 3.859999999999968345 ) ) ;
#6504 = CARTESIAN_POINT ( 'NONE',  ( 2.364889971370026434, 0.000000000000000000, 4.028443361963271130 ) ) ;
#6505 = ADVANCED_FACE ( 'NONE', ( #5143 ), #5885, .F. ) ;
#6506 = LINE ( 'NONE', #3525, #7547 ) ;
#6507 = ORIENTED_EDGE ( 'NONE', *, *, #928, .F. ) ;
#6508 = CLOSED_SHELL ( 'NONE', ( #4302, #1273, #151, #8610, #8932, #6983 ) ) ;
#6509 = VECTOR ( 'NONE', #2394, 1000.000000000000000 ) ;
#6510 = PRESENTATION_LAYER_ASSIGNMENT (  '', '', ( #827 ) ) ;
#6511 = SURFACE_SIDE_STYLE ('',( #843 ) ) ;
#6512 =( GEOMETRIC_REPRESENTATION_CONTEXT ( 3 ) GLOBAL_UNCERTAINTY_ASSIGNED_CONTEXT ( ( #2984 ) ) GLOBAL_UNIT_ASSIGNED_CONTEXT ( ( #7018, #3456, #7107 ) ) REPRESENTATION_CONTEXT ( 'NONE', 'WORKASPACE' ) );
#6513 = ORIENTED_EDGE ( 'NONE', *, *, #58, .F. ) ;
#6514 = STYLED_ITEM ( 'NONE', ( #8960 ), #1348 ) ;
#6515 = COLOUR_RGB ( '',0.3176470588235293935, 0.2470588235294117752, 0.2078431372549019440 ) ;
#6516 = ADVANCED_FACE ( 'NONE', ( #2965 ), #4319, .F. ) ;
#6517 = CARTESIAN_POINT ( 'NONE',  ( -4.125000000000000888, 4.069999999999999396, 4.934999999999968523 ) ) ;
#6518 =( LENGTH_UNIT ( ) NAMED_UNIT ( * ) SI_UNIT ( .MILLI., .METRE. ) );
#6519 = ORIENTED_EDGE ( 'NONE', *, *, #6443, .F. ) ;
#6520 = MECHANICAL_DESIGN_GEOMETRIC_PRESENTATION_REPRESENTATION (  '', ( #3091 ), #7882 ) ;
#6521 =( LENGTH_UNIT ( ) NAMED_UNIT ( * ) SI_UNIT ( .MILLI., .METRE. ) );
#6522 = PRESENTATION_LAYER_ASSIGNMENT (  '', '', ( #993 ) ) ;
#6523 = ORIENTED_EDGE ( 'NONE', *, *, #7497, .F. ) ;
#6524 = VECTOR ( 'NONE', #8627, 1000.000000000000000 ) ;
#6525 = STYLED_ITEM ( 'NONE', ( #4855 ), #5673 ) ;
#6526 =( NAMED_UNIT ( * ) PLANE_ANGLE_UNIT ( ) SI_UNIT ( $, .RADIAN. ) );
#6527 = FILL_AREA_STYLE_COLOUR ( '', #5952 ) ;
#6528 = CARTESIAN_POINT ( 'NONE',  ( 3.874999999999999112, 4.069999999999999396, 4.685000000000003162 ) ) ;
#6529 = ORIENTED_EDGE ( 'NONE', *, *, #9025, .T. ) ;
#6530 = MECHANICAL_DESIGN_GEOMETRIC_PRESENTATION_REPRESENTATION (  '', ( #1560 ), #5292 ) ;
#6531 = PLANE ( 'NONE',  #1258 ) ;
#6532 = PLANE ( 'NONE',  #2904 ) ;
#6533 = CARTESIAN_POINT ( 'NONE',  ( 2.449999999999998401, -1.000000000000000000, 3.759999999999968701 ) ) ;
#6534 = SURFACE_SIDE_STYLE ('',( #2828 ) ) ;
#6535 = ORIENTED_EDGE ( 'NONE', *, *, #1327, .T. ) ;
#6536 = LINE ( 'NONE', #7234, #1733 ) ;
#6537 = ORIENTED_EDGE ( 'NONE', *, *, #6970, .T. ) ;
#6538 = VECTOR ( 'NONE', #2890, 1000.000000000000114 ) ;
#6539 = UNCERTAINTY_MEASURE_WITH_UNIT (LENGTH_MEASURE( 1.000000000000000082E-05 ), #5132, 'distance_accuracy_value', 'NONE');
#6540 = FACE_OUTER_BOUND ( 'NONE', #6034, .T. ) ;
#6541 = CARTESIAN_POINT ( 'NONE',  ( 2.549999999999998490, -1.000000000000000000, 3.759999999999968701 ) ) ;
#6542 = VERTEX_POINT ( 'NONE', #7943 ) ;
#6543 = CARTESIAN_POINT ( 'NONE',  ( 3.374999999999999112, 4.069999999999999396, -2.685000000000000497 ) ) ;
#6544 = LINE ( 'NONE', #7924, #3702 ) ;
#6545 = DIRECTION ( 'NONE',  ( 0.000000000000000000, -0.000000000000000000, -1.000000000000000000 ) ) ;
#6546 = DIRECTION ( 'NONE',  ( 0.000000000000000000, 0.000000000000000000, 1.000000000000000000 ) ) ;
#6547 = PRESENTATION_LAYER_ASSIGNMENT (  '', '', ( #8231 ) ) ;
#6548 = UNCERTAINTY_MEASURE_WITH_UNIT (LENGTH_MEASURE( 1.000000000000000082E-05 ), #2543, 'distance_accuracy_value', 'NONE');
#6549 = VERTEX_POINT ( 'NONE', #6561 ) ;
#6550 = FILL_AREA_STYLE_COLOUR ( '', #3084 ) ;
#6551 = MECHANICAL_DESIGN_GEOMETRIC_PRESENTATION_REPRESENTATION (  '', ( #2818 ), #8525 ) ;
#6552 =( NAMED_UNIT ( * ) PLANE_ANGLE_UNIT ( ) SI_UNIT ( $, .RADIAN. ) );
#6553 = SURFACE_STYLE_FILL_AREA ( #4 ) ;
#6554 = DIRECTION ( 'NONE',  ( 1.000000000000000000, 0.000000000000000000, 0.000000000000000000 ) ) ;
#6555 = DIRECTION ( 'NONE',  ( -0.000000000000000000, -1.000000000000000000, -0.000000000000000000 ) ) ;
#6556 = FILL_AREA_STYLE_COLOUR ( '', #2779 ) ;
#6557 =( GEOMETRIC_REPRESENTATION_CONTEXT ( 3 ) GLOBAL_UNCERTAINTY_ASSIGNED_CONTEXT ( ( #356 ) ) GLOBAL_UNIT_ASSIGNED_CONTEXT ( ( #8875, #2968, #894 ) ) REPRESENTATION_CONTEXT ( 'NONE', 'WORKASPACE' ) );
#6558 = ORIENTED_EDGE ( 'NONE', *, *, #1379, .T. ) ;
#6559 = ORIENTED_EDGE ( 'NONE', *, *, #224, .F. ) ;
#6560 = EDGE_CURVE ( 'NONE', #5249, #7267, #7270, .T. ) ;
#6561 = CARTESIAN_POINT ( 'NONE',  ( 5.874999999999999112, 4.069999999999999396, 4.935000000000004050 ) ) ;
#6562 = VECTOR ( 'NONE', #8588, 1000.000000000000000 ) ;
#6563 = VECTOR ( 'NONE', #1939, 1000.000000000000000 ) ;
#6564 = ORIENTED_EDGE ( 'NONE', *, *, #4331, .T. ) ;
#6565 = FACE_OUTER_BOUND ( 'NONE', #9117, .T. ) ;
#6566 =( LENGTH_UNIT ( ) NAMED_UNIT ( * ) SI_UNIT ( .MILLI., .METRE. ) );
#6567 = ORIENTED_EDGE ( 'NONE', *, *, #5311, .T. ) ;
#6568 = EDGE_CURVE ( 'NONE', #5294, #6282, #9435, .T. ) ;
#6569 = PRESENTATION_LAYER_ASSIGNMENT (  '', '', ( #5166 ) ) ;
#6570 = AXIS2_PLACEMENT_3D ( 'NONE', #5197, #8139, #6606 ) ;
#6571 = ORIENTED_EDGE ( 'NONE', *, *, #3778, .T. ) ;
#6572 = FILL_AREA_STYLE ('',( #5205 ) ) ;
#6573 = LINE ( 'NONE', #5848, #6639 ) ;
#6574 = EDGE_LOOP ( 'NONE', ( #8345, #9401, #6001, #3616 ) ) ;
#6575 = CARTESIAN_POINT ( 'NONE',  ( 2.430964406271147737, 0.000000000000000000, 3.559999999999968967 ) ) ;
#6576 = DIRECTION ( 'NONE',  ( 0.000000000000000000, -1.000000000000000000, 0.000000000000000000 ) ) ;
#6577 = EDGE_LOOP ( 'NONE', ( #3725, #3790, #2860, #8103 ) ) ;
#6578 = UNCERTAINTY_MEASURE_WITH_UNIT (LENGTH_MEASURE( 1.000000000000000082E-05 ), #3766, 'distance_accuracy_value', 'NONE');
#6579 = CARTESIAN_POINT ( 'NONE',  ( -5.875000000000000888, 1.570000000000000062, -2.684999999999964970 ) ) ;
#6580 = B_SPLINE_SURFACE_WITH_KNOTS ( 'NONE', 3, 1, ( 
 ( #1947, #2886 ),
 ( #4303, #5075 ),
 ( #725, #8125 ),
 ( #8863, #6589 ),
 ( #7210, #1503 ),
 ( #9468, #822 ) ),
 .UNSPECIFIED., .F., .F., .F.,
 ( 4, 2, 4 ),
 ( 2, 2 ),
 ( 0.000000000000000000, 0.5000000000000000000, 1.000000000000000000 ),
 ( 0.000000000000000000, 1.000000000000000000 ),
 .UNSPECIFIED. ) ;
#6581 = EDGE_LOOP ( 'NONE', ( #3258, #3048, #3439, #2907 ) ) ;
#6582 = DIRECTION ( 'NONE',  ( -0.1247869418429880251, -0.9843050534722198597, -0.1247869418429880251 ) ) ;
#6583 = EDGE_LOOP ( 'NONE', ( #8663, #3151, #2298, #4631 ) ) ;
#6584 =( NAMED_UNIT ( * ) PLANE_ANGLE_UNIT ( ) SI_UNIT ( $, .RADIAN. ) );
#6585 = LINE ( 'NONE', #8718, #5176 ) ;
#6586 = PLANE ( 'NONE',  #8034 ) ;
#6587 = ORIENTED_EDGE ( 'NONE', *, *, #2124, .F. ) ;
#6588 = UNCERTAINTY_MEASURE_WITH_UNIT (LENGTH_MEASURE( 1.000000000000000082E-05 ), #8977, 'distance_accuracy_value', 'NONE');
#6589 = CARTESIAN_POINT ( 'NONE',  ( -2.550000000000002487, -1.000000000000000000, -3.826666666666698635 ) ) ;
#6590 = LINE ( 'NONE', #3572, #5429 ) ;
#6591 = ADVANCED_FACE ( 'NONE', ( #4270 ), #3747, .F. ) ;
#6592 =( NAMED_UNIT ( * ) PLANE_ANGLE_UNIT ( ) SI_UNIT ( $, .RADIAN. ) );
#6593 = DIRECTION ( 'NONE',  ( -0.7071067811865479058, -0.000000000000000000, -0.7071067811865472397 ) ) ;
#6594 = DIRECTION ( 'NONE',  ( 0.000000000000000000, 0.000000000000000000, 1.000000000000000000 ) ) ;
#6595 = DIRECTION ( 'NONE',  ( 0.000000000000000000, -0.000000000000000000, 1.000000000000000000 ) ) ;
#6596 = FILL_AREA_STYLE_COLOUR ( '', #5714 ) ;
#6597 = SURFACE_STYLE_USAGE ( .BOTH. , #1470 ) ;
#6598 = CARTESIAN_POINT ( 'NONE',  ( 3.874999999999999112, 4.069999999999999396, -4.684999999999999609 ) ) ;
#6599 = FILL_AREA_STYLE_COLOUR ( '', #4916 ) ;
#6600 = DIRECTION ( 'NONE',  ( 0.000000000000000000, -1.000000000000000000, 0.000000000000000000 ) ) ;
#6601 = ORIENTED_EDGE ( 'NONE', *, *, #5433, .F. ) ;
#6602 =( NAMED_UNIT ( * ) SI_UNIT ( $, .STERADIAN. ) SOLID_ANGLE_UNIT ( ) );
#6603 = FILL_AREA_STYLE ('',( #8833 ) ) ;
#6604 = CARTESIAN_POINT ( 'NONE',  ( -0.3199999999999991185, 10.06999999999999851, 4.130000000000034532 ) ) ;
#6605 = ORIENTED_EDGE ( 'NONE', *, *, #7365, .F. ) ;
#6606 = DIRECTION ( 'NONE',  ( 0.000000000000000000, 0.000000000000000000, 1.000000000000000000 ) ) ;
#6607 = LINE ( 'NONE', #4383, #6647 ) ;
#6608 = SURFACE_STYLE_FILL_AREA ( #642 ) ;
#6609 = EDGE_CURVE ( 'NONE', #5704, #1153, #4524, .T. ) ;
#6610 = PRESENTATION_LAYER_ASSIGNMENT (  '', '', ( #4744 ) ) ;
#6611 = ORIENTED_EDGE ( 'NONE', *, *, #3327, .F. ) ;
#6612 = FACE_OUTER_BOUND ( 'NONE', #2467, .T. ) ;
#6613 = VERTEX_POINT ( 'NONE', #7649 ) ;
#6614 = LINE ( 'NONE', #3698, #7736 ) ;
#6615 = CARTESIAN_POINT ( 'NONE',  ( 3.624999999999998668, 1.570000000000000062, -2.935000000000000053 ) ) ;
#6616 = PRESENTATION_LAYER_ASSIGNMENT (  '', '', ( #8583 ) ) ;
#6617 = CARTESIAN_POINT ( 'NONE',  ( 5.874999999999999112, 4.069999999999999396, -2.685000000000000497 ) ) ;
#6618 = ADVANCED_FACE ( 'NONE', ( #4605 ), #3011, .F. ) ;
#6619 = DIRECTION ( 'NONE',  ( 1.000000000000000000, 0.000000000000000000, -1.239088197126291063E-16 ) ) ;
#6620 = EDGE_LOOP ( 'NONE', ( #7057, #9286, #5030, #4332, #9011, #3646, #2384, #9007 ) ) ;
#6621 = CARTESIAN_POINT ( 'NONE',  ( 4.679999999999998828, 10.06999999999999851, -4.129999999999965254 ) ) ;
#6622 =( NAMED_UNIT ( * ) PLANE_ANGLE_UNIT ( ) SI_UNIT ( $, .RADIAN. ) );
#6623 = CARTESIAN_POINT ( 'NONE',  ( 5.049999999999997158, -1.000000000000000000, -3.826666666666699523 ) ) ;
#6624 = VERTEX_POINT ( 'NONE', #8281 ) ;
#6625 = VECTOR ( 'NONE', #7353, 1000.000000000000114 ) ;
#6626 =( NAMED_UNIT ( * ) SI_UNIT ( $, .STERADIAN. ) SOLID_ANGLE_UNIT ( ) );
#6627 = SURFACE_SIDE_STYLE ('',( #8710 ) ) ;
#6628 = VERTEX_POINT ( 'NONE', #3935 ) ;
#6629 = UNCERTAINTY_MEASURE_WITH_UNIT (LENGTH_MEASURE( 1.000000000000000082E-05 ), #253, 'distance_accuracy_value', 'NONE');
#6630 = CARTESIAN_POINT ( 'NONE',  ( 4.949999999999996625, -1.000000000000000000, -3.776666666666698369 ) ) ;
#6631 = VECTOR ( 'NONE', #3659, 1000.000000000000000 ) ;
#6632 = ORIENTED_EDGE ( 'NONE', *, *, #7963, .T. ) ;
#6633 = LINE ( 'NONE', #7244, #3767 ) ;
#6634 = FILL_AREA_STYLE ('',( #7967 ) ) ;
#6635 = DIRECTION ( 'NONE',  ( -0.7071067811865472397, -0.000000000000000000, -0.7071067811865479058 ) ) ;
#6636 = ORIENTED_EDGE ( 'NONE', *, *, #6419, .F. ) ;
#6637 = EDGE_CURVE ( 'NONE', #5685, #1828, #2465, .T. ) ;
#6638 = EDGE_CURVE ( 'NONE', #8167, #5955, #3886, .T. ) ;
#6639 = VECTOR ( 'NONE', #8606, 1000.000000000000000 ) ;
#6640 = PLANE ( 'NONE',  #2163 ) ;
#6641 = DIRECTION ( 'NONE',  ( 0.000000000000000000, 0.000000000000000000, 1.000000000000000000 ) ) ;
#6642 = AXIS2_PLACEMENT_3D ( 'NONE', #4623, #7570, #9016 ) ;
#6643 =( GEOMETRIC_REPRESENTATION_CONTEXT ( 3 ) GLOBAL_UNCERTAINTY_ASSIGNED_CONTEXT ( ( #5017 ) ) GLOBAL_UNIT_ASSIGNED_CONTEXT ( ( #707, #2060, #3603 ) ) REPRESENTATION_CONTEXT ( 'NONE', 'WORKASPACE' ) );
#6644 = CARTESIAN_POINT ( 'NONE',  ( 2.466666666666663676, -1.000000000000000000, -3.760000000000031761 ) ) ;
#6645 = LINE ( 'NONE', #54, #7623 ) ;
#6646 = FILL_AREA_STYLE_COLOUR ( '', #103 ) ;
#6647 = VECTOR ( 'NONE', #6801, 1000.000000000000114 ) ;
#6648 = VECTOR ( 'NONE', #5288, 1000.000000000000000 ) ;
#6649 = DIRECTION ( 'NONE',  ( 0.7071067811865472397, 0.000000000000000000, 0.7071067811865479058 ) ) ;
#6650 = FACE_BOUND ( 'NONE', #4399, .T. ) ;
#6651 = CARTESIAN_POINT ( 'NONE',  ( 1.624999999999999334, 1.570000000000000062, 4.935000000000004050 ) ) ;
#6652 = ORIENTED_EDGE ( 'NONE', *, *, #4557, .F. ) ;
#6653 = CIRCLE ( 'NONE', #8186, 0.2500000000000002220 ) ;
#6654 = ORIENTED_EDGE ( 'NONE', *, *, #6687, .F. ) ;
#6655 = VECTOR ( 'NONE', #6555, 1000.000000000000000 ) ;
#6656 = SURFACE_SIDE_STYLE ('',( #781 ) ) ;
#6657 = ORIENTED_EDGE ( 'NONE', *, *, #461, .F. ) ;
#6658 = MECHANICAL_DESIGN_GEOMETRIC_PRESENTATION_REPRESENTATION (  '', ( #5418 ), #2924 ) ;
#6659 = PRESENTATION_STYLE_ASSIGNMENT (( #1435 ) ) ;
#6660 = VECTOR ( 'NONE', #5521, 1000.000000000000000 ) ;
#6661 = SURFACE_SIDE_STYLE ('',( #3688 ) ) ;
#6662 = B_SPLINE_SURFACE_WITH_KNOTS ( 'NONE', 3, 1, ( 
 ( #5979, #3913 ),
 ( #8301, #7451 ),
 ( #6869, #4552 ),
 ( #9026, #814 ),
 ( #951, #3123 ),
 ( #6696, #1693 ) ),
 .UNSPECIFIED., .F., .F., .F.,
 ( 4, 2, 4 ),
 ( 2, 2 ),
 ( 0.000000000000000000, 0.5000000000000000000, 1.000000000000000000 ),
 ( 0.000000000000000000, 1.000000000000000000 ),
 .UNSPECIFIED. ) ;
#6663 = CARTESIAN_POINT ( 'NONE',  ( -6.125000000000000000, 1.570000000000000062, 2.934999999999968523 ) ) ;
#6664 = COLOUR_RGB ( '',0.3176470588235293935, 0.2470588235294117752, 0.2078431372549019440 ) ;
#6665 = CARTESIAN_POINT ( 'NONE',  ( -5.000000000000001776, 0.000000000000000000, -3.810000000000031140 ) ) ;
#6666 = MECHANICAL_DESIGN_GEOMETRIC_PRESENTATION_REPRESENTATION (  '', ( #5110 ), #7118 ) ;
#6667 = EDGE_LOOP ( 'NONE', ( #6481, #3255, #2209, #2542 ) ) ;
#6668 = UNCERTAINTY_MEASURE_WITH_UNIT (LENGTH_MEASURE( 1.000000000000000082E-05 ), #4163, 'distance_accuracy_value', 'NONE');
#6669 = SURFACE_STYLE_FILL_AREA ( #1486 ) ;
#6670 = ORIENTED_EDGE ( 'NONE', *, *, #8391, .F. ) ;
#6671 = CARTESIAN_POINT ( 'NONE',  ( -0.3200000000000008393, 10.06999999999999851, -3.489999999999965574 ) ) ;
#6672 = STYLED_ITEM ( 'NONE', ( #3915 ), #9059 ) ;
#6673 = STYLED_ITEM ( 'NONE', ( #7563 ), #5671 ) ;
#6674 = DIRECTION ( 'NONE',  ( 0.000000000000000000, 0.000000000000000000, 1.000000000000000000 ) ) ;
#6675 = FILL_AREA_STYLE ('',( #3847 ) ) ;
#6676 = CARTESIAN_POINT ( 'NONE',  ( -0.1133883476483205782, -0.5000000000000000000, -3.923388347648349317 ) ) ;
#6677 = SURFACE_SIDE_STYLE ('',( #3705 ) ) ;
#6678 = VECTOR ( 'NONE', #1527, 1000.000000000000000 ) ;
#6679 = ORIENTED_EDGE ( 'NONE', *, *, #4363, .T. ) ;
#6680 =( NAMED_UNIT ( * ) PLANE_ANGLE_UNIT ( ) SI_UNIT ( $, .RADIAN. ) );
#6681 = EDGE_CURVE ( 'NONE', #3012, #2437, #1022, .T. ) ;
#6682 = PRESENTATION_LAYER_ASSIGNMENT (  '', '', ( #6514 ) ) ;
#6683 = COLOUR_RGB ( '',0.2980392156862745057, 0.2980392156862745057, 0.2980392156862745057 ) ;
#6684 = UNCERTAINTY_MEASURE_WITH_UNIT (LENGTH_MEASURE( 1.000000000000000082E-05 ), #6219, 'distance_accuracy_value', 'NONE');
#6685 = CARTESIAN_POINT ( 'NONE',  ( -4.750000000000001776, -0.000000000000000000, -3.740964406271182874 ) ) ;
#6686 = ORIENTED_EDGE ( 'NONE', *, *, #7895, .F. ) ;
#6687 = EDGE_CURVE ( 'NONE', #634, #1376, #8192, .T. ) ;
#6688 = UNCERTAINTY_MEASURE_WITH_UNIT (LENGTH_MEASURE( 1.000000000000000082E-05 ), #8701, 'distance_accuracy_value', 'NONE');
#6689 = STYLED_ITEM ( 'NONE', ( #6404 ), #6283 ) ;
#6690 = VECTOR ( 'NONE', #2168, 1000.000000000000000 ) ;
#6691 = ADVANCED_FACE ( 'NONE', ( #9005 ), #2419, .T. ) ;
#6692 = PRESENTATION_LAYER_ASSIGNMENT (  '', '', ( #2026 ) ) ;
#6693 = CARTESIAN_POINT ( 'NONE',  ( -2.819999999999998952, 10.06999999999999851, 3.490000000000034852 ) ) ;
#6694 = ORIENTED_EDGE ( 'NONE', *, *, #9446, .F. ) ;
#6695 = LINE ( 'NONE', #95, #7021 ) ;
#6696 = CARTESIAN_POINT ( 'NONE',  ( -0.1767766952966405847, 0.000000000000000000, -3.633223304703395939 ) ) ;
#6697 = CARTESIAN_POINT ( 'NONE',  ( -5.176776695296639197, 0.000000000000000000, 3.633223304703332435 ) ) ;
#6698 = EDGE_CURVE ( 'NONE', #5687, #8595, #9178, .T. ) ;
#6699 = ORIENTED_EDGE ( 'NONE', *, *, #9153, .F. ) ;
#6700 = AXIS2_PLACEMENT_3D ( 'NONE', #4799, #6316, #7878 ) ;
#6701 = DIRECTION ( 'NONE',  ( 0.000000000000000000, 0.000000000000000000, 1.000000000000000000 ) ) ;
#6702 = ADVANCED_FACE ( 'NONE', ( #4848 ), #3083, .T. ) ;
#6703 = CARTESIAN_POINT ( 'NONE',  ( -1.125000000000000666, 4.069999999999999396, 2.935000000000003606 ) ) ;
#6704 = CARTESIAN_POINT ( 'NONE',  ( 0.3199999999999991185, 10.06999999999999851, -4.129999999999965254 ) ) ;
#6705 = SURFACE_STYLE_USAGE ( .BOTH. , #7594 ) ;
#6706 = PRESENTATION_LAYER_ASSIGNMENT (  '', '', ( #5454 ) ) ;
#6707 =( NAMED_UNIT ( * ) PLANE_ANGLE_UNIT ( ) SI_UNIT ( $, .RADIAN. ) );
#6708 =( LENGTH_UNIT ( ) NAMED_UNIT ( * ) SI_UNIT ( .MILLI., .METRE. ) );
#6709 =( LENGTH_UNIT ( ) NAMED_UNIT ( * ) SI_UNIT ( .MILLI., .METRE. ) );
#6710 = SURFACE_SIDE_STYLE ('',( #4416 ) ) ;
#6711 = VECTOR ( 'NONE', #9027, 1000.000000000000000 ) ;
#6712 = ORIENTED_EDGE ( 'NONE', *, *, #5496, .T. ) ;
#6713 = ORIENTED_EDGE ( 'NONE', *, *, #8164, .T. ) ;
#6714 = PRESENTATION_LAYER_ASSIGNMENT (  '', '', ( #7912 ) ) ;
#6715 = ORIENTED_EDGE ( 'NONE', *, *, #7665, .F. ) ;
#6716 = LINE ( 'NONE', #8874, #1606 ) ;
#6717 = LINE ( 'NONE', #6474, #8253 ) ;
#6718 = FACE_OUTER_BOUND ( 'NONE', #7898, .T. ) ;
#6719 = CARTESIAN_POINT ( 'NONE',  ( 3.374999999999999112, 4.069999999999999396, -2.685000000000000497 ) ) ;
#6720 = ORIENTED_EDGE ( 'NONE', *, *, #4569, .T. ) ;
#6721 = UNCERTAINTY_MEASURE_WITH_UNIT (LENGTH_MEASURE( 1.000000000000000082E-05 ), #3575, 'distance_accuracy_value', 'NONE');
#6722 = SURFACE_STYLE_FILL_AREA ( #8845 ) ;
#6723 = ORIENTED_EDGE ( 'NONE', *, *, #999, .T. ) ;
#6724 = MECHANICAL_DESIGN_GEOMETRIC_PRESENTATION_REPRESENTATION (  '', ( #2990 ), #9411 ) ;
#6725 =( NAMED_UNIT ( * ) PLANE_ANGLE_UNIT ( ) SI_UNIT ( $, .RADIAN. ) );
#6726 = COLOUR_RGB ( '',0.3176470588235293935, 0.2470588235294117752, 0.2078431372549019440 ) ;
#6727 = DIRECTION ( 'NONE',  ( -1.000000000000000000, -0.000000000000000000, -0.000000000000000000 ) ) ;
#6728 =( NAMED_UNIT ( * ) SI_UNIT ( $, .STERADIAN. ) SOLID_ANGLE_UNIT ( ) );
#6729 = COLOUR_RGB ( '',0.3176470588235293935, 0.2470588235294117752, 0.2078431372549019440 ) ;
#6730 = LINE ( 'NONE', #3194, #4159 ) ;
#6731 = CARTESIAN_POINT ( 'NONE',  ( 5.249999999999996447, 0.000000000000000000, -3.879035593728881182 ) ) ;
#6732 = MECHANICAL_DESIGN_GEOMETRIC_PRESENTATION_REPRESENTATION (  '', ( #8407 ), #7938 ) ;
#6733 = ORIENTED_EDGE ( 'NONE', *, *, #163, .T. ) ;
#6734 = DIRECTION ( 'NONE',  ( 0.000000000000000000, 0.000000000000000000, -1.000000000000000000 ) ) ;
#6735 = VERTEX_POINT ( 'NONE', #1809 ) ;
#6736 = AXIS2_PLACEMENT_3D ( 'NONE', #259, #4740, #1841 ) ;
#6737 = ORIENTED_EDGE ( 'NONE', *, *, #9205, .F. ) ;
#6738 = CARTESIAN_POINT ( 'NONE',  ( -0.05000000000000229955, -1.000000000000000000, -3.793333333333365420 ) ) ;
#6739 = CARTESIAN_POINT ( 'NONE',  ( 5.113388347648315957, -0.5000000000000000000, -3.696611652351713406 ) ) ;
#6740 = FACE_OUTER_BOUND ( 'NONE', #4865, .T. ) ;
#6741 = EDGE_LOOP ( 'NONE', ( #7906, #1259, #8914, #6558 ) ) ;
#6742 = EDGE_CURVE ( 'NONE', #9290, #1051, #7071, .T. ) ;
#6743 = SURFACE_SIDE_STYLE ('',( #6916 ) ) ;
#6744 = FILL_AREA_STYLE_COLOUR ( '', #7732 ) ;
#6745 = SURFACE_SIDE_STYLE ('',( #4450 ) ) ;
#6746 = DIRECTION ( 'NONE',  ( -2.478176394252582127E-16, -0.000000000000000000, 1.000000000000000000 ) ) ;
#6747 = LINE ( 'NONE', #8180, #2302 ) ;
#6748 = LINE ( 'NONE', #776, #284 ) ;
#6749 = LINE ( 'NONE', #8235, #4628 ) ;
#6750 = CARTESIAN_POINT ( 'NONE',  ( -2.820000000000000728, 10.06999999999999851, -4.129999999999965254 ) ) ;
#6751 = ORIENTED_EDGE ( 'NONE', *, *, #4368, .F. ) ;
#6752 = CARTESIAN_POINT ( 'NONE',  ( 5.319999999999999396, 4.069999999999999396, -4.129999999999965254 ) ) ;
#6753 = SURFACE_STYLE_USAGE ( .BOTH. , #3097 ) ;
#6754 =( LENGTH_UNIT ( ) NAMED_UNIT ( * ) SI_UNIT ( .MILLI., .METRE. ) );
#6755 = CARTESIAN_POINT ( 'NONE',  ( -5.033333333333335879, -1.000000000000000000, 3.759999999999968701 ) ) ;
#6756 = ORIENTED_EDGE ( 'NONE', *, *, #818, .T. ) ;
#6757 = CARTESIAN_POINT ( 'NONE',  ( -2.500000000000000888, 0.000000000000000000, 3.809999999999968967 ) ) ;
#6758 = LINE ( 'NONE', #6043, #1167 ) ;
#6759 = DIRECTION ( 'NONE',  ( 0.000000000000000000, 0.000000000000000000, -1.000000000000000000 ) ) ;
#6760 = PRESENTATION_STYLE_ASSIGNMENT (( #123 ) ) ;
#6761 = VERTEX_POINT ( 'NONE', #481 ) ;
#6762 = EDGE_LOOP ( 'NONE', ( #7287, #4801, #2857, #6529 ) ) ;
#6763 = CARTESIAN_POINT ( 'NONE',  ( 1.624999999999999556, 1.570000000000000062, -2.685000000000000497 ) ) ;
#6764 =( NAMED_UNIT ( * ) SI_UNIT ( $, .STERADIAN. ) SOLID_ANGLE_UNIT ( ) );
#6765 = CARTESIAN_POINT ( 'NONE',  ( -5.176776695296640085, 0.000000000000000000, 3.986776695296604167 ) ) ;
#6766 = ORIENTED_EDGE ( 'NONE', *, *, #1401, .T. ) ;
#6767 = ADVANCED_FACE ( 'NONE', ( #1903 ), #6990, .F. ) ;
#6768 = FILL_AREA_STYLE_COLOUR ( '', #1740 ) ;
#6769 = SURFACE_SIDE_STYLE ('',( #3152 ) ) ;
#6770 = ORIENTED_EDGE ( 'NONE', *, *, #1490, .T. ) ;
#6771 = CARTESIAN_POINT ( 'NONE',  ( 4.749999999999999112, 0.000000000000000000, 3.740964406271120257 ) ) ;
#6772 = PRESENTATION_LAYER_ASSIGNMENT (  '', '', ( #4893 ) ) ;
#6773 = DIRECTION ( 'NONE',  ( 1.000000000000000000, 0.000000000000000000, -6.776263578034403699E-16 ) ) ;
#6774 = LINE ( 'NONE', #244, #2895 ) ;
#6775 = ORIENTED_EDGE ( 'NONE', *, *, #35, .T. ) ;
#6776 = SURFACE_SIDE_STYLE ('',( #7585 ) ) ;
#6777 = FILL_AREA_STYLE ('',( #2994 ) ) ;
#6778 = CARTESIAN_POINT ( 'NONE',  ( 1.374999999999999556, 4.069999999999999396, -2.935000000000000053 ) ) ;
#6779 = STYLED_ITEM ( 'NONE', ( #4525 ), #2887 ) ;
#6780 = SURFACE_STYLE_FILL_AREA ( #1083 ) ;
#6781 = EDGE_LOOP ( 'NONE', ( #1871, #5271, #6694, #1042 ) ) ;
#6782 = UNCERTAINTY_MEASURE_WITH_UNIT (LENGTH_MEASURE( 1.000000000000000082E-05 ), #7212, 'distance_accuracy_value', 'NONE');
#6783 = LINE ( 'NONE', #6836, #3383 ) ;
#6784 = CARTESIAN_POINT ( 'NONE',  ( 4.124999999999999112, 4.069999999999999396, 2.685000000000003606 ) ) ;
#6785 = DIRECTION ( 'NONE',  ( -0.000000000000000000, 1.000000000000000000, 0.000000000000000000 ) ) ;
#6786 = SURFACE_STYLE_USAGE ( .BOTH. , #1565 ) ;
#6787 = FACE_OUTER_BOUND ( 'NONE', #3015, .T. ) ;
#6788 =( GEOMETRIC_REPRESENTATION_CONTEXT ( 3 ) GLOBAL_UNCERTAINTY_ASSIGNED_CONTEXT ( ( #4471 ) ) GLOBAL_UNIT_ASSIGNED_CONTEXT ( ( #2303, #1689, #7391 ) ) REPRESENTATION_CONTEXT ( 'NONE', 'WORKASPACE' ) );
#6789 = ORIENTED_EDGE ( 'NONE', *, *, #5215, .F. ) ;
#6790 = CARTESIAN_POINT ( 'NONE',  ( -4.125000000000000888, 4.069999999999999396, -2.684999999999964970 ) ) ;
#6791 = EDGE_CURVE ( 'NONE', #7797, #2356, #1464, .T. ) ;
#6792 =( NAMED_UNIT ( * ) PLANE_ANGLE_UNIT ( ) SI_UNIT ( $, .RADIAN. ) );
#6793 = PRESENTATION_LAYER_ASSIGNMENT (  '', '', ( #3068 ) ) ;
#6794 = VECTOR ( 'NONE', #6392, 1000.000000000000000 ) ;
#6795 = CARTESIAN_POINT ( 'NONE',  ( -4.966666666666669450, -1.000000000000000000, 3.759999999999968701 ) ) ;
#6796 = EDGE_LOOP ( 'NONE', ( #8896, #6766, #7449, #4726 ) ) ;
#6797 = EDGE_CURVE ( 'NONE', #9030, #7854, #1330, .T. ) ;
#6798 = PRESENTATION_STYLE_ASSIGNMENT (( #934 ) ) ;
#6799 = STYLED_ITEM ( 'NONE', ( #1974 ), #9265 ) ;
#6800 = VECTOR ( 'NONE', #3962, 1000.000000000000000 ) ;
#6801 = DIRECTION ( 'NONE',  ( -0.7071067811865474617, -0.000000000000000000, 0.7071067811865474617 ) ) ;
#6802 = PLANE ( 'NONE',  #8171 ) ;
#6803 = ORIENTED_EDGE ( 'NONE', *, *, #2283, .F. ) ;
#6804 = ORIENTED_EDGE ( 'NONE', *, *, #2010, .F. ) ;
#6805 = PLANE ( 'NONE',  #8049 ) ;
#6806 = VECTOR ( 'NONE', #5954, 1000.000000000000000 ) ;
#6807 =( GEOMETRIC_REPRESENTATION_CONTEXT ( 3 ) GLOBAL_UNCERTAINTY_ASSIGNED_CONTEXT ( ( #7715 ) ) GLOBAL_UNIT_ASSIGNED_CONTEXT ( ( #3649, #27, #8659 ) ) REPRESENTATION_CONTEXT ( 'NONE', 'WORKASPACE' ) );
#6808 = CARTESIAN_POINT ( 'NONE',  ( 2.180000000000000604, 10.06999999999999851, 4.130000000000034532 ) ) ;
#6809 = EDGE_CURVE ( 'NONE', #8223, #223, #5934, .T. ) ;
#6810 = FILL_AREA_STYLE_COLOUR ( '', #7313 ) ;
#6811 = CARTESIAN_POINT ( 'NONE',  ( 3.374999999999999112, 1.570000000000000062, 4.935000000000004050 ) ) ;
#6812 = MECHANICAL_DESIGN_GEOMETRIC_PRESENTATION_REPRESENTATION (  '', ( #2761 ), #3079 ) ;
#6813 = CARTESIAN_POINT ( 'NONE',  ( -5.050000000000002487, -1.000000000000000000, -3.793333333333365420 ) ) ;
#6814 = CARTESIAN_POINT ( 'NONE',  ( 0.04999999999999796274, -1.000000000000000000, -3.860000000000031406 ) ) ;
#6815 = CARTESIAN_POINT ( 'NONE',  ( -4.930964406271153067, -0.000000000000000000, 4.059999999999970299 ) ) ;
#6816 = ORIENTED_EDGE ( 'NONE', *, *, #145, .F. ) ;
#6817 = VECTOR ( 'NONE', #4244, 1000.000000000000000 ) ;
#6818 = PRESENTATION_LAYER_ASSIGNMENT (  '', '', ( #2795 ) ) ;
#6819 = B_SPLINE_SURFACE_WITH_KNOTS ( 'NONE', 3, 1, ( 
 ( #1867, #7762 ),
 ( #5641, #2241 ),
 ( #8699, #2089 ),
 ( #5201, #9393 ),
 ( #2050, #1343 ),
 ( #2762, #7369 ) ),
 .UNSPECIFIED., .F., .F., .F.,
 ( 4, 2, 4 ),
 ( 2, 2 ),
 ( 0.000000000000000000, 0.5000000000000000000, 1.000000000000000000 ),
 ( 0.000000000000000000, 1.000000000000000000 ),
 .UNSPECIFIED. ) ;
#6820 = ORIENTED_EDGE ( 'NONE', *, *, #7600, .F. ) ;
#6821 = AXIS2_PLACEMENT_3D ( 'NONE', #3213, #8902, #6877 ) ;
#6822 =( GEOMETRIC_REPRESENTATION_CONTEXT ( 3 ) GLOBAL_UNCERTAINTY_ASSIGNED_CONTEXT ( ( #251 ) ) GLOBAL_UNIT_ASSIGNED_CONTEXT ( ( #3291, #7847, #9152 ) ) REPRESENTATION_CONTEXT ( 'NONE', 'WORKASPACE' ) );
#6823 = PLANE ( 'NONE',  #1114 ) ;
#6824 = VECTOR ( 'NONE', #560, 1000.000000000000000 ) ;
#6825 = UNCERTAINTY_MEASURE_WITH_UNIT (LENGTH_MEASURE( 1.000000000000000082E-05 ), #9337, 'distance_accuracy_value', 'NONE');
#6826 = EDGE_CURVE ( 'NONE', #4387, #7981, #8822, .T. ) ;
#6827 = CARTESIAN_POINT ( 'NONE',  ( 5.049999999999998934, -1.000000000000000000, 3.759999999999968701 ) ) ;
#6828 = LINE ( 'NONE', #93, #9183 ) ;
#6829 = EDGE_LOOP ( 'NONE', ( #3894, #8295, #7753, #9128 ) ) ;
#6830 = STYLED_ITEM ( 'NONE', ( #4735 ), #6114 ) ;
#6831 = LINE ( 'NONE', #1692, #2208 ) ;
#6832 = VECTOR ( 'NONE', #5605, 1000.000000000000000 ) ;
#6833 = VECTOR ( 'NONE', #4475, 1000.000000000000000 ) ;
#6834 = EDGE_CURVE ( 'NONE', #1066, #1386, #8024, .T. ) ;
#6835 = ORIENTED_EDGE ( 'NONE', *, *, #1524, .T. ) ;
#6836 = CARTESIAN_POINT ( 'NONE',  ( -6.125000000000000888, 1.570000000000000062, 4.684999999999968523 ) ) ;
#6837 = MECHANICAL_DESIGN_GEOMETRIC_PRESENTATION_REPRESENTATION (  '', ( #3738 ), #3888 ) ;
#6838 = VECTOR ( 'NONE', #2509, 999.9999999999998863 ) ;
#6839 = VECTOR ( 'NONE', #6846, 1000.000000000000000 ) ;
#6840 = LINE ( 'NONE', #5986, #945 ) ;
#6841 = CARTESIAN_POINT ( 'NONE',  ( 2.820000000000000284, 10.06999999999999851, 3.490000000000034852 ) ) ;
#6842 = DIRECTION ( 'NONE',  ( -0.7071067811865479058, 0.000000000000000000, -0.7071067811865472397 ) ) ;
#6843 =( GEOMETRIC_REPRESENTATION_CONTEXT ( 3 ) GLOBAL_UNCERTAINTY_ASSIGNED_CONTEXT ( ( #2256 ) ) GLOBAL_UNIT_ASSIGNED_CONTEXT ( ( #4461, #3530, #8041 ) ) REPRESENTATION_CONTEXT ( 'NONE', 'WORKASPACE' ) );
#6844 = PLANE ( 'NONE',  #3557 ) ;
#6845 =( NAMED_UNIT ( * ) PLANE_ANGLE_UNIT ( ) SI_UNIT ( $, .RADIAN. ) );
#6846 = DIRECTION ( 'NONE',  ( 1.000000000000000000, -0.000000000000000000, -0.000000000000000000 ) ) ;
#6847 = DIRECTION ( 'NONE',  ( -0.7071067811865472397, 0.000000000000000000, 0.7071067811865479058 ) ) ;
#6848 = CARTESIAN_POINT ( 'NONE',  ( 5.874999999999999112, 4.069999999999999396, 2.685000000000003606 ) ) ;
#6849 =( LENGTH_UNIT ( ) NAMED_UNIT ( * ) SI_UNIT ( .MILLI., .METRE. ) );
#6850 = ORIENTED_EDGE ( 'NONE', *, *, #8585, .T. ) ;
#6851 = LINE ( 'NONE', #6149, #8537 ) ;
#6852 = DIRECTION ( 'NONE',  ( -0.7071067811865479058, 0.000000000000000000, 0.7071067811865472397 ) ) ;
#6853 = ORIENTED_EDGE ( 'NONE', *, *, #4397, .F. ) ;
#6854 = LINE ( 'NONE', #1036, #7445 ) ;
#6855 = VECTOR ( 'NONE', #7966, 1000.000000000000000 ) ;
#6856 = MECHANICAL_DESIGN_GEOMETRIC_PRESENTATION_REPRESENTATION (  '', ( #4381 ), #2664 ) ;
#6857 =( LENGTH_UNIT ( ) NAMED_UNIT ( * ) SI_UNIT ( .MILLI., .METRE. ) );
#6858 = FILL_AREA_STYLE_COLOUR ( '', #6039 ) ;
#6859 = EDGE_CURVE ( 'NONE', #169, #2153, #2220, .T. ) ;
#6860 = CARTESIAN_POINT ( 'NONE',  ( -5.050000000000001599, -1.000000000000000000, 3.859999999999968345 ) ) ;
#6861 = ORIENTED_EDGE ( 'NONE', *, *, #6609, .F. ) ;
#6862 = VECTOR ( 'NONE', #4100, 1000.000000000000000 ) ;
#6863 = COLOUR_RGB ( '',0.2980392156862745057, 0.2980392156862745057, 0.2980392156862745057 ) ;
#6864 = ORIENTED_EDGE ( 'NONE', *, *, #4506, .F. ) ;
#6865 = CARTESIAN_POINT ( 'NONE',  ( 0.1351100286299689590, 0.000000000000000000, 4.028443361963272906 ) ) ;
#6866 = MECHANICAL_DESIGN_GEOMETRIC_PRESENTATION_REPRESENTATION (  '', ( #4850 ), #1033 ) ;
#6867 = ORIENTED_EDGE ( 'NONE', *, *, #7304, .F. ) ;
#6868 = STYLED_ITEM ( 'NONE', ( #2801 ), #7928 ) ;
#6869 = CARTESIAN_POINT ( 'NONE',  ( 0.06903559372884587875, 0.000000000000000000, -3.560000000000030251 ) ) ;
#6870 = DIRECTION ( 'NONE',  ( -0.000000000000000000, -1.000000000000000000, -0.000000000000000000 ) ) ;
#6871 =( NAMED_UNIT ( * ) SI_UNIT ( $, .STERADIAN. ) SOLID_ANGLE_UNIT ( ) );
#6872 = ORIENTED_EDGE ( 'NONE', *, *, #5985, .T. ) ;
#6873 = SURFACE_STYLE_FILL_AREA ( #6171 ) ;
#6874 = ORIENTED_EDGE ( 'NONE', *, *, #9150, .T. ) ;
#6875 = VECTOR ( 'NONE', #2592, 1000.000000000000000 ) ;
#6876 = UNCERTAINTY_MEASURE_WITH_UNIT (LENGTH_MEASURE( 1.000000000000000082E-05 ), #276, 'distance_accuracy_value', 'NONE');
#6877 = DIRECTION ( 'NONE',  ( 0.000000000000000000, 0.000000000000000000, -1.000000000000000000 ) ) ;
#6878 = ADVANCED_FACE ( 'NONE', ( #5080 ), #2117, .T. ) ;
#6879 = LINE ( 'NONE', #5609, #5579 ) ;
#6880 =( NAMED_UNIT ( * ) PLANE_ANGLE_UNIT ( ) SI_UNIT ( $, .RADIAN. ) );
#6881 = FILL_AREA_STYLE_COLOUR ( '', #7836 ) ;
#6882 = SURFACE_SIDE_STYLE ('',( #1014 ) ) ;
#6883 = LINE ( 'NONE', #3173, #1018 ) ;
#6884 = DIRECTION ( 'NONE',  ( -0.000000000000000000, -0.000000000000000000, -1.000000000000000000 ) ) ;
#6885 =( LENGTH_UNIT ( ) NAMED_UNIT ( * ) SI_UNIT ( .MILLI., .METRE. ) );
#6886 = DIRECTION ( 'NONE',  ( -0.000000000000000000, -1.000000000000000000, -0.000000000000000000 ) ) ;
#6887 = PLANE ( 'NONE',  #4172 ) ;
#6888 = DIRECTION ( 'NONE',  ( 0.000000000000000000, -1.000000000000000000, 0.000000000000000000 ) ) ;
#6889 = CARTESIAN_POINT ( 'NONE',  ( -0.05000000000000143219, -1.000000000000000000, 3.826666666666634686 ) ) ;
#6890 = FILL_AREA_STYLE_COLOUR ( '', #2565 ) ;
#6891 = FILL_AREA_STYLE_COLOUR ( '', #9169 ) ;
#6892 = VERTEX_POINT ( 'NONE', #2078 ) ;
#6893 = PLANE ( 'NONE',  #7787 ) ;
#6894 =( NAMED_UNIT ( * ) PLANE_ANGLE_UNIT ( ) SI_UNIT ( $, .RADIAN. ) );
#6895 = B_SPLINE_SURFACE_WITH_KNOTS ( 'NONE', 3, 1, ( 
 ( #7718, #4686 ),
 ( #6865, #5507 ),
 ( #4097, #7007 ),
 ( #323, #1126 ),
 ( #7628, #2631 ),
 ( #6165, #7811 ) ),
 .UNSPECIFIED., .F., .F., .F.,
 ( 4, 2, 4 ),
 ( 2, 2 ),
 ( 0.000000000000000000, 0.5000000000000000000, 1.000000000000000000 ),
 ( 0.000000000000000000, 1.000000000000000000 ),
 .UNSPECIFIED. ) ;
#6896 = LINE ( 'NONE', #3940, #7098 ) ;
#6897 = PRESENTATION_STYLE_ASSIGNMENT (( #8428 ) ) ;
#6898 = ORIENTED_EDGE ( 'NONE', *, *, #7658, .T. ) ;
#6899 = UNCERTAINTY_MEASURE_WITH_UNIT (LENGTH_MEASURE( 1.000000000000000082E-05 ), #6029, 'distance_accuracy_value', 'NONE');
#6900 = CARTESIAN_POINT ( 'NONE',  ( 4.949999999999998401, -1.000000000000000000, 3.759999999999968701 ) ) ;
#6901 = FACE_OUTER_BOUND ( 'NONE', #1796, .T. ) ;
#6902 = CARTESIAN_POINT ( 'NONE',  ( 5.049999999999997158, -1.000000000000000000, -3.760000000000031761 ) ) ;
#6903 = FILL_AREA_STYLE_COLOUR ( '', #1248 ) ;
#6904 = ORIENTED_EDGE ( 'NONE', *, *, #1614, .F. ) ;
#6905 = SURFACE_STYLE_FILL_AREA ( #1965 ) ;
#6906 = EDGE_LOOP ( 'NONE', ( #5773, #6915, #5061, #581 ) ) ;
#6907 =( NAMED_UNIT ( * ) SI_UNIT ( $, .STERADIAN. ) SOLID_ANGLE_UNIT ( ) );
#6908 = ADVANCED_FACE ( 'NONE', ( #730 ), #3672, .F. ) ;
#6909 = CARTESIAN_POINT ( 'NONE',  ( -0.3200000000000008393, 4.069999999999999396, -4.129999999999965254 ) ) ;
#6910 = ORIENTED_EDGE ( 'NONE', *, *, #1960, .T. ) ;
#6911 = DIRECTION ( 'NONE',  ( 0.000000000000000000, -0.000000000000000000, -1.000000000000000000 ) ) ;
#6912 = SURFACE_STYLE_FILL_AREA ( #1794 ) ;
#6913 = LINE ( 'NONE', #325, #3689 ) ;
#6914 = CARTESIAN_POINT ( 'NONE',  ( -2.516666666666671048, -1.000000000000000000, -3.860000000000031406 ) ) ;
#6915 = ORIENTED_EDGE ( 'NONE', *, *, #1475, .F. ) ;
#6916 = SURFACE_STYLE_FILL_AREA ( #5371 ) ;
#6917 = CARTESIAN_POINT ( 'NONE',  ( -2.450000000000001066, -1.000000000000000000, 3.759999999999968701 ) ) ;
#6918 = PLANE ( 'NONE',  #8638 ) ;
#6919 =( NAMED_UNIT ( * ) PLANE_ANGLE_UNIT ( ) SI_UNIT ( $, .RADIAN. ) );
#6920 = SURFACE_STYLE_FILL_AREA ( #3824 ) ;
#6921 = ADVANCED_FACE ( 'NONE', ( #200 ), #5099, .T. ) ;
#6922 =( LENGTH_UNIT ( ) NAMED_UNIT ( * ) SI_UNIT ( .MILLI., .METRE. ) );
#6923 = SURFACE_STYLE_USAGE ( .BOTH. , #4652 ) ;
#6924 = FILL_AREA_STYLE ('',( #1057 ) ) ;
#6925 = LINE ( 'NONE', #6278, #824 ) ;
#6926 = PRESENTATION_LAYER_ASSIGNMENT (  '', '', ( #3836 ) ) ;
#6927 = PRESENTATION_STYLE_ASSIGNMENT (( #6183 ) ) ;
#6928 = SURFACE_SIDE_STYLE ('',( #2555 ) ) ;
#6929 =( NAMED_UNIT ( * ) SI_UNIT ( $, .STERADIAN. ) SOLID_ANGLE_UNIT ( ) );
#6930 = EDGE_CURVE ( 'NONE', #9406, #2183, #4453, .T. ) ;
#6931 = ORIENTED_EDGE ( 'NONE', *, *, #3638, .F. ) ;
#6932 = ADVANCED_FACE ( 'NONE', ( #5374 ), #1657, .F. ) ;
#6933 = FILL_AREA_STYLE_COLOUR ( '', #7480 ) ;
#6934 = VECTOR ( 'NONE', #8573, 999.9999999999998863 ) ;
#6935 = PLANE ( 'NONE',  #891 ) ;
#6936 = SURFACE_STYLE_USAGE ( .BOTH. , #4081 ) ;
#6937 = LINE ( 'NONE', #7036, #7087 ) ;
#6938 = ORIENTED_EDGE ( 'NONE', *, *, #7498, .T. ) ;
#6939 =( GEOMETRIC_REPRESENTATION_CONTEXT ( 3 ) GLOBAL_UNCERTAINTY_ASSIGNED_CONTEXT ( ( #3304 ) ) GLOBAL_UNIT_ASSIGNED_CONTEXT ( ( #450, #5584, #3187 ) ) REPRESENTATION_CONTEXT ( 'NONE', 'WORKASPACE' ) );
#6940 = AXIS2_PLACEMENT_3D ( 'NONE', #7099, #9255, #603 ) ;
#6941 = DIRECTION ( 'NONE',  ( -1.000000000000000000, -0.000000000000000000, -0.000000000000000000 ) ) ;
#6942 = VECTOR ( 'NONE', #1917, 1000.000000000000000 ) ;
#6943 = PRESENTATION_LAYER_ASSIGNMENT (  '', '', ( #8904 ) ) ;
#6944 =( GEOMETRIC_REPRESENTATION_CONTEXT ( 3 ) GLOBAL_UNCERTAINTY_ASSIGNED_CONTEXT ( ( #1366 ) ) GLOBAL_UNIT_ASSIGNED_CONTEXT ( ( #8840, #5302, #8243 ) ) REPRESENTATION_CONTEXT ( 'NONE', 'WORKASPACE' ) );
#6945 =( NAMED_UNIT ( * ) PLANE_ANGLE_UNIT ( ) SI_UNIT ( $, .RADIAN. ) );
#6946 =( GEOMETRIC_REPRESENTATION_CONTEXT ( 3 ) GLOBAL_UNCERTAINTY_ASSIGNED_CONTEXT ( ( #3666 ) ) GLOBAL_UNIT_ASSIGNED_CONTEXT ( ( #1817, #4042, #4090 ) ) REPRESENTATION_CONTEXT ( 'NONE', 'WORKASPACE' ) );
#6947 = CARTESIAN_POINT ( 'NONE',  ( -4.823223304703363468, 0.000000000000000000, 3.986776695296605943 ) ) ;
#6948 = ORIENTED_EDGE ( 'NONE', *, *, #4765, .T. ) ;
#6949 = CARTESIAN_POINT ( 'NONE',  ( -4.950000000000001066, -1.000000000000000000, 3.793333333333300583 ) ) ;
#6950 = PRESENTATION_LAYER_ASSIGNMENT (  '', '', ( #8478 ) ) ;
#6951 = CIRCLE ( 'NONE', #7712, 0.2500000000000002220 ) ;
#6952 = ORIENTED_EDGE ( 'NONE', *, *, #8745, .T. ) ;
#6953 = CARTESIAN_POINT ( 'NONE',  ( 4.949999999999998401, -1.000000000000000000, 3.826666666666634686 ) ) ;
#6954 = COLOUR_RGB ( '',0.3176470588235293935, 0.2470588235294117752, 0.2078431372549019440 ) ;
#6955 = FACE_OUTER_BOUND ( 'NONE', #7003, .T. ) ;
#6956 = ORIENTED_EDGE ( 'NONE', *, *, #2629, .T. ) ;
#6957 = PRESENTATION_STYLE_ASSIGNMENT (( #2013 ) ) ;
#6958 = EDGE_CURVE ( 'NONE', #1769, #5864, #7821, .T. ) ;
#6959 = CARTESIAN_POINT ( 'NONE',  ( -1.625000000000001110, 4.069999999999999396, 4.934999999999986287 ) ) ;
#6960 =( NAMED_UNIT ( * ) PLANE_ANGLE_UNIT ( ) SI_UNIT ( $, .RADIAN. ) );
#6961 = CARTESIAN_POINT ( 'NONE',  ( -2.635110028629973566, 0.000000000000000000, -4.028443361963334191 ) ) ;
#6962 = SURFACE_STYLE_FILL_AREA ( #513 ) ;
#6963 = MECHANICAL_DESIGN_GEOMETRIC_PRESENTATION_REPRESENTATION (  '', ( #1139 ), #6365 ) ;
#6964 = ORIENTED_EDGE ( 'NONE', *, *, #4612, .F. ) ;
#6965 = STYLED_ITEM ( 'NONE', ( #8864 ), #2635 ) ;
#6966 = VECTOR ( 'NONE', #9289, 1000.000000000000000 ) ;
#6967 = EDGE_CURVE ( 'NONE', #3349, #6735, #7641, .T. ) ;
#6968 = VECTOR ( 'NONE', #3548, 1000.000000000000000 ) ;
#6969 = FILL_AREA_STYLE_COLOUR ( '', #5570 ) ;
#6970 = EDGE_CURVE ( 'NONE', #1344, #714, #4060, .T. ) ;
#6971 =( NAMED_UNIT ( * ) SI_UNIT ( $, .STERADIAN. ) SOLID_ANGLE_UNIT ( ) );
#6972 = AXIS2_PLACEMENT_3D ( 'NONE', #7340, #2698, #6411 ) ;
#6973 = PRESENTATION_LAYER_ASSIGNMENT (  '', '', ( #1119 ) ) ;
#6974 = VECTOR ( 'NONE', #5656, 1000.000000000000000 ) ;
#6975 = CARTESIAN_POINT ( 'NONE',  ( -4.950000000000001066, -1.000000000000000000, 3.759999999999968701 ) ) ;
#6976 = STYLED_ITEM ( 'NONE', ( #5679 ), #1273 ) ;
#6977 = PRESENTATION_LAYER_ASSIGNMENT (  '', '', ( #7876 ) ) ;
#6978 = FACE_OUTER_BOUND ( 'NONE', #8608, .T. ) ;
#6979 = EDGE_CURVE ( 'NONE', #4892, #7152, #5611, .T. ) ;
#6980 = DIRECTION ( 'NONE',  ( 0.000000000000000000, -0.000000000000000000, -1.000000000000000000 ) ) ;
#6981 = CARTESIAN_POINT ( 'NONE',  ( 2.430964406271146849, 0.000000000000000000, -4.060000000000030695 ) ) ;
#6982 = PRESENTATION_STYLE_ASSIGNMENT (( #9096 ) ) ;
#6983 = ADVANCED_FACE ( 'NONE', ( #3303 ), #4696, .F. ) ;
#6984 = VECTOR ( 'NONE', #5670, 999.9999999999998863 ) ;
#6985 =( NAMED_UNIT ( * ) SI_UNIT ( $, .STERADIAN. ) SOLID_ANGLE_UNIT ( ) );
#6986 = MECHANICAL_DESIGN_GEOMETRIC_PRESENTATION_REPRESENTATION (  '', ( #993 ), #2785 ) ;
#6987 = PRESENTATION_LAYER_ASSIGNMENT (  '', '', ( #8939 ) ) ;
#6988 = CARTESIAN_POINT ( 'NONE',  ( 1.374999999999999334, 4.069999999999999396, 4.685000000000003162 ) ) ;
#6989 =( NAMED_UNIT ( * ) SI_UNIT ( $, .STERADIAN. ) SOLID_ANGLE_UNIT ( ) );
#6990 = PLANE ( 'NONE',  #4523 ) ;
#6991 = CARTESIAN_POINT ( 'NONE',  ( -1.125000000000000888, 4.069999999999999396, -4.684999999999999609 ) ) ;
#6992 = VECTOR ( 'NONE', #8290, 1000.000000000000000 ) ;
#6993 = ORIENTED_EDGE ( 'NONE', *, *, #3009, .F. ) ;
#6994 = PRESENTATION_STYLE_ASSIGNMENT (( #8426 ) ) ;
#6995 = DIRECTION ( 'NONE',  ( -0.7071067811865474617, -0.000000000000000000, -0.7071067811865474617 ) ) ;
#6996 = VERTEX_POINT ( 'NONE', #3262 ) ;
#6997 = UNCERTAINTY_MEASURE_WITH_UNIT (LENGTH_MEASURE( 1.000000000000000082E-05 ), #2162, 'distance_accuracy_value', 'NONE');
#6998 = EDGE_CURVE ( 'NONE', #2902, #426, #9131, .T. ) ;
#6999 = DIRECTION ( 'NONE',  ( 0.000000000000000000, 0.000000000000000000, 1.000000000000000000 ) ) ;
#7000 = CARTESIAN_POINT ( 'NONE',  ( 2.180000000000000604, 10.06999999999999851, 3.490000000000034852 ) ) ;
#7001 =( LENGTH_UNIT ( ) NAMED_UNIT ( * ) SI_UNIT ( .MILLI., .METRE. ) );
#7002 = SURFACE_SIDE_STYLE ('',( #5536 ) ) ;
#7003 = EDGE_LOOP ( 'NONE', ( #2679, #6490, #7610, #7813 ) ) ;
#7004 = ORIENTED_EDGE ( 'NONE', *, *, #3859, .F. ) ;
#7005 = MECHANICAL_DESIGN_GEOMETRIC_PRESENTATION_REPRESENTATION (  '', ( #4560 ), #2810 ) ;
#7006 = CARTESIAN_POINT ( 'NONE',  ( 2.820000000000000284, 10.06999999999999851, 3.490000000000034852 ) ) ;
#7007 = CARTESIAN_POINT ( 'NONE',  ( 0.01666666666666569846, -1.000000000000000000, 3.859999999999967901 ) ) ;
#7008 = FACE_OUTER_BOUND ( 'NONE', #1492, .T. ) ;
#7009 = ORIENTED_EDGE ( 'NONE', *, *, #5627, .T. ) ;
#7010 = SURFACE_STYLE_FILL_AREA ( #558 ) ;
#7011 =( NAMED_UNIT ( * ) PLANE_ANGLE_UNIT ( ) SI_UNIT ( $, .RADIAN. ) );
#7012 = DIRECTION ( 'NONE',  ( -0.7071067811865475727, 0.000000000000000000, -0.7071067811865475727 ) ) ;
#7013 = VECTOR ( 'NONE', #472, 1000.000000000000000 ) ;
#7014 = DIRECTION ( 'NONE',  ( -0.000000000000000000, -1.000000000000000000, -0.000000000000000000 ) ) ;
#7015 = STYLED_ITEM ( 'NONE', ( #5187 ), #7627 ) ;
#7016 = DIRECTION ( 'NONE',  ( 0.000000000000000000, -0.000000000000000000, 1.000000000000000000 ) ) ;
#7017 = VERTEX_POINT ( 'NONE', #3218 ) ;
#7018 =( LENGTH_UNIT ( ) NAMED_UNIT ( * ) SI_UNIT ( .MILLI., .METRE. ) );
#7019 = PRESENTATION_STYLE_ASSIGNMENT (( #8570 ) ) ;
#7020 = VECTOR ( 'NONE', #4791, 1000.000000000000000 ) ;
#7022 = DIRECTION ( 'NONE',  ( 0.000000000000000000, -0.000000000000000000, 1.000000000000000000 ) ) ;
#7021 = VECTOR ( 'NONE', #2993, 1000.000000000000000 ) ;
#7023 = COLOUR_RGB ( '',0.2980392156862745057, 0.2980392156862745057, 0.2980392156862745057 ) ;
#7024 = DIRECTION ( 'NONE',  ( -0.7071067811865472397, -0.000000000000000000, -0.7071067811865479058 ) ) ;
#7025 = CARTESIAN_POINT ( 'NONE',  ( 2.449999999999997513, -1.000000000000000000, -3.776666666666698369 ) ) ;
#7026 =( LENGTH_UNIT ( ) NAMED_UNIT ( * ) SI_UNIT ( .MILLI., .METRE. ) );
#7027 = SURFACE_STYLE_FILL_AREA ( #1711 ) ;
#7028 = CARTESIAN_POINT ( 'NONE',  ( 4.864889971370025989, 0.000000000000000000, -4.028443361963334191 ) ) ;
#7029 = AXIS2_PLACEMENT_3D ( 'NONE', #2185, #5348, #3797 ) ;
#7030 = EDGE_CURVE ( 'NONE', #5278, #8747, #1835, .T. ) ;
#7031 =( NAMED_UNIT ( * ) SI_UNIT ( $, .STERADIAN. ) SOLID_ANGLE_UNIT ( ) );
#7032 = EDGE_LOOP ( 'NONE', ( #5760, #7837, #557, #8965 ) ) ;
#7033 = FILL_AREA_STYLE_COLOUR ( '', #2217 ) ;
#7034 = SURFACE_SIDE_STYLE ('',( #2559 ) ) ;
#7035 = EDGE_CURVE ( 'NONE', #5585, #4272, #4736, .T. ) ;
#7036 = CARTESIAN_POINT ( 'NONE',  ( 1.374999999999999334, 4.069999999999999396, 4.685000000000003162 ) ) ;
#7037 = EDGE_LOOP ( 'NONE', ( #4078, #1815, #8365, #4853, #9158, #738, #7800, #779 ) ) ;
#7038 = FILL_AREA_STYLE_COLOUR ( '', #7588 ) ;
#7039 = CARTESIAN_POINT ( 'NONE',  ( 5.320000000000001172, 4.069999999999999396, 4.130000000000034532 ) ) ;
#7040 = CARTESIAN_POINT ( 'NONE',  ( 5.069035593728846933, 0.000000000000000000, 4.059999999999970299 ) ) ;
#7041 = EDGE_CURVE ( 'NONE', #4540, #1529, #6268, .T. ) ;
#7042 = SURFACE_STYLE_FILL_AREA ( #9067 ) ;
#7043 = DIRECTION ( 'NONE',  ( -0.000000000000000000, -0.000000000000000000, -1.000000000000000000 ) ) ;
#7044 = VERTEX_POINT ( 'NONE', #7734 ) ;
#7045 = EDGE_CURVE ( 'NONE', #1769, #1569, #8498, .T. ) ;
#7046 =( NAMED_UNIT ( * ) SI_UNIT ( $, .STERADIAN. ) SOLID_ANGLE_UNIT ( ) );
#7047 = VERTEX_POINT ( 'NONE', #1890 ) ;
#7048 = PLANE ( 'NONE',  #6079 ) ;
#7049 = UNCERTAINTY_MEASURE_WITH_UNIT (LENGTH_MEASURE( 1.000000000000000082E-05 ), #6566, 'distance_accuracy_value', 'NONE');
#7050 = CARTESIAN_POINT ( 'NONE',  ( 4.679999999999998828, 10.06999999999999851, -3.489999999999965574 ) ) ;
#7051 = ORIENTED_EDGE ( 'NONE', *, *, #7498, .F. ) ;
#7052 = LINE ( 'NONE', #465, #2364 ) ;
#7053 = EDGE_CURVE ( 'NONE', #12, #1047, #4834, .T. ) ;
#7054 = FILL_AREA_STYLE_COLOUR ( '', #1414 ) ;
#7055 = DIRECTION ( 'NONE',  ( -0.7071067811865482389, -0.000000000000000000, 0.7071067811865469066 ) ) ;
#7056 =( LENGTH_UNIT ( ) NAMED_UNIT ( * ) SI_UNIT ( .MILLI., .METRE. ) );
#7057 = ORIENTED_EDGE ( 'NONE', *, *, #6449, .T. ) ;
#7058 =( NAMED_UNIT ( * ) PLANE_ANGLE_UNIT ( ) SI_UNIT ( $, .RADIAN. ) );
#7059 = DIRECTION ( 'NONE',  ( 1.000000000000000000, 0.000000000000000000, -6.776263578034403699E-16 ) ) ;
#7060 = CARTESIAN_POINT ( 'NONE',  ( 2.676776695296635200, 0.000000000000000000, 3.633223304703330658 ) ) ;
#7061 = CARTESIAN_POINT ( 'NONE',  ( 2.249999999999997780, 0.000000000000000000, -3.740964406271183318 ) ) ;
#7062 = CARTESIAN_POINT ( 'NONE',  ( -3.625000000000000444, 4.069999999999999396, -2.934999999999982734 ) ) ;
#7063 = SURFACE_STYLE_FILL_AREA ( #2032 ) ;
#7064 = MECHANICAL_DESIGN_GEOMETRIC_PRESENTATION_REPRESENTATION (  '', ( #459 ), #772 ) ;
#7065 = DIRECTION ( 'NONE',  ( 1.000000000000000000, 0.000000000000000000, 0.000000000000000000 ) ) ;
#7066 = FACE_OUTER_BOUND ( 'NONE', #9431, .T. ) ;
#7067 = CARTESIAN_POINT ( 'NONE',  ( -4.823223304703365244, 0.000000000000000000, -3.986776695296669448 ) ) ;
#7068 = CARTESIAN_POINT ( 'NONE',  ( -2.635110028629974011, 0.000000000000000000, -3.591556638036728533 ) ) ;
#7069 = PRESENTATION_STYLE_ASSIGNMENT (( #4157 ) ) ;
#7070 = AXIS2_PLACEMENT_3D ( 'NONE', #2132, #5096, #8734 ) ;
#7071 = LINE ( 'NONE', #3314, #8062 ) ;
#7072 = EDGE_CURVE ( 'NONE', #8135, #5701, #2158, .T. ) ;
#7073 = SURFACE_STYLE_FILL_AREA ( #5575 ) ;
#7074 = FILL_AREA_STYLE_COLOUR ( '', #4389 ) ;
#7075 =( NAMED_UNIT ( * ) PLANE_ANGLE_UNIT ( ) SI_UNIT ( $, .RADIAN. ) );
#7076 = SURFACE_STYLE_FILL_AREA ( #1334 ) ;
#7077 = DIRECTION ( 'NONE',  ( 1.000000000000000000, 0.000000000000000000, -6.776263578034403699E-16 ) ) ;
#7078 = COLOUR_RGB ( '',0.2980392156862745057, 0.2980392156862745057, 0.2980392156862745057 ) ;
#7079 = EDGE_LOOP ( 'NONE', ( #501, #3850, #5192, #5912 ) ) ;
#7080 = ADVANCED_FACE ( 'NONE', ( #9312 ), #1725, .T. ) ;
#7081 = DIRECTION ( 'NONE',  ( 0.000000000000000000, 0.000000000000000000, 1.000000000000000000 ) ) ;
#7082 = ADVANCED_FACE ( 'NONE', ( #6540 ), #3615, .F. ) ;
#7083 = VECTOR ( 'NONE', #2692, 1000.000000000000000 ) ;
#7084 = FILL_AREA_STYLE_COLOUR ( '', #4636 ) ;
#7085 = EDGE_LOOP ( 'NONE', ( #4775, #7426, #4458, #8142 ) ) ;
#7086 = FILL_AREA_STYLE_COLOUR ( '', #9344 ) ;
#7087 = VECTOR ( 'NONE', #1814, 1000.000000000000000 ) ;
#7088 = CARTESIAN_POINT ( 'NONE',  ( 2.549999999999997602, -1.000000000000000000, -3.760000000000031761 ) ) ;
#7089 = DIRECTION ( 'NONE',  ( -0.000000000000000000, -1.000000000000000000, -0.000000000000000000 ) ) ;
#7090 = FACE_OUTER_BOUND ( 'NONE', #7363, .T. ) ;
#7091 = EDGE_LOOP ( 'NONE', ( #5112, #7280, #6162, #3768 ) ) ;
#7092 = FACE_OUTER_BOUND ( 'NONE', #6762, .T. ) ;
#7093 = EDGE_LOOP ( 'NONE', ( #8287, #4588, #6131, #189 ) ) ;
#7094 =( NAMED_UNIT ( * ) PLANE_ANGLE_UNIT ( ) SI_UNIT ( $, .RADIAN. ) );
#7095 = EDGE_CURVE ( 'NONE', #2856, #6207, #6484, .T. ) ;
#7096 = STYLED_ITEM ( 'NONE', ( #656 ), #675 ) ;
#7097 = CARTESIAN_POINT ( 'NONE',  ( -2.450000000000001954, -1.000000000000000000, -3.776666666666699257 ) ) ;
#7098 = VECTOR ( 'NONE', #3186, 1000.000000000000000 ) ;
#7099 = CARTESIAN_POINT ( 'NONE',  ( -5.319999999999999396, 10.06999999999999851, 4.130000000000034532 ) ) ;
#7100 = PRESENTATION_LAYER_ASSIGNMENT (  '', '', ( #2754 ) ) ;
#7101 = ORIENTED_EDGE ( 'NONE', *, *, #7611, .F. ) ;
#7102 = SURFACE_STYLE_FILL_AREA ( #8529 ) ;
#7103 = PLANE ( 'NONE',  #222 ) ;
#7104 = LINE ( 'NONE', #2638, #6044 ) ;
#7105 = EDGE_LOOP ( 'NONE', ( #4432, #8559, #5689, #2112 ) ) ;
#7106 = LINE ( 'NONE', #8376, #7884 ) ;
#7107 =( NAMED_UNIT ( * ) SI_UNIT ( $, .STERADIAN. ) SOLID_ANGLE_UNIT ( ) );
#7108 = MECHANICAL_DESIGN_GEOMETRIC_PRESENTATION_REPRESENTATION (  '', ( #4014 ), #5420 ) ;
#7109 =( GEOMETRIC_REPRESENTATION_CONTEXT ( 3 ) GLOBAL_UNCERTAINTY_ASSIGNED_CONTEXT ( ( #724 ) ) GLOBAL_UNIT_ASSIGNED_CONTEXT ( ( #7207, #7245, #670 ) ) REPRESENTATION_CONTEXT ( 'NONE', 'WORKASPACE' ) );
#7110 = PLANE ( 'NONE',  #5051 ) ;
#7111 = CARTESIAN_POINT ( 'NONE',  ( -2.180000000000001048, 4.069999999999999396, -3.489999999999965574 ) ) ;
#7112 = CARTESIAN_POINT ( 'NONE',  ( 0.2499999999999976130, 0.000000000000000000, -3.879035593728881182 ) ) ;
#7113 = CARTESIAN_POINT ( 'NONE',  ( 2.449999999999997513, -1.000000000000000000, -3.826666666666698635 ) ) ;
#7114 = CARTESIAN_POINT ( 'NONE',  ( 0.04999999999999883010, -1.000000000000000000, 3.759999999999968701 ) ) ;
#7115 = CARTESIAN_POINT ( 'NONE',  ( -7.620000000000001883, 0.000000000000000000, -6.349999999999997868 ) ) ;
#7116 = PRESENTATION_LAYER_ASSIGNMENT (  '', '', ( #5101 ) ) ;
#7117 =( NAMED_UNIT ( * ) SI_UNIT ( $, .STERADIAN. ) SOLID_ANGLE_UNIT ( ) );
#7118 =( GEOMETRIC_REPRESENTATION_CONTEXT ( 3 ) GLOBAL_UNCERTAINTY_ASSIGNED_CONTEXT ( ( #821 ) ) GLOBAL_UNIT_ASSIGNED_CONTEXT ( ( #4870, #7011, #5601 ) ) REPRESENTATION_CONTEXT ( 'NONE', 'WORKASPACE' ) );
#7119 = SURFACE_SIDE_STYLE ('',( #1283 ) ) ;
#7120 =( LENGTH_UNIT ( ) NAMED_UNIT ( * ) SI_UNIT ( .MILLI., .METRE. ) );
#7121 = SURFACE_STYLE_FILL_AREA ( #4844 ) ;
#7122 = SURFACE_STYLE_USAGE ( .BOTH. , #2654 ) ;
#7123 = VECTOR ( 'NONE', #7065, 1000.000000000000000 ) ;
#7124 = COLOUR_RGB ( '',0.3176470588235293935, 0.2470588235294117752, 0.2078431372549019440 ) ;
#7125 = FILL_AREA_STYLE ('',( #3230 ) ) ;
#7126 = VECTOR ( 'NONE', #8611, 1000.000000000000000 ) ;
#7127 = CARTESIAN_POINT ( 'NONE',  ( -5.050000000000002487, -1.000000000000000000, -3.760000000000031761 ) ) ;
#7128 = SURFACE_STYLE_FILL_AREA ( #4935 ) ;
#7129 =( NAMED_UNIT ( * ) SI_UNIT ( $, .STERADIAN. ) SOLID_ANGLE_UNIT ( ) );
#7130 =( GEOMETRIC_REPRESENTATION_CONTEXT ( 3 ) GLOBAL_UNCERTAINTY_ASSIGNED_CONTEXT ( ( #4292 ) ) GLOBAL_UNIT_ASSIGNED_CONTEXT ( ( #2450, #9130, #6971 ) ) REPRESENTATION_CONTEXT ( 'NONE', 'WORKASPACE' ) );
#7131 = FACE_BOUND ( 'NONE', #5980, .T. ) ;
#7132 = COLOUR_RGB ( '',0.2980392156862745057, 0.2980392156862745057, 0.2980392156862745057 ) ;
#7133 = DIRECTION ( 'NONE',  ( 0.000000000000000000, -1.000000000000000000, 0.000000000000000000 ) ) ;
#7134 = ORIENTED_EDGE ( 'NONE', *, *, #8951, .T. ) ;
#7135 = SURFACE_STYLE_USAGE ( .BOTH. , #6289 ) ;
#7136 = VECTOR ( 'NONE', #4947, 1000.000000000000000 ) ;
#7137 = VECTOR ( 'NONE', #3468, 1000.000000000000000 ) ;
#7138 =( GEOMETRIC_REPRESENTATION_CONTEXT ( 3 ) GLOBAL_UNCERTAINTY_ASSIGNED_CONTEXT ( ( #5813 ) ) GLOBAL_UNIT_ASSIGNED_CONTEXT ( ( #579, #4882, #7117 ) ) REPRESENTATION_CONTEXT ( 'NONE', 'WORKASPACE' ) );
#7139 =( NAMED_UNIT ( * ) SI_UNIT ( $, .STERADIAN. ) SOLID_ANGLE_UNIT ( ) );
#7140 = ORIENTED_EDGE ( 'NONE', *, *, #7662, .T. ) ;
#7141 = LINE ( 'NONE', #9245, #2942 ) ;
#7142 =( NAMED_UNIT ( * ) SI_UNIT ( $, .STERADIAN. ) SOLID_ANGLE_UNIT ( ) );
#7143 = ADVANCED_FACE ( 'NONE', ( #4349 ), #7291, .F. ) ;
#7144 =( LENGTH_UNIT ( ) NAMED_UNIT ( * ) SI_UNIT ( .MILLI., .METRE. ) );
#7145 = VECTOR ( 'NONE', #5997, 1000.000000000000000 ) ;
#7146 = VERTEX_POINT ( 'NONE', #5216 ) ;
#7147 = VERTEX_POINT ( 'NONE', #4441 ) ;
#7148 = LINE ( 'NONE', #552, #230 ) ;
#7149 = COLOUR_RGB ( '',0.2980392156862745057, 0.2980392156862745057, 0.2980392156862745057 ) ;
#7150 =( LENGTH_UNIT ( ) NAMED_UNIT ( * ) SI_UNIT ( .MILLI., .METRE. ) );
#7151 = EDGE_CURVE ( 'NONE', #5419, #2258, #5269, .T. ) ;
#7152 = VERTEX_POINT ( 'NONE', #3910 ) ;
#7153 = FACE_OUTER_BOUND ( 'NONE', #8225, .T. ) ;
#7154 = SURFACE_STYLE_FILL_AREA ( #8565 ) ;
#7155 = UNCERTAINTY_MEASURE_WITH_UNIT (LENGTH_MEASURE( 1.000000000000000082E-05 ), #247, 'distance_accuracy_value', 'NONE');
#7156 = CARTESIAN_POINT ( 'NONE',  ( -6.125000000000000000, 4.069999999999999396, 2.934999999999968523 ) ) ;
#7157 = FACE_OUTER_BOUND ( 'NONE', #3795, .T. ) ;
#7158 = VERTEX_POINT ( 'NONE', #8858 ) ;
#7159 = FILL_AREA_STYLE_COLOUR ( '', #4500 ) ;
#7160 = AXIS2_PLACEMENT_3D ( 'NONE', #1875, #1924, #6210 ) ;
#7161 = ORIENTED_EDGE ( 'NONE', *, *, #8847, .F. ) ;
#7162 = LINE ( 'NONE', #574, #8935 ) ;
#7163 =( LENGTH_UNIT ( ) NAMED_UNIT ( * ) SI_UNIT ( .MILLI., .METRE. ) );
#7164 = VECTOR ( 'NONE', #5767, 1000.000000000000000 ) ;
#7165 = CARTESIAN_POINT ( 'NONE',  ( 2.179999999999998828, 10.06999999999999851, -4.129999999999965254 ) ) ;
#7166 = PRESENTATION_LAYER_ASSIGNMENT (  '', '', ( #413 ) ) ;
#7167 = FILL_AREA_STYLE ('',( #5616 ) ) ;
#7168 =( NAMED_UNIT ( * ) SI_UNIT ( $, .STERADIAN. ) SOLID_ANGLE_UNIT ( ) );
#7169 = ORIENTED_EDGE ( 'NONE', *, *, #163, .F. ) ;
#7170 = CARTESIAN_POINT ( 'NONE',  ( -2.323223304703364800, 0.000000000000000000, -3.633223304703394163 ) ) ;
#7171 = CIRCLE ( 'NONE', #8679, 0.2500000000000002220 ) ;
#7172 = VECTOR ( 'NONE', #6746, 1000.000000000000000 ) ;
#7173 = SURFACE_STYLE_FILL_AREA ( #7877 ) ;
#7174 = SURFACE_SIDE_STYLE ('',( #7932 ) ) ;
#7175 = CARTESIAN_POINT ( 'NONE',  ( 2.323223304703359915, 0.000000000000000000, 3.986776695296604167 ) ) ;
#7176 = MECHANICAL_DESIGN_GEOMETRIC_PRESENTATION_REPRESENTATION (  '', ( #5166 ), #3779 ) ;
#7177 = CARTESIAN_POINT ( 'NONE',  ( 1.624999999999999556, 4.069999999999999396, 2.685000000000003606 ) ) ;
#7178 = LINE ( 'NONE', #7939, #6350 ) ;
#7179 = DIRECTION ( 'NONE',  ( -0.1247869418429888855, 0.9843050534722199707, 0.1247869418429863320 ) ) ;
#7180 = ORIENTED_EDGE ( 'NONE', *, *, #2212, .T. ) ;
#7181 = PRESENTATION_LAYER_ASSIGNMENT (  '', '', ( #4709 ) ) ;
#7182 = PRESENTATION_STYLE_ASSIGNMENT (( #7362 ) ) ;
#7183 = CARTESIAN_POINT ( 'NONE',  ( -0.05000000000000229955, -1.000000000000000000, -3.860000000000031406 ) ) ;
#7184 = CARTESIAN_POINT ( 'NONE',  ( -2.323223304703363912, 0.000000000000000000, 3.986776695296605943 ) ) ;
#7185 = ORIENTED_EDGE ( 'NONE', *, *, #5244, .T. ) ;
#7186 = SURFACE_STYLE_FILL_AREA ( #1384 ) ;
#7187 = ORIENTED_EDGE ( 'NONE', *, *, #5991, .F. ) ;
#7188 = ORIENTED_EDGE ( 'NONE', *, *, #2562, .F. ) ;
#7189 = CARTESIAN_POINT ( 'NONE',  ( -3.625000000000000444, 4.069999999999999396, -4.684999999999982734 ) ) ;
#7190 = CARTESIAN_POINT ( 'NONE',  ( -2.450000000000001954, -1.000000000000000000, -3.826666666666699523 ) ) ;
#7191 =( NAMED_UNIT ( * ) SI_UNIT ( $, .STERADIAN. ) SOLID_ANGLE_UNIT ( ) );
#7192 = ORIENTED_EDGE ( 'NONE', *, *, #2221, .F. ) ;
#7193 =( NAMED_UNIT ( * ) SI_UNIT ( $, .STERADIAN. ) SOLID_ANGLE_UNIT ( ) );
#7194 = DIRECTION ( 'NONE',  ( -0.000000000000000000, -1.000000000000000000, -0.000000000000000000 ) ) ;
#7195 = CARTESIAN_POINT ( 'NONE',  ( 6.124999999999999112, 1.570000000000000062, 4.685000000000003162 ) ) ;
#7196 = CARTESIAN_POINT ( 'NONE',  ( -2.500000000000001776, 0.000000000000000000, -3.810000000000031140 ) ) ;
#7197 = ORIENTED_EDGE ( 'NONE', *, *, #3351, .F. ) ;
#7198 = CARTESIAN_POINT ( 'NONE',  ( -2.179999999999999272, 4.069999999999999396, 4.130000000000034532 ) ) ;
#7199 = ORIENTED_EDGE ( 'NONE', *, *, #969, .F. ) ;
#7200 = EDGE_CURVE ( 'NONE', #5800, #1686, #2257, .T. ) ;
#7201 = ADVANCED_FACE ( 'NONE', ( #7390 ), #2354, .F. ) ;
#7202 = DIRECTION ( 'NONE',  ( 0.7071067811865475727, -0.000000000000000000, 0.7071067811865475727 ) ) ;
#7203 = DIRECTION ( 'NONE',  ( 1.000000000000000000, -0.000000000000000000, -0.000000000000000000 ) ) ;
#7204 = DIRECTION ( 'NONE',  ( 1.000000000000000000, -0.000000000000000000, -0.000000000000000000 ) ) ;
#7205 = VERTEX_POINT ( 'NONE', #6827 ) ;
#7206 =( NAMED_UNIT ( * ) SI_UNIT ( $, .STERADIAN. ) SOLID_ANGLE_UNIT ( ) );
#7207 =( LENGTH_UNIT ( ) NAMED_UNIT ( * ) SI_UNIT ( .MILLI., .METRE. ) );
#7208 = FILL_AREA_STYLE ('',( #3464 ) ) ;
#7209 = ORIENTED_EDGE ( 'NONE', *, *, #2344, .T. ) ;
#7210 = CARTESIAN_POINT ( 'NONE',  ( -2.718443361963306160, 0.000000000000000000, -3.945110028630001153 ) ) ;
#7211 = CARTESIAN_POINT ( 'NONE',  ( 4.680000000000000604, 4.069999999999999396, 4.130000000000034532 ) ) ;
#7212 =( LENGTH_UNIT ( ) NAMED_UNIT ( * ) SI_UNIT ( .MILLI., .METRE. ) );
#7213 = EDGE_CURVE ( 'NONE', #5864, #2090, #2395, .T. ) ;
#7214 =( NAMED_UNIT ( * ) SI_UNIT ( $, .STERADIAN. ) SOLID_ANGLE_UNIT ( ) );
#7215 = FACE_OUTER_BOUND ( 'NONE', #1365, .T. ) ;
#7216 = VERTEX_POINT ( 'NONE', #8987 ) ;
#7217 = AXIS2_PLACEMENT_3D ( 'NONE', #3180, #2272, #7416 ) ;
#7218 = EDGE_CURVE ( 'NONE', #8983, #25, #5362, .T. ) ;
#7219 = FILL_AREA_STYLE_COLOUR ( '', #9229 ) ;
#7220 = FILL_AREA_STYLE ('',( #5948 ) ) ;
#7221 = ORIENTED_EDGE ( 'NONE', *, *, #6958, .F. ) ;
#7222 = MECHANICAL_DESIGN_GEOMETRIC_PRESENTATION_REPRESENTATION (  '', ( #3823 ), #2110 ) ;
#7223 = PLANE ( 'NONE',  #8336 ) ;
#7224 = CARTESIAN_POINT ( 'NONE',  ( -5.320000000000001172, 4.069999999999999396, -4.129999999999965254 ) ) ;
#7225 = ORIENTED_EDGE ( 'NONE', *, *, #8385, .F. ) ;
#7226 = CARTESIAN_POINT ( 'NONE',  ( -5.875000000000000888, 1.570000000000000062, 4.934999999999968523 ) ) ;
#7227 = VERTEX_POINT ( 'NONE', #242 ) ;
#7228 = MECHANICAL_DESIGN_GEOMETRIC_PRESENTATION_REPRESENTATION (  '', ( #8890 ), #2736 ) ;
#7229 = LINE ( 'NONE', #3546, #5236 ) ;
#7230 = ORIENTED_EDGE ( 'NONE', *, *, #693, .F. ) ;
#7231 = CARTESIAN_POINT ( 'NONE',  ( 1.374999999999999556, 4.069999999999999396, 2.935000000000003606 ) ) ;
#7232 = FACE_OUTER_BOUND ( 'NONE', #8763, .T. ) ;
#7233 = VERTEX_POINT ( 'NONE', #3119 ) ;
#7234 = CARTESIAN_POINT ( 'NONE',  ( -2.450000000000001954, -1.000000000000000000, -3.860000000000031406 ) ) ;
#7235 = DIRECTION ( 'NONE',  ( -1.000000000000000000, 0.000000000000000000, 6.776263578034403699E-16 ) ) ;
#7236 = PRESENTATION_LAYER_ASSIGNMENT (  '', '', ( #1985 ) ) ;
#7237 = ORIENTED_EDGE ( 'NONE', *, *, #6415, .F. ) ;
#7238 = VECTOR ( 'NONE', #3111, 1000.000000000000000 ) ;
#7239 = FILL_AREA_STYLE_COLOUR ( '', #2811 ) ;
#7240 = CARTESIAN_POINT ( 'NONE',  ( -0.3200000000000008393, 10.06999999999999851, -4.129999999999965254 ) ) ;
#7241 = ORIENTED_EDGE ( 'NONE', *, *, #1873, .T. ) ;
#7242 = PRESENTATION_LAYER_ASSIGNMENT (  '', '', ( #6799 ) ) ;
#7243 = VECTOR ( 'NONE', #3076, 1000.000000000000114 ) ;
#7244 = CARTESIAN_POINT ( 'NONE',  ( 6.124999999999999112, 4.069999999999999396, -4.684999999999999609 ) ) ;
#7245 =( NAMED_UNIT ( * ) PLANE_ANGLE_UNIT ( ) SI_UNIT ( $, .RADIAN. ) );
#7246 = DIRECTION ( 'NONE',  ( 0.000000000000000000, -1.000000000000000000, 0.000000000000000000 ) ) ;
#7247 = ORIENTED_EDGE ( 'NONE', *, *, #8643, .F. ) ;
#7248 = VECTOR ( 'NONE', #6884, 1000.000000000000000 ) ;
#7249 = UNCERTAINTY_MEASURE_WITH_UNIT (LENGTH_MEASURE( 1.000000000000000082E-05 ), #3277, 'distance_accuracy_value', 'NONE');
#7250 =( NAMED_UNIT ( * ) PLANE_ANGLE_UNIT ( ) SI_UNIT ( $, .RADIAN. ) );
#7251 = COLOUR_RGB ( '',0.3176470588235293935, 0.2470588235294117752, 0.2078431372549019440 ) ;
#7252 = SURFACE_SIDE_STYLE ('',( #7173 ) ) ;
#7253 = SURFACE_STYLE_USAGE ( .BOTH. , #4307 ) ;
#7254 = B_SPLINE_SURFACE_WITH_KNOTS ( 'NONE', 3, 1, ( 
 ( #3971, #3175 ),
 ( #8374, #6141 ),
 ( #2459, #5380 ),
 ( #8312, #5479 ),
 ( #4701, #6180 ),
 ( #5340, #9041 ) ),
 .UNSPECIFIED., .F., .F., .F.,
 ( 4, 2, 4 ),
 ( 2, 2 ),
 ( 0.000000000000000000, 0.5000000000000000000, 1.000000000000000000 ),
 ( 0.000000000000000000, 1.000000000000000000 ),
 .UNSPECIFIED. ) ;
#7255 = MECHANICAL_DESIGN_GEOMETRIC_PRESENTATION_REPRESENTATION (  '', ( #4932 ), #2143 ) ;
#7256 = CARTESIAN_POINT ( 'NONE',  ( -2.819999999999998952, 10.06999999999999851, 3.490000000000034852 ) ) ;
#7257 = DIRECTION ( 'NONE',  ( -0.000000000000000000, 1.000000000000000000, 0.000000000000000000 ) ) ;
#7258 = ADVANCED_FACE ( 'NONE', ( #4629 ), #6895, .T. ) ;
#7259 = FILL_AREA_STYLE ('',( #4311 ) ) ;
#7260 = CARTESIAN_POINT ( 'NONE',  ( 1.124999999999998224, 1.570000000000000062, -4.684999999999999609 ) ) ;
#7261 = CARTESIAN_POINT ( 'NONE',  ( -5.000000000000001776, 0.000000000000000000, -3.810000000000031140 ) ) ;
#7262 = PRESENTATION_LAYER_ASSIGNMENT (  '', '', ( #6672 ) ) ;
#7263 = ORIENTED_EDGE ( 'NONE', *, *, #9441, .T. ) ;
#7264 = VECTOR ( 'NONE', #296, 1000.000000000000000 ) ;
#7265 = VECTOR ( 'NONE', #880, 1000.000000000000000 ) ;
#7266 = STYLED_ITEM ( 'NONE', ( #610 ), #5078 ) ;
#7267 = VERTEX_POINT ( 'NONE', #1826 ) ;
#7268 = VECTOR ( 'NONE', #7194, 1000.000000000000000 ) ;
#7269 = FILL_AREA_STYLE_COLOUR ( '', #6683 ) ;
#7270 = LINE ( 'NONE', #8093, #3576 ) ;
#7271 = SURFACE_STYLE_USAGE ( .BOTH. , #6511 ) ;
#7272 = AXIS2_PLACEMENT_3D ( 'NONE', #1936, #8450, #7022 ) ;
#7273 = VERTEX_POINT ( 'NONE', #4050 ) ;
#7274 = VECTOR ( 'NONE', #206, 1000.000000000000000 ) ;
#7275 = VECTOR ( 'NONE', #3490, 1000.000000000000000 ) ;
#7276 =( NAMED_UNIT ( * ) SI_UNIT ( $, .STERADIAN. ) SOLID_ANGLE_UNIT ( ) );
#7277 = VERTEX_POINT ( 'NONE', #290 ) ;
#7278 = DIRECTION ( 'NONE',  ( 0.7071067811865479058, 0.000000000000000000, 0.7071067811865472397 ) ) ;
#7279 = PRESENTATION_LAYER_ASSIGNMENT (  '', '', ( #4038 ) ) ;
#7280 = ORIENTED_EDGE ( 'NONE', *, *, #5244, .F. ) ;
#7281 = COLOUR_RGB ( '',0.2980392156862745057, 0.2980392156862745057, 0.2980392156862745057 ) ;
#7282 = CARTESIAN_POINT ( 'NONE',  ( -5.875000000000000888, 1.570000000000000062, 2.684999999999968523 ) ) ;
#7283 = SURFACE_STYLE_USAGE ( .BOTH. , #2820 ) ;
#7284 = LINE ( 'NONE', #2144, #4310 ) ;
#7285 = EDGE_LOOP ( 'NONE', ( #5105, #3608, #164, #8715 ) ) ;
#7286 = CARTESIAN_POINT ( 'NONE',  ( 2.483333333333329396, -1.000000000000000000, 3.759999999999968701 ) ) ;
#7287 = ORIENTED_EDGE ( 'NONE', *, *, #3315, .T. ) ;
#7288 = DIRECTION ( 'NONE',  ( 0.7071067811865479058, 0.000000000000000000, 0.7071067811865472397 ) ) ;
#7289 = VERTEX_POINT ( 'NONE', #8357 ) ;
#7290 = UNCERTAINTY_MEASURE_WITH_UNIT (LENGTH_MEASURE( 1.000000000000000082E-05 ), #5440, 'distance_accuracy_value', 'NONE');
#7291 = PLANE ( 'NONE',  #543 ) ;
#7292 = LINE ( 'NONE', #8069, #9037 ) ;
#7293 = ORIENTED_EDGE ( 'NONE', *, *, #2870, .F. ) ;
#7294 = DIRECTION ( 'NONE',  ( -6.776263578034403699E-16, 0.000000000000000000, -1.000000000000000000 ) ) ;
#7295 = CARTESIAN_POINT ( 'NONE',  ( -2.550000000000001599, -1.000000000000000000, 3.859999999999968345 ) ) ;
#7296 = DIRECTION ( 'NONE',  ( 1.000000000000000000, 0.000000000000000000, 0.000000000000000000 ) ) ;
#7297 = SURFACE_STYLE_FILL_AREA ( #8012 ) ;
#7298 = MECHANICAL_DESIGN_GEOMETRIC_PRESENTATION_REPRESENTATION (  '', ( #8517 ), #4988 ) ;
#7299 = VERTEX_POINT ( 'NONE', #3957 ) ;
#7300 = FILL_AREA_STYLE ('',( #6550 ) ) ;
#7301 = MECHANICAL_DESIGN_GEOMETRIC_PRESENTATION_REPRESENTATION (  '', ( #8961 ), #3431 ) ;
#7302 = VECTOR ( 'NONE', #5463, 1000.000000000000000 ) ;
#7303 = DIRECTION ( 'NONE',  ( 0.000000000000000000, -0.000000000000000000, 1.000000000000000000 ) ) ;
#7304 = EDGE_CURVE ( 'NONE', #3493, #9120, #2491, .T. ) ;
#7305 = LINE ( 'NONE', #731, #1679 ) ;
#7306 = CARTESIAN_POINT ( 'NONE',  ( 5.176776695296636532, 0.000000000000000000, 3.986776695296605943 ) ) ;
#7307 = PRESENTATION_STYLE_ASSIGNMENT (( #8030 ) ) ;
#7308 = DIRECTION ( 'NONE',  ( -0.000000000000000000, -1.000000000000000000, -0.000000000000000000 ) ) ;
#7309 = FILL_AREA_STYLE ('',( #157 ) ) ;
#7310 = FACE_BOUND ( 'NONE', #8862, .T. ) ;
#7311 = CARTESIAN_POINT ( 'NONE',  ( 3.624999999999998668, 4.069999999999999396, -4.684999999999999609 ) ) ;
#7312 = MECHANICAL_DESIGN_GEOMETRIC_PRESENTATION_REPRESENTATION (  '', ( #1770 ), #717 ) ;
#7313 = COLOUR_RGB ( '',0.3176470588235293935, 0.2470588235294117752, 0.2078431372549019440 ) ;
#7314 = ORIENTED_EDGE ( 'NONE', *, *, #9390, .F. ) ;
#7315 = ORIENTED_EDGE ( 'NONE', *, *, #3987, .T. ) ;
#7316 = EDGE_CURVE ( 'NONE', #1382, #7673, #8440, .T. ) ;
#7317 =( LENGTH_UNIT ( ) NAMED_UNIT ( * ) SI_UNIT ( .MILLI., .METRE. ) );
#7318 = CARTESIAN_POINT ( 'NONE',  ( -3.875000000000000888, 4.069999999999999396, 4.684999999999968523 ) ) ;
#7319 =( GEOMETRIC_REPRESENTATION_CONTEXT ( 3 ) GLOBAL_UNCERTAINTY_ASSIGNED_CONTEXT ( ( #1045 ) ) GLOBAL_UNIT_ASSIGNED_CONTEXT ( ( #6319, #1771, #3979 ) ) REPRESENTATION_CONTEXT ( 'NONE', 'WORKASPACE' ) );
#7320 =( NAMED_UNIT ( * ) SI_UNIT ( $, .STERADIAN. ) SOLID_ANGLE_UNIT ( ) );
#7321 = STYLED_ITEM ( 'NONE', ( #5431 ), #7672 ) ;
#7322 = ORIENTED_EDGE ( 'NONE', *, *, #5581, .T. ) ;
#7323 = CARTESIAN_POINT ( 'NONE',  ( -4.125000000000000888, 4.069999999999999396, 2.684999999999968523 ) ) ;
#7324 = CARTESIAN_POINT ( 'NONE',  ( 0.3199999999999991185, 10.06999999999999851, -3.489999999999965574 ) ) ;
#7325 = VERTEX_POINT ( 'NONE', #7050 ) ;
#7326 =( GEOMETRIC_REPRESENTATION_CONTEXT ( 3 ) GLOBAL_UNCERTAINTY_ASSIGNED_CONTEXT ( ( #9155 ) ) GLOBAL_UNIT_ASSIGNED_CONTEXT ( ( #4016, #1805, #2073 ) ) REPRESENTATION_CONTEXT ( 'NONE', 'WORKASPACE' ) );
#7327 = COLOUR_RGB ( '',0.3176470588235293935, 0.2470588235294117752, 0.2078431372549019440 ) ;
#7328 = EDGE_LOOP ( 'NONE', ( #2282, #4407, #3941, #1487 ) ) ;
#7329 = LINE ( 'NONE', #749, #8209 ) ;
#7330 = EDGE_CURVE ( 'NONE', #4722, #1529, #462, .T. ) ;
#7331 = DIRECTION ( 'NONE',  ( 1.000000000000000000, 0.000000000000000000, -0.000000000000000000 ) ) ;
#7332 = FILL_AREA_STYLE_COLOUR ( '', #2595 ) ;
#7333 = VERTEX_POINT ( 'NONE', #3202 ) ;
#7334 = LINE ( 'NONE', #7231, #7268 ) ;
#7335 = FILL_AREA_STYLE ('',( #8111 ) ) ;
#7336 = EDGE_CURVE ( 'NONE', #8003, #6126, #3293, .T. ) ;
#7337 = CARTESIAN_POINT ( 'NONE',  ( 5.049999999999997158, -1.000000000000000000, -3.843333333333365687 ) ) ;
#7338 = ORIENTED_EDGE ( 'NONE', *, *, #4899, .T. ) ;
#7339 = CARTESIAN_POINT ( 'NONE',  ( -2.179999999999999272, 10.06999999999999851, 3.490000000000034852 ) ) ;
#7340 = CARTESIAN_POINT ( 'NONE',  ( 4.999999999999999112, 0.000000000000000000, 3.809999999999968967 ) ) ;
#7341 = PLANE ( 'NONE',  #6223 ) ;
#7342 = VERTEX_POINT ( 'NONE', #3157 ) ;
#7343 =( NAMED_UNIT ( * ) SI_UNIT ( $, .STERADIAN. ) SOLID_ANGLE_UNIT ( ) );
#7344 = LINE ( 'NONE', #764, #6631 ) ;
#7345 = ORIENTED_EDGE ( 'NONE', *, *, #6382, .T. ) ;
#7346 = LINE ( 'NONE', #5923, #2983 ) ;
#7347 = CARTESIAN_POINT ( 'NONE',  ( -5.319999999999999396, 4.069999999999999396, 3.490000000000034852 ) ) ;
#7348 = LINE ( 'NONE', #8815, #8781 ) ;
#7349 = EDGE_LOOP ( 'NONE', ( #2275, #4276, #6605, #2739 ) ) ;
#7350 = UNCERTAINTY_MEASURE_WITH_UNIT (LENGTH_MEASURE( 1.000000000000000082E-05 ), #41, 'distance_accuracy_value', 'NONE');
#7351 = CARTESIAN_POINT ( 'NONE',  ( -1.375000000000001110, 4.069999999999999396, 4.684999999999986287 ) ) ;
#7352 = FILL_AREA_STYLE_COLOUR ( '', #1902 ) ;
#7353 = DIRECTION ( 'NONE',  ( -0.7071067811865474617, -0.000000000000000000, -0.7071067811865474617 ) ) ;
#7354 = PLANE ( 'NONE',  #881 ) ;
#7355 =( NAMED_UNIT ( * ) SI_UNIT ( $, .STERADIAN. ) SOLID_ANGLE_UNIT ( ) );
#7356 = DIRECTION ( 'NONE',  ( 0.000000000000000000, -1.000000000000000000, 0.000000000000000000 ) ) ;
#7357 =( NAMED_UNIT ( * ) SI_UNIT ( $, .STERADIAN. ) SOLID_ANGLE_UNIT ( ) );
#7358 =( NAMED_UNIT ( * ) PLANE_ANGLE_UNIT ( ) SI_UNIT ( $, .RADIAN. ) );
#7359 = ORIENTED_EDGE ( 'NONE', *, *, #3668, .T. ) ;
#7360 = EDGE_LOOP ( 'NONE', ( #1909, #4526, #7134, #8255 ) ) ;
#7361 = EDGE_CURVE ( 'NONE', #8830, #6021, #1758, .T. ) ;
#7362 = SURFACE_STYLE_USAGE ( .BOTH. , #8733 ) ;
#7363 = EDGE_LOOP ( 'NONE', ( #68, #4808, #4770, #889 ) ) ;
#7364 = PLANE ( 'NONE',  #6570 ) ;
#7365 = EDGE_CURVE ( 'NONE', #659, #4387, #1790, .T. ) ;
#7366 =( NAMED_UNIT ( * ) PLANE_ANGLE_UNIT ( ) SI_UNIT ( $, .RADIAN. ) );
#7367 = DIRECTION ( 'NONE',  ( 0.000000000000000000, -1.000000000000000000, 0.000000000000000000 ) ) ;
#7368 = ADVANCED_FACE ( 'NONE', ( #6298 ), #8350, .T. ) ;
#7369 = CARTESIAN_POINT ( 'NONE',  ( 5.049999999999998934, -1.000000000000000000, 3.759999999999968701 ) ) ;
#7370 = EDGE_LOOP ( 'NONE', ( #8384, #6571, #5346, #5465 ) ) ;
#7371 = UNCERTAINTY_MEASURE_WITH_UNIT (LENGTH_MEASURE( 1.000000000000000082E-05 ), #4784, 'distance_accuracy_value', 'NONE');
#7372 = CARTESIAN_POINT ( 'NONE',  ( -0.1767766952966388638, 0.000000000000000000, 3.633223304703332435 ) ) ;
#7373 = ADVANCED_FACE ( 'NONE', ( #7850 ), #555, .F. ) ;
#7374 = ORIENTED_EDGE ( 'NONE', *, *, #6195, .F. ) ;
#7375 = LINE ( 'NONE', #9398, #6833 ) ;
#7376 = CARTESIAN_POINT ( 'NONE',  ( 5.320000000000001172, 10.06999999999999851, 3.490000000000034852 ) ) ;
#7377 = PRESENTATION_LAYER_ASSIGNMENT (  '', '', ( #6779 ) ) ;
#7378 = EDGE_CURVE ( 'NONE', #8067, #5245, #2769, .T. ) ;
#7379 = FACE_OUTER_BOUND ( 'NONE', #1431, .T. ) ;
#7380 = CARTESIAN_POINT ( 'NONE',  ( -0.3199999999999991185, 10.06999999999999851, 3.490000000000034852 ) ) ;
#7381 = ORIENTED_EDGE ( 'NONE', *, *, #5721, .F. ) ;
#7382 = ADVANCED_FACE ( 'NONE', ( #1347 ), #3545, .F. ) ;
#7383 =( LENGTH_UNIT ( ) NAMED_UNIT ( * ) SI_UNIT ( .MILLI., .METRE. ) );
#7384 =( LENGTH_UNIT ( ) NAMED_UNIT ( * ) SI_UNIT ( .MILLI., .METRE. ) );
#7385 = PLANE ( 'NONE',  #6642 ) ;
#7386 = ORIENTED_EDGE ( 'NONE', *, *, #6112, .F. ) ;
#7387 = DIRECTION ( 'NONE',  ( 1.000000000000000000, 0.000000000000000000, 0.000000000000000000 ) ) ;
#7388 = VERTEX_POINT ( 'NONE', #943 ) ;
#7389 = UNCERTAINTY_MEASURE_WITH_UNIT (LENGTH_MEASURE( 1.000000000000000082E-05 ), #6754, 'distance_accuracy_value', 'NONE');
#7390 = FACE_OUTER_BOUND ( 'NONE', #8262, .T. ) ;
#7391 =( NAMED_UNIT ( * ) SI_UNIT ( $, .STERADIAN. ) SOLID_ANGLE_UNIT ( ) );
#7392 = ORIENTED_EDGE ( 'NONE', *, *, #4612, .T. ) ;
#7393 = LINE ( 'NONE', #2107, #1764 ) ;
#7394 =( LENGTH_UNIT ( ) NAMED_UNIT ( * ) SI_UNIT ( .MILLI., .METRE. ) );
#7395 = CARTESIAN_POINT ( 'NONE',  ( -5.218443361963305271, -3.295533442742040090E-19, 3.674889971369998953 ) ) ;
#7396 = ORIENTED_EDGE ( 'NONE', *, *, #3944, .F. ) ;
#7397 = AXIS2_PLACEMENT_3D ( 'NONE', #8841, #1629, #7557 ) ;
#7398 =( LENGTH_UNIT ( ) NAMED_UNIT ( * ) SI_UNIT ( .MILLI., .METRE. ) );
#7399 = ADVANCED_FACE ( 'NONE', ( #174 ), #8884, .F. ) ;
#7400 =( GEOMETRIC_REPRESENTATION_CONTEXT ( 3 ) GLOBAL_UNCERTAINTY_ASSIGNED_CONTEXT ( ( #6588 ) ) GLOBAL_UNIT_ASSIGNED_CONTEXT ( ( #8977, #7567, #7703 ) ) REPRESENTATION_CONTEXT ( 'NONE', 'WORKASPACE' ) );
#7401 = CARTESIAN_POINT ( 'NONE',  ( 0.3199999999999991185, 4.069999999999999396, -3.489999999999965574 ) ) ;
#7402 =( NAMED_UNIT ( * ) SI_UNIT ( $, .STERADIAN. ) SOLID_ANGLE_UNIT ( ) );
#7403 = AXIS2_PLACEMENT_3D ( 'NONE', #512, #4973, #609 ) ;
#7404 = VECTOR ( 'NONE', #561, 1000.000000000000000 ) ;
#7405 = DIRECTION ( 'NONE',  ( 0.000000000000000000, 0.000000000000000000, -1.000000000000000000 ) ) ;
#7406 = FACE_OUTER_BOUND ( 'NONE', #1721, .T. ) ;
#7407 = LINE ( 'NONE', #5828, #5150 ) ;
#7408 = FILL_AREA_STYLE_COLOUR ( '', #2836 ) ;
#7409 =( GEOMETRIC_REPRESENTATION_CONTEXT ( 3 ) GLOBAL_UNCERTAINTY_ASSIGNED_CONTEXT ( ( #8017 ) ) GLOBAL_UNIT_ASSIGNED_CONTEXT ( ( #4756, #4128, #9147 ) ) REPRESENTATION_CONTEXT ( 'NONE', 'WORKASPACE' ) );
#7410 = PRESENTATION_LAYER_ASSIGNMENT (  '', '', ( #2145 ) ) ;
#7411 = DIRECTION ( 'NONE',  ( 0.000000000000000000, 0.000000000000000000, -1.000000000000000000 ) ) ;
#7412 = FACE_BOUND ( 'NONE', #3889, .T. ) ;
#7413 = ORIENTED_EDGE ( 'NONE', *, *, #2271, .F. ) ;
#7414 = VERTEX_POINT ( 'NONE', #3761 ) ;
#7415 = COLOUR_RGB ( '',0.2862745098039215508, 0.6627450980392156632, 0.3294117647058823484 ) ;
#7416 = DIRECTION ( 'NONE',  ( 0.000000000000000000, 0.000000000000000000, 1.000000000000000000 ) ) ;
#7417 = CARTESIAN_POINT ( 'NONE',  ( -2.180000000000001048, 10.06999999999999851, -3.489999999999965574 ) ) ;
#7418 = EDGE_LOOP ( 'NONE', ( #5260, #4371, #1495, #6636 ) ) ;
#7419 = DIRECTION ( 'NONE',  ( -0.000000000000000000, -1.000000000000000000, -0.000000000000000000 ) ) ;
#7420 = DIRECTION ( 'NONE',  ( 0.7071067811865472397, -0.000000000000000000, 0.7071067811865479058 ) ) ;
#7421 = B_SPLINE_SURFACE_WITH_KNOTS ( 'NONE', 3, 1, ( 
 ( #8674, #8264 ),
 ( #1552, #3160 ),
 ( #6167, #6738 ),
 ( #3032, #4589 ),
 ( #874, #5274 ),
 ( #2259, #191 ) ),
 .UNSPECIFIED., .F., .F., .F.,
 ( 4, 2, 4 ),
 ( 2, 2 ),
 ( 0.000000000000000000, 0.5000000000000000000, 1.000000000000000000 ),
 ( 0.000000000000000000, 1.000000000000000000 ),
 .UNSPECIFIED. ) ;
#7422 = DIRECTION ( 'NONE',  ( 0.000000000000000000, -1.000000000000000000, 0.000000000000000000 ) ) ;
#7423 = STYLED_ITEM ( 'NONE', ( #8953 ), #2657 ) ;
#7424 = VECTOR ( 'NONE', #8470, 1000.000000000000000 ) ;
#7425 = PRESENTATION_LAYER_ASSIGNMENT (  '', '', ( #365 ) ) ;
#7426 = ORIENTED_EDGE ( 'NONE', *, *, #3641, .F. ) ;
#7427 = UNCERTAINTY_MEASURE_WITH_UNIT (LENGTH_MEASURE( 1.000000000000000082E-05 ), #102, 'distance_accuracy_value', 'NONE');
#7428 = CARTESIAN_POINT ( 'NONE',  ( 0.8749999999999990008, 4.069999999999999396, -4.935000000000000497 ) ) ;
#7429 = ORIENTED_EDGE ( 'NONE', *, *, #7665, .T. ) ;
#7430 = CARTESIAN_POINT ( 'NONE',  ( -6.125000000000000888, 4.069999999999999396, 4.684999999999968523 ) ) ;
#7431 = CARTESIAN_POINT ( 'NONE',  ( 5.874999999999999112, 4.069999999999999396, -4.935000000000000497 ) ) ;
#7432 = MECHANICAL_DESIGN_GEOMETRIC_PRESENTATION_REPRESENTATION (  '', ( #7586 ), #3394 ) ;
#7433 = FACE_OUTER_BOUND ( 'NONE', #7079, .T. ) ;
#7434 = SURFACE_STYLE_USAGE ( .BOTH. , #8151 ) ;
#7435 = CARTESIAN_POINT ( 'NONE',  ( -5.218443361963307048, 0.000000000000000000, -3.674889971370063790 ) ) ;
#7436 = DIRECTION ( 'NONE',  ( -1.000000000000000000, 0.000000000000000000, 6.776263578034403699E-16 ) ) ;
#7437 =( NAMED_UNIT ( * ) PLANE_ANGLE_UNIT ( ) SI_UNIT ( $, .RADIAN. ) );
#7438 = ORIENTED_EDGE ( 'NONE', *, *, #2228, .T. ) ;
#7439 = CIRCLE ( 'NONE', #3729, 0.2500000000000002220 ) ;
#7440 = PRESENTATION_STYLE_ASSIGNMENT (( #4436 ) ) ;
#7441 = MECHANICAL_DESIGN_GEOMETRIC_PRESENTATION_REPRESENTATION (  '', ( #2027 ), #6170 ) ;
#7442 = FILL_AREA_STYLE_COLOUR ( '', #3719 ) ;
#7443 = ORIENTED_EDGE ( 'NONE', *, *, #3096, .F. ) ;
#7444 = ADVANCED_FACE ( 'NONE', ( #7379 ), #2289, .F. ) ;
#7445 = VECTOR ( 'NONE', #229, 999.9999999999998863 ) ;
#7446 = PRESENTATION_LAYER_ASSIGNMENT (  '', '', ( #3739 ) ) ;
#7447 = SURFACE_SIDE_STYLE ('',( #139 ) ) ;
#7448 = LINE ( 'NONE', #187, #6331 ) ;
#7449 = ORIENTED_EDGE ( 'NONE', *, *, #917, .F. ) ;
#7450 = CARTESIAN_POINT ( 'NONE',  ( -5.875000000000000888, 4.069999999999999396, -4.934999999999965858 ) ) ;
#7451 = CARTESIAN_POINT ( 'NONE',  ( 0.03333333333333139692, -1.000000000000000000, -3.760000000000031761 ) ) ;
#7452 = CARTESIAN_POINT ( 'NONE',  ( 5.319999999999999396, 10.06999999999999851, -4.129999999999965254 ) ) ;
#7453 = ORIENTED_EDGE ( 'NONE', *, *, #1519, .T. ) ;
#7454 = STYLED_ITEM ( 'NONE', ( #118 ), #6691 ) ;
#7455 = PLANE ( 'NONE',  #4490 ) ;
#7456 = SURFACE_SIDE_STYLE ('',( #9420 ) ) ;
#7457 = CARTESIAN_POINT ( 'NONE',  ( -5.069035593728854039, 4.020033170236863447E-19, 4.059999999999968523 ) ) ;
#7458 = PRESENTATION_LAYER_ASSIGNMENT (  '', '', ( #5303 ) ) ;
#7459 = DIRECTION ( 'NONE',  ( 0.000000000000000000, 0.000000000000000000, 1.000000000000000000 ) ) ;
#7460 = ADVANCED_FACE ( 'NONE', ( #7433 ), #3059, .T. ) ;
#7461 =( LENGTH_UNIT ( ) NAMED_UNIT ( * ) SI_UNIT ( .MILLI., .METRE. ) );
#7462 = DIRECTION ( 'NONE',  ( 0.000000000000000000, -1.000000000000000000, 0.000000000000000000 ) ) ;
#7463 = DIRECTION ( 'NONE',  ( 2.048885995248197660E-16, 0.000000000000000000, 1.000000000000000000 ) ) ;
#7464 = ORIENTED_EDGE ( 'NONE', *, *, #1441, .T. ) ;
#7465 = ORIENTED_EDGE ( 'NONE', *, *, #100, .F. ) ;
#7466 = SURFACE_SIDE_STYLE ('',( #8047 ) ) ;
#7467 = COLOUR_RGB ( '',0.3176470588235293935, 0.2470588235294117752, 0.2078431372549019440 ) ;
#7468 = LINE ( 'NONE', #2969, #653 ) ;
#7469 = DIRECTION ( 'NONE',  ( -0.7071067811865474617, -0.000000000000000000, -0.7071067811865474617 ) ) ;
#7470 = ORIENTED_EDGE ( 'NONE', *, *, #2807, .F. ) ;
#7471 = VERTEX_POINT ( 'NONE', #6456 ) ;
#7472 = STYLED_ITEM ( 'NONE', ( #6798 ), #8484 ) ;
#7473 = DIRECTION ( 'NONE',  ( -0.000000000000000000, -1.000000000000000000, -0.000000000000000000 ) ) ;
#7474 = VECTOR ( 'NONE', #8683, 1000.000000000000000 ) ;
#7475 = CARTESIAN_POINT ( 'NONE',  ( 1.124999999999999112, 4.069999999999999396, -2.935000000000000053 ) ) ;
#7476 = DIRECTION ( 'NONE',  ( 0.7071067811865472397, 0.000000000000000000, -0.7071067811865479058 ) ) ;
#7477 = CARTESIAN_POINT ( 'NONE',  ( -5.050000000000002487, -1.000000000000000000, -3.860000000000031406 ) ) ;
#7478 = DIRECTION ( 'NONE',  ( 0.000000000000000000, 0.000000000000000000, -1.000000000000000000 ) ) ;
#7479 = FACE_OUTER_BOUND ( 'NONE', #7285, .T. ) ;
#7480 = COLOUR_RGB ( '',0.2980392156862745057, 0.2980392156862745057, 0.2980392156862745057 ) ;
#7481 = EDGE_LOOP ( 'NONE', ( #4975, #6217, #7465, #8711 ) ) ;
#7482 = FACE_OUTER_BOUND ( 'NONE', #5657, .T. ) ;
#7483 = FILL_AREA_STYLE ('',( #7442 ) ) ;
#7484 = ORIENTED_EDGE ( 'NONE', *, *, #6560, .F. ) ;
#7485 = ADVANCED_FACE ( 'NONE', ( #1951 ), #6157, .T. ) ;
#7486 = SURFACE_SIDE_STYLE ('',( #3199 ) ) ;
#7487 = ADVANCED_FACE ( 'NONE', ( #3473 ), #2702, .F. ) ;
#7488 = UNCERTAINTY_MEASURE_WITH_UNIT (LENGTH_MEASURE( 1.000000000000000082E-05 ), #1953, 'distance_accuracy_value', 'NONE');
#7489 = DIRECTION ( 'NONE',  ( 0.7071067811865475727, 0.000000000000000000, -0.7071067811865475727 ) ) ;
#7490 = FILL_AREA_STYLE_COLOUR ( '', #9333 ) ;
#7491 = VERTEX_POINT ( 'NONE', #7880 ) ;
#7492 = CARTESIAN_POINT ( 'NONE',  ( -8.673617379884035472E-16, 0.000000000000000000, 3.809999999999968967 ) ) ;
#7493 = DIRECTION ( 'NONE',  ( 0.000000000000000000, -1.000000000000000000, 0.000000000000000000 ) ) ;
#7494 = LINE ( 'NONE', #7589, #4532 ) ;
#7495 = SURFACE_SIDE_STYLE ('',( #6780 ) ) ;
#7496 = ORIENTED_EDGE ( 'NONE', *, *, #693, .T. ) ;
#7497 = EDGE_CURVE ( 'NONE', #5444, #3531, #4219, .T. ) ;
#7498 = EDGE_CURVE ( 'NONE', #9033, #5016, #7407, .T. ) ;
#7499 = DIRECTION ( 'NONE',  ( 0.000000000000000000, 0.000000000000000000, -1.000000000000000000 ) ) ;
#7500 = SURFACE_STYLE_FILL_AREA ( #7638 ) ;
#7501 = DIRECTION ( 'NONE',  ( -0.7071067811865479058, -0.000000000000000000, -0.7071067811865472397 ) ) ;
#7502 =( NAMED_UNIT ( * ) PLANE_ANGLE_UNIT ( ) SI_UNIT ( $, .RADIAN. ) );
#7503 = B_SPLINE_SURFACE_WITH_KNOTS ( 'NONE', 3, 1, ( 
 ( #6190, #4748 ),
 ( #9185, #9053 ),
 ( #2471, #404 ),
 ( #2608, #979 ),
 ( #269, #3143 ),
 ( #6151, #9009 ) ),
 .UNSPECIFIED., .F., .F., .F.,
 ( 4, 2, 4 ),
 ( 2, 2 ),
 ( 0.000000000000000000, 0.5000000000000000000, 1.000000000000000000 ),
 ( 0.000000000000000000, 1.000000000000000000 ),
 .UNSPECIFIED. ) ;
#7504 = PRESENTATION_STYLE_ASSIGNMENT (( #301 ) ) ;
#7505 = CARTESIAN_POINT ( 'NONE',  ( -2.250000000000001776, 0.000000000000000000, 3.740964406271118925 ) ) ;
#7506 = PLANE ( 'NONE',  #2020 ) ;
#7507 = CARTESIAN_POINT ( 'NONE',  ( -2.500000000000001776, 0.000000000000000000, -3.810000000000031140 ) ) ;
#7508 = DIRECTION ( 'NONE',  ( 0.000000000000000000, 0.000000000000000000, 1.000000000000000000 ) ) ;
#7509 = EDGE_CURVE ( 'NONE', #9120, #6468, #2081, .T. ) ;
#7510 = DIRECTION ( 'NONE',  ( -1.000000000000000000, -0.000000000000000000, -0.000000000000000000 ) ) ;
#7511 =( NAMED_UNIT ( * ) PLANE_ANGLE_UNIT ( ) SI_UNIT ( $, .RADIAN. ) );
#7512 =( NAMED_UNIT ( * ) SI_UNIT ( $, .STERADIAN. ) SOLID_ANGLE_UNIT ( ) );
#7513 = ORIENTED_EDGE ( 'NONE', *, *, #6970, .F. ) ;
#7514 = FILL_AREA_STYLE ('',( #785 ) ) ;
#7515 = LINE ( 'NONE', #7324, #348 ) ;
#7516 = DIRECTION ( 'NONE',  ( 0.000000000000000000, 0.000000000000000000, 1.000000000000000000 ) ) ;
#7517 = EDGE_LOOP ( 'NONE', ( #3592, #6904, #5233, #3651 ) ) ;
#7518 = ORIENTED_EDGE ( 'NONE', *, *, #9433, .T. ) ;
#7519 =( NAMED_UNIT ( * ) PLANE_ANGLE_UNIT ( ) SI_UNIT ( $, .RADIAN. ) );
#7520 = CARTESIAN_POINT ( 'NONE',  ( 1.624999999999999334, 4.069999999999999396, 4.935000000000004050 ) ) ;
#7521 = PRESENTATION_STYLE_ASSIGNMENT (( #8934 ) ) ;
#7522 = EDGE_LOOP ( 'NONE', ( #8303, #3918, #1742, #9024 ) ) ;
#7523 = DIRECTION ( 'NONE',  ( 0.000000000000000000, -1.000000000000000000, 0.000000000000000000 ) ) ;
#7524 = VERTEX_POINT ( 'NONE', #829 ) ;
#7525 =( NAMED_UNIT ( * ) PLANE_ANGLE_UNIT ( ) SI_UNIT ( $, .RADIAN. ) );
#7526 = PRESENTATION_LAYER_ASSIGNMENT (  '', '', ( #2574 ) ) ;
#7527 =( NAMED_UNIT ( * ) PLANE_ANGLE_UNIT ( ) SI_UNIT ( $, .RADIAN. ) );
#7528 = FACE_OUTER_BOUND ( 'NONE', #9338, .T. ) ;
#7529 = ORIENTED_EDGE ( 'NONE', *, *, #3514, .T. ) ;
#7530 = PLANE ( 'NONE',  #8247 ) ;
#7531 = PLANE ( 'NONE',  #2611 ) ;
#7532 = LINE ( 'NONE', #3208, #6711 ) ;
#7533 =( GEOMETRIC_REPRESENTATION_CONTEXT ( 3 ) GLOBAL_UNCERTAINTY_ASSIGNED_CONTEXT ( ( #1485 ) ) GLOBAL_UNIT_ASSIGNED_CONTEXT ( ( #3976, #6367, #1062 ) ) REPRESENTATION_CONTEXT ( 'NONE', 'WORKASPACE' ) );
#7534 = CARTESIAN_POINT ( 'NONE',  ( -2.323223304703365688, 0.000000000000000000, -3.986776695296669448 ) ) ;
#7535 = ORIENTED_EDGE ( 'NONE', *, *, #1401, .F. ) ;
#7536 = LINE ( 'NONE', #3164, #4795 ) ;
#7537 = UNCERTAINTY_MEASURE_WITH_UNIT (LENGTH_MEASURE( 1.000000000000000082E-05 ), #4269, 'distance_accuracy_value', 'NONE');
#7538 = DIRECTION ( 'NONE',  ( 0.7071067811865479058, -0.000000000000000000, 0.7071067811865472397 ) ) ;
#7539 = COLOUR_RGB ( '',0.3176470588235293935, 0.2470588235294117752, 0.2078431372549019440 ) ;
#7540 = EDGE_CURVE ( 'NONE', #1696, #6192, #7933, .T. ) ;
#7541 = FACE_OUTER_BOUND ( 'NONE', #800, .T. ) ;
#7542 = CARTESIAN_POINT ( 'NONE',  ( -1.125000000000000888, 4.069999999999999396, -4.684999999999999609 ) ) ;
#7543 = CARTESIAN_POINT ( 'NONE',  ( 3.874999999999999556, 4.069999999999999396, 2.935000000000003606 ) ) ;
#7544 = CIRCLE ( 'NONE', #4462, 0.2500000000000002220 ) ;
#7545 =( LENGTH_UNIT ( ) NAMED_UNIT ( * ) SI_UNIT ( .MILLI., .METRE. ) );
#7546 = CARTESIAN_POINT ( 'NONE',  ( 1.624999999999999556, 4.069999999999999396, 2.685000000000003606 ) ) ;
#7547 = VECTOR ( 'NONE', #4940, 1000.000000000000000 ) ;
#7548 = SURFACE_STYLE_USAGE ( .BOTH. , #6184 ) ;
#7549 = EDGE_CURVE ( 'NONE', #4140, #4287, #8724, .T. ) ;
#7550 = PRESENTATION_STYLE_ASSIGNMENT (( #2273 ) ) ;
#7551 =( GEOMETRIC_REPRESENTATION_CONTEXT ( 3 ) GLOBAL_UNCERTAINTY_ASSIGNED_CONTEXT ( ( #5031 ) ) GLOBAL_UNIT_ASSIGNED_CONTEXT ( ( #4228, #5795, #7276 ) ) REPRESENTATION_CONTEXT ( 'NONE', 'WORKASPACE' ) );
#7552 = PRESENTATION_LAYER_ASSIGNMENT (  '', '', ( #6194 ) ) ;
#7553 = FILL_AREA_STYLE ('',( #6891 ) ) ;
#7554 = ORIENTED_EDGE ( 'NONE', *, *, #1944, .T. ) ;
#7555 = SURFACE_STYLE_USAGE ( .BOTH. , #2468 ) ;
#7556 = MECHANICAL_DESIGN_GEOMETRIC_PRESENTATION_REPRESENTATION (  '', ( #5088 ), #804 ) ;
#7557 = DIRECTION ( 'NONE',  ( 0.000000000000000000, 0.000000000000000000, -1.000000000000000000 ) ) ;
#7558 = VERTEX_POINT ( 'NONE', #2223 ) ;
#7559 = UNCERTAINTY_MEASURE_WITH_UNIT (LENGTH_MEASURE( 1.000000000000000082E-05 ), #6148, 'distance_accuracy_value', 'NONE');
#7560 = AXIS2_PLACEMENT_3D ( 'NONE', #922, #6842, #3174 ) ;
#7561 = ORIENTED_EDGE ( 'NONE', *, *, #7336, .T. ) ;
#7562 = UNCERTAINTY_MEASURE_WITH_UNIT (LENGTH_MEASURE( 1.000000000000000082E-05 ), #5523, 'distance_accuracy_value', 'NONE');
#7563 = PRESENTATION_STYLE_ASSIGNMENT (( #1678 ) ) ;
#7564 = MECHANICAL_DESIGN_GEOMETRIC_PRESENTATION_REPRESENTATION (  '', ( #660 ), #4165 ) ;
#7565 = FACE_OUTER_BOUND ( 'NONE', #5090, .T. ) ;
#7566 = AXIS2_PLACEMENT_3D ( 'NONE', #383, #3607, #8662 ) ;
#7567 =( NAMED_UNIT ( * ) PLANE_ANGLE_UNIT ( ) SI_UNIT ( $, .RADIAN. ) );
#7568 = COLOUR_RGB ( '',0.3176470588235293935, 0.2470588235294117752, 0.2078431372549019440 ) ;
#7569 = DIRECTION ( 'NONE',  ( -0.000000000000000000, -1.000000000000000000, -0.000000000000000000 ) ) ;
#7570 = DIRECTION ( 'NONE',  ( 0.000000000000000000, 0.000000000000000000, -1.000000000000000000 ) ) ;
#7571 = VERTEX_POINT ( 'NONE', #8778 ) ;
#7572 = AXIS2_PLACEMENT_3D ( 'NONE', #1896, #6489, #9365 ) ;
#7573 = PLANE ( 'NONE',  #8207 ) ;
#7574 = COLOUR_RGB ( '',0.2980392156862745057, 0.2980392156862745057, 0.2980392156862745057 ) ;
#7575 = ORIENTED_EDGE ( 'NONE', *, *, #1358, .F. ) ;
#7576 = VECTOR ( 'NONE', #1418, 1000.000000000000000 ) ;
#7577 =( GEOMETRIC_REPRESENTATION_CONTEXT ( 3 ) GLOBAL_UNCERTAINTY_ASSIGNED_CONTEXT ( ( #3080 ) ) GLOBAL_UNIT_ASSIGNED_CONTEXT ( ( #6004, #6725, #129 ) ) REPRESENTATION_CONTEXT ( 'NONE', 'WORKASPACE' ) );
#7578 = FILL_AREA_STYLE ('',( #8296 ) ) ;
#7579 = VECTOR ( 'NONE', #3451, 999.9999999999998863 ) ;
#7580 = DIRECTION ( 'NONE',  ( -1.000000000000000000, -0.000000000000000000, -0.000000000000000000 ) ) ;
#7581 = DIRECTION ( 'NONE',  ( -0.000000000000000000, -0.000000000000000000, -1.000000000000000000 ) ) ;
#7582 = ORIENTED_EDGE ( 'NONE', *, *, #273, .T. ) ;
#7583 = VECTOR ( 'NONE', #3621, 1000.000000000000000 ) ;
#7584 = VECTOR ( 'NONE', #7776, 1000.000000000000000 ) ;
#7585 = SURFACE_STYLE_FILL_AREA ( #5273 ) ;
#7586 = STYLED_ITEM ( 'NONE', ( #6143 ), #1312 ) ;
#7587 = LINE ( 'NONE', #3075, #1556 ) ;
#7588 = COLOUR_RGB ( '',0.7921568627450980005, 0.8196078431372548767, 0.9333333333333333481 ) ;
#7589 = CARTESIAN_POINT ( 'NONE',  ( -0.8750000000000007772, 4.069999999999999396, -4.935000000000000497 ) ) ;
#7590 = ORIENTED_EDGE ( 'NONE', *, *, #9138, .T. ) ;
#7591 = ORIENTED_EDGE ( 'NONE', *, *, #6403, .F. ) ;
#7592 = MECHANICAL_DESIGN_GEOMETRIC_PRESENTATION_REPRESENTATION (  '', ( #3728 ), #5280 ) ;
#7593 = CARTESIAN_POINT ( 'NONE',  ( -2.819999999999998952, 10.06999999999999851, 3.490000000000034852 ) ) ;
#7594 = SURFACE_SIDE_STYLE ('',( #201 ) ) ;
#7595 = FILL_AREA_STYLE ('',( #5377 ) ) ;
#7596 = PRESENTATION_LAYER_ASSIGNMENT (  '', '', ( #4979 ) ) ;
#7597 = LINE ( 'NONE', #9135, #3869 ) ;
#7598 = FILL_AREA_STYLE_COLOUR ( '', #6243 ) ;
#7599 = CARTESIAN_POINT ( 'NONE',  ( -3.375000000000000888, 1.570000000000000062, -4.934999999999982734 ) ) ;
#7600 = EDGE_CURVE ( 'NONE', #3334, #1769, #3733, .T. ) ;
#7601 = FILL_AREA_STYLE_COLOUR ( '', #5681 ) ;
#7602 = VECTOR ( 'NONE', #8370, 1000.000000000000000 ) ;
#7603 = DIRECTION ( 'NONE',  ( 0.000000000000000000, 0.000000000000000000, -1.000000000000000000 ) ) ;
#7604 = FILL_AREA_STYLE_COLOUR ( '', #5847 ) ;
#7605 = ORIENTED_EDGE ( 'NONE', *, *, #1207, .T. ) ;
#7606 = LINE ( 'NONE', #9141, #575 ) ;
#7607 =( NAMED_UNIT ( * ) PLANE_ANGLE_UNIT ( ) SI_UNIT ( $, .RADIAN. ) );
#7608 =( NAMED_UNIT ( * ) SI_UNIT ( $, .STERADIAN. ) SOLID_ANGLE_UNIT ( ) );
#7609 = AXIS2_PLACEMENT_3D ( 'NONE', #4547, #7489, #911 ) ;
#7610 = ORIENTED_EDGE ( 'NONE', *, *, #6007, .F. ) ;
#7611 = EDGE_CURVE ( 'NONE', #719, #3693, #3, .T. ) ;
#7612 = SURFACE_STYLE_FILL_AREA ( #3758 ) ;
#7613 = CARTESIAN_POINT ( 'NONE',  ( -3.375000000000000888, 4.069999999999999396, -4.934999999999982734 ) ) ;
#7614 = VECTOR ( 'NONE', #4012, 999.9999999999998863 ) ;
#7615 = PRESENTATION_LAYER_ASSIGNMENT (  '', '', ( #3597 ) ) ;
#7616 =( NAMED_UNIT ( * ) PLANE_ANGLE_UNIT ( ) SI_UNIT ( $, .RADIAN. ) );
#7617 = SURFACE_SIDE_STYLE ('',( #2430 ) ) ;
#7618 = FILL_AREA_STYLE_COLOUR ( '', #5905 ) ;
#7619 = CARTESIAN_POINT ( 'NONE',  ( 2.819999999999998508, 10.06999999999999851, -4.129999999999965254 ) ) ;
#7620 =( NAMED_UNIT ( * ) PLANE_ANGLE_UNIT ( ) SI_UNIT ( $, .RADIAN. ) );
#7621 = ORIENTED_EDGE ( 'NONE', *, *, #3421, .F. ) ;
#7622 = COLOUR_RGB ( '',0.2980392156862745057, 0.2980392156862745057, 0.2980392156862745057 ) ;
#7623 = VECTOR ( 'NONE', #3088, 1000.000000000000000 ) ;
#7624 = DIRECTION ( 'NONE',  ( -0.1247869418429871646, -0.9843050534722198597, 0.1247869418429884414 ) ) ;
#7625 = VERTEX_POINT ( 'NONE', #4451 ) ;
#7626 = SURFACE_STYLE_USAGE ( .BOTH. , #5461 ) ;
#7627 = ADVANCED_FACE ( 'NONE', ( #630 ), #8695, .T. ) ;
#7628 = CARTESIAN_POINT ( 'NONE',  ( -0.1351100286299733166, 0.000000000000000000, 4.028443361963271130 ) ) ;
#7629 = COLOUR_RGB ( '',0.2980392156862745057, 0.2980392156862745057, 0.2980392156862745057 ) ;
#7630 = DIRECTION ( 'NONE',  ( 0.000000000000000000, -1.000000000000000000, 0.000000000000000000 ) ) ;
#7631 = EDGE_LOOP ( 'NONE', ( #1630, #7664, #6867, #7185 ) ) ;
#7632 = MECHANICAL_DESIGN_GEOMETRIC_PRESENTATION_REPRESENTATION (  '', ( #6868 ), #8254 ) ;
#7633 =( NAMED_UNIT ( * ) SI_UNIT ( $, .STERADIAN. ) SOLID_ANGLE_UNIT ( ) );
#7634 = LINE ( 'NONE', #1049, #6800 ) ;
#7635 = ORIENTED_EDGE ( 'NONE', *, *, #415, .T. ) ;
#7636 = LINE ( 'NONE', #2403, #4519 ) ;
#7637 = UNCERTAINTY_MEASURE_WITH_UNIT (LENGTH_MEASURE( 1.000000000000000082E-05 ), #6334, 'distance_accuracy_value', 'NONE');
#7638 = FILL_AREA_STYLE ('',( #5424 ) ) ;
#7639 = EDGE_CURVE ( 'NONE', #3279, #5585, #2800, .T. ) ;
#7640 = LINE ( 'NONE', #1799, #4654 ) ;
#7641 = LINE ( 'NONE', #6355, #4211 ) ;
#7642 =( NAMED_UNIT ( * ) SI_UNIT ( $, .STERADIAN. ) SOLID_ANGLE_UNIT ( ) );
#7643 = CARTESIAN_POINT ( 'NONE',  ( -8.673617379884035472E-16, 0.000000000000000000, 3.809999999999968967 ) ) ;
#7644 = FACE_OUTER_BOUND ( 'NONE', #7522, .T. ) ;
#7645 = LINE ( 'NONE', #3930, #2328 ) ;
#7646 = DIRECTION ( 'NONE',  ( -0.7071067811865479058, -0.000000000000000000, 0.7071067811865472397 ) ) ;
#7647 = SURFACE_SIDE_STYLE ('',( #6722 ) ) ;
#7648 =( NAMED_UNIT ( * ) PLANE_ANGLE_UNIT ( ) SI_UNIT ( $, .RADIAN. ) );
#7649 = CARTESIAN_POINT ( 'NONE',  ( 2.179999999999998828, 4.069999999999999396, -3.489999999999965574 ) ) ;
#7650 = CARTESIAN_POINT ( 'NONE',  ( -5.875000000000000888, 1.570000000000000062, 4.934999999999968523 ) ) ;
#7651 = VERTEX_POINT ( 'NONE', #1371 ) ;
#7652 = SURFACE_STYLE_USAGE ( .BOTH. , #2380 ) ;
#7653 = LINE ( 'NONE', #7695, #5331 ) ;
#7654 = DIRECTION ( 'NONE',  ( -1.000000000000000000, 0.000000000000000000, 6.776263578034403699E-16 ) ) ;
#7655 = CARTESIAN_POINT ( 'NONE',  ( 0.1767766952966353944, 0.000000000000000000, 3.633223304703330658 ) ) ;
#7656 = ORIENTED_EDGE ( 'NONE', *, *, #3585, .T. ) ;
#7657 = UNCERTAINTY_MEASURE_WITH_UNIT (LENGTH_MEASURE( 1.000000000000000082E-05 ), #6708, 'distance_accuracy_value', 'NONE');
#7658 = EDGE_CURVE ( 'NONE', #5210, #8245, #3577, .T. ) ;
#7659 = SURFACE_STYLE_FILL_AREA ( #8974 ) ;
#7660 = EDGE_CURVE ( 'NONE', #169, #1730, #6645, .T. ) ;
#7661 = CARTESIAN_POINT ( 'NONE',  ( -4.125000000000000888, 1.570000000000000062, 2.684999999999968523 ) ) ;
#7662 = EDGE_CURVE ( 'NONE', #5245, #8155, #3784, .T. ) ;
#7663 = DIRECTION ( 'NONE',  ( -0.000000000000000000, -1.000000000000000000, -0.000000000000000000 ) ) ;
#7664 = ORIENTED_EDGE ( 'NONE', *, *, #7509, .F. ) ;
#7665 = EDGE_CURVE ( 'NONE', #3954, #7491, #5337, .T. ) ;
#7666 = CARTESIAN_POINT ( 'NONE',  ( 5.874999999999999112, 4.069999999999999396, 4.935000000000004050 ) ) ;
#7667 = ORIENTED_EDGE ( 'NONE', *, *, #5207, .F. ) ;
#7668 = CARTESIAN_POINT ( 'NONE',  ( 4.949999999999998401, -1.000000000000000000, 3.859999999999968345 ) ) ;
#7669 = ADVANCED_FACE ( 'NONE', ( #155 ), #963, .F. ) ;
#7670 = B_SPLINE_CURVE_WITH_KNOTS ( 'NONE', 3,
 ( #6107, #8248, #3054, #5452, #1632, #3190 ),
 .UNSPECIFIED., .F., .F.,
 ( 4, 2, 4 ),
 ( 0.000000000000000000, 0.0001947009419741423130, 0.0003894018839482846260 ),
 .UNSPECIFIED. ) ;
#7671 = SURFACE_SIDE_STYLE ('',( #6337 ) ) ;
#7672 = ADVANCED_FACE ( 'NONE', ( #8178 ), #5229, .F. ) ;
#7673 = VERTEX_POINT ( 'NONE', #3877 ) ;
#7674 = LINE ( 'NONE', #511, #6862 ) ;
#7675 = ADVANCED_FACE ( 'NONE', ( #4648 ), #6136, .F. ) ;
#7676 = SURFACE_STYLE_FILL_AREA ( #7721 ) ;
#7677 = CARTESIAN_POINT ( 'NONE',  ( -4.886611652351682267, -0.5000000000000000000, 3.923388347648286700 ) ) ;
#7678 = CARTESIAN_POINT ( 'NONE',  ( -2.533333333333336768, -1.000000000000000000, -3.860000000000031406 ) ) ;
#7679 = ORIENTED_EDGE ( 'NONE', *, *, #6036, .F. ) ;
#7680 = CARTESIAN_POINT ( 'NONE',  ( -0.3199999999999991185, 10.06999999999999851, 3.490000000000034852 ) ) ;
#7681 = CARTESIAN_POINT ( 'NONE',  ( 2.819999999999998508, 4.069999999999999396, -4.129999999999965254 ) ) ;
#7682 = CARTESIAN_POINT ( 'NONE',  ( 0.2499999999999985012, 0.000000000000000000, -3.740964406271182874 ) ) ;
#7683 = CARTESIAN_POINT ( 'NONE',  ( 2.323223304703359915, 0.000000000000000000, -3.986776695296667672 ) ) ;
#7684 = SURFACE_STYLE_USAGE ( .BOTH. , #4739 ) ;
#7685 =( NAMED_UNIT ( * ) PLANE_ANGLE_UNIT ( ) SI_UNIT ( $, .RADIAN. ) );
#7686 = CARTESIAN_POINT ( 'NONE',  ( 4.949999999999996625, -1.000000000000000000, -3.860000000000031406 ) ) ;
#7687 = EDGE_CURVE ( 'NONE', #9201, #6735, #4148, .T. ) ;
#7688 = LINE ( 'NONE', #8278, #360 ) ;
#7689 = VECTOR ( 'NONE', #5516, 1000.000000000000000 ) ;
#7690 = LINE ( 'NONE', #2462, #67 ) ;
#7691 = FILL_AREA_STYLE_COLOUR ( '', #8576 ) ;
#7692 = SURFACE_STYLE_FILL_AREA ( #1232 ) ;
#7693 = VERTEX_POINT ( 'NONE', #4063 ) ;
#7694 = AXIS2_PLACEMENT_3D ( 'NONE', #810, #5270, #8222 ) ;
#7695 = CARTESIAN_POINT ( 'NONE',  ( -4.886611652351683155, -0.5000000000000000000, -3.696611652351713406 ) ) ;
#7696 = FILL_AREA_STYLE_COLOUR ( '', #2001 ) ;
#7697 = EDGE_LOOP ( 'NONE', ( #5735, #4521, #4826, #3611 ) ) ;
#7698 = MECHANICAL_DESIGN_GEOMETRIC_PRESENTATION_REPRESENTATION (  '', ( #1231 ), #8467 ) ;
#7699 = FILL_AREA_STYLE_COLOUR ( '', #6375 ) ;
#7700 = CARTESIAN_POINT ( 'NONE',  ( 4.930964406271146849, 0.000000000000000000, 4.059999999999968523 ) ) ;
#7701 = COLOUR_RGB ( '',0.2980392156862745057, 0.2980392156862745057, 0.2980392156862745057 ) ;
#7702 = VECTOR ( 'NONE', #4590, 999.9999999999998863 ) ;
#7703 =( NAMED_UNIT ( * ) SI_UNIT ( $, .STERADIAN. ) SOLID_ANGLE_UNIT ( ) );
#7704 = DIRECTION ( 'NONE',  ( -1.239088197126291063E-16, 0.000000000000000000, -1.000000000000000000 ) ) ;
#7705 = AXIS2_PLACEMENT_3D ( 'NONE', #4900, #4273, #4179 ) ;
#7706 = LINE ( 'NONE', #4861, #8479 ) ;
#7707 =( GEOMETRIC_REPRESENTATION_CONTEXT ( 3 ) GLOBAL_UNCERTAINTY_ASSIGNED_CONTEXT ( ( #4259 ) ) GLOBAL_UNIT_ASSIGNED_CONTEXT ( ( #4452, #4309, #7355 ) ) REPRESENTATION_CONTEXT ( 'NONE', 'WORKASPACE' ) );
#7708 = CARTESIAN_POINT ( 'NONE',  ( 4.124999999999999112, 4.069999999999999396, -2.685000000000000497 ) ) ;
#7709 = EDGE_LOOP ( 'NONE', ( #8446, #2341, #3010, #3938 ) ) ;
#7710 = DIRECTION ( 'NONE',  ( 0.000000000000000000, 0.000000000000000000, -1.000000000000000000 ) ) ;
#7711 = PRESENTATION_LAYER_ASSIGNMENT (  '', '', ( #2912 ) ) ;
#7712 = AXIS2_PLACEMENT_3D ( 'NONE', #6665, #9392, #2714 ) ;
#7713 = EDGE_LOOP ( 'NONE', ( #6733, #9206, #7374, #7101 ) ) ;
#7714 = CARTESIAN_POINT ( 'NONE',  ( -0.3199999999999991185, 10.06999999999999851, 3.490000000000034852 ) ) ;
#7715 = UNCERTAINTY_MEASURE_WITH_UNIT (LENGTH_MEASURE( 1.000000000000000082E-05 ), #3649, 'distance_accuracy_value', 'NONE');
#7716 = ADVANCED_FACE ( 'NONE', ( #6978 ), #2320, .T. ) ;
#7717 = COLOUR_RGB ( '',0.3176470588235293935, 0.2470588235294117752, 0.2078431372549019440 ) ;
#7718 = CARTESIAN_POINT ( 'NONE',  ( 0.1767766952966362548, 0.000000000000000000, 3.986776695296605943 ) ) ;
#7719 =( NAMED_UNIT ( * ) SI_UNIT ( $, .STERADIAN. ) SOLID_ANGLE_UNIT ( ) );
#7720 = VERTEX_POINT ( 'NONE', #4879 ) ;
#7721 = FILL_AREA_STYLE ('',( #4689 ) ) ;
#7722 = DIRECTION ( 'NONE',  ( 0.000000000000000000, -1.000000000000000000, 0.000000000000000000 ) ) ;
#7723 = DIRECTION ( 'NONE',  ( 0.7071067811865472397, 0.000000000000000000, -0.7071067811865479058 ) ) ;
#7724 = VECTOR ( 'NONE', #6022, 1000.000000000000000 ) ;
#7725 = ORIENTED_EDGE ( 'NONE', *, *, #966, .F. ) ;
#7726 = STYLED_ITEM ( 'NONE', ( #4508 ), #2585 ) ;
#7727 = MECHANICAL_DESIGN_GEOMETRIC_PRESENTATION_REPRESENTATION (  '', ( #5101 ), #3863 ) ;
#7728 = CARTESIAN_POINT ( 'NONE',  ( -5.319999999999999396, 10.06999999999999851, 3.490000000000034852 ) ) ;
#7729 = ADVANCED_FACE ( 'NONE', ( #3414 ), #5840, .F. ) ;
#7730 =( NAMED_UNIT ( * ) SI_UNIT ( $, .STERADIAN. ) SOLID_ANGLE_UNIT ( ) );
#7731 =( LENGTH_UNIT ( ) NAMED_UNIT ( * ) SI_UNIT ( .MILLI., .METRE. ) );
#7732 = COLOUR_RGB ( '',0.3176470588235293935, 0.2470588235294117752, 0.2078431372549019440 ) ;
#7733 = CLOSED_SHELL ( 'NONE', ( #5007, #8758, #7082, #158, #9314, #4938, #9100, #7672, #4546, #7444, #6591, #2404, #8760, #8976, #879, #5835, #2657, #3635, #571, #1124, #3516, #3846, #2077, #7373, #988, #6618, #1957, #7201, #6932, #7382, #2585, #2192, #7729, #2235, #2476, #1249, #8143, #8431, #8698, #7777, #985, #8380, #8389, #2931, #8654, #5996, #675, #5748, #5736, #3832, #2718, #9383, #647, #6516, #1776, #5296, #2887, #5372, #1948, #2711, #680, #3958, #4658, #1535, #1842, #1479, #4481, #2180, #3397, #1617, #2222, #1053, #3340, #3045, #2773, #5671, #3355, #3043, #4943, #2300, #322, #3801, #1718, #5214, #9039, #6283, #8605, #7830, #5763, #4382, #3005, #635, #8484, #7143, #6500, #6878, #386, #6389, #2884, #9326, #2233, #9328, #4426, #4600, #6702, #210, #2635, #4841, #5033, #4147, #8057, #7460, #1816, #9059, #1798, #7368, #5660, #2360, #6921, #7258, #8109, #6691, #4169, #6452, #4184, #3062, #9458, #8893, #9311, #7914, #3184, #8015, #7716, #4024, #3018, #4660, #867, #5240, #9442, #5091, #7627, #5053, #7080, #291, #7953, #9265 ) ) ;
#7734 = CARTESIAN_POINT ( 'NONE',  ( 1.124999999999999112, 1.570000000000000062, 2.935000000000003606 ) ) ;
#7735 = STYLED_ITEM ( 'NONE', ( #1976 ), #1479 ) ;
#7736 = VECTOR ( 'NONE', #2819, 1000.000000000000000 ) ;
#7737 = CARTESIAN_POINT ( 'NONE',  ( -4.823223304703364356, 0.000000000000000000, -3.633223304703394163 ) ) ;
#7738 = CARTESIAN_POINT ( 'NONE',  ( 0.1767766952966362548, 0.000000000000000000, 3.986776695296605943 ) ) ;
#7739 = LINE ( 'NONE', #3308, #9355 ) ;
#7740 = CARTESIAN_POINT ( 'NONE',  ( -0.3200000000000008393, 4.069999999999999396, -3.489999999999965574 ) ) ;
#7741 = AXIS2_PLACEMENT_3D ( 'NONE', #6704, #920, #6641 ) ;
#7742 = VECTOR ( 'NONE', #7278, 1000.000000000000000 ) ;
#7743 =( GEOMETRIC_REPRESENTATION_CONTEXT ( 3 ) GLOBAL_UNCERTAINTY_ASSIGNED_CONTEXT ( ( #5022 ) ) GLOBAL_UNIT_ASSIGNED_CONTEXT ( ( #5759, #6680, #2874 ) ) REPRESENTATION_CONTEXT ( 'NONE', 'WORKASPACE' ) );
#7744 = STYLED_ITEM ( 'NONE', ( #7182 ), #5739 ) ;
#7745 = CARTESIAN_POINT ( 'NONE',  ( 0.8749999999999990008, 1.570000000000000062, -2.685000000000000497 ) ) ;
#7746 = EDGE_CURVE ( 'NONE', #6735, #212, #4527, .T. ) ;
#7747 = CARTESIAN_POINT ( 'NONE',  ( 2.549999999999997602, -1.000000000000000000, -3.860000000000031406 ) ) ;
#7748 = PRESENTATION_STYLE_ASSIGNMENT (( #4160 ) ) ;
#7749 = VECTOR ( 'NONE', #6056, 1000.000000000000000 ) ;
#7750 = ORIENTED_EDGE ( 'NONE', *, *, #4674, .T. ) ;
#7751 = CARTESIAN_POINT ( 'NONE',  ( 2.676776695296636088, 0.000000000000000000, 3.986776695296605943 ) ) ;
#7752 = EDGE_CURVE ( 'NONE', #324, #3802, #1626, .T. ) ;
#7753 = ORIENTED_EDGE ( 'NONE', *, *, #2659, .T. ) ;
#7754 = MECHANICAL_DESIGN_GEOMETRIC_PRESENTATION_REPRESENTATION (  '', ( #2039 ), #5929 ) ;
#7755 =( LENGTH_UNIT ( ) NAMED_UNIT ( * ) SI_UNIT ( .MILLI., .METRE. ) );
#7756 = CARTESIAN_POINT ( 'NONE',  ( 0.04999999999999796274, -1.000000000000000000, -3.860000000000031406 ) ) ;
#7757 = SURFACE_STYLE_FILL_AREA ( #9192 ) ;
#7758 = DIRECTION ( 'NONE',  ( 0.000000000000000000, 0.000000000000000000, 1.000000000000000000 ) ) ;
#7759 = AXIS2_PLACEMENT_3D ( 'NONE', #3518, #5185, #7303 ) ;
#7760 = CARTESIAN_POINT ( 'NONE',  ( -1.375000000000001110, 4.069999999999999396, -4.684999999999982734 ) ) ;
#7761 = CARTESIAN_POINT ( 'NONE',  ( 1.124999999999999112, 4.069999999999999396, 2.935000000000003606 ) ) ;
#7762 = CARTESIAN_POINT ( 'NONE',  ( 4.949999999999998401, -1.000000000000000000, 3.759999999999968701 ) ) ;
#7763 = ORIENTED_EDGE ( 'NONE', *, *, #5985, .F. ) ;
#7764 = PLANE ( 'NONE',  #1878 ) ;
#7765 = VECTOR ( 'NONE', #1795, 1000.000000000000000 ) ;
#7766 = ORIENTED_EDGE ( 'NONE', *, *, #6388, .T. ) ;
#7767 = LINE ( 'NONE', #7714, #4645 ) ;
#7768 = VECTOR ( 'NONE', #1547, 1000.000000000000000 ) ;
#7769 = SURFACE_STYLE_USAGE ( .BOTH. , #8403 ) ;
#7770 = ORIENTED_EDGE ( 'NONE', *, *, #5496, .F. ) ;
#7771 = PLANE ( 'NONE',  #2600 ) ;
#7772 = AXIS2_PLACEMENT_3D ( 'NONE', #4465, #7420, #9346 ) ;
#7773 = CARTESIAN_POINT ( 'NONE',  ( 5.049999999999997158, -1.000000000000000000, -3.860000000000031406 ) ) ;
#7774 = CARTESIAN_POINT ( 'NONE',  ( -2.450000000000001066, -1.000000000000000000, 3.759999999999968701 ) ) ;
#7775 = ORIENTED_EDGE ( 'NONE', *, *, #1827, .T. ) ;
#7776 = DIRECTION ( 'NONE',  ( -0.000000000000000000, -1.000000000000000000, -0.000000000000000000 ) ) ;
#7777 = ADVANCED_FACE ( 'NONE', ( #5950 ), #7364, .F. ) ;
#7778 = CARTESIAN_POINT ( 'NONE',  ( -3.625000000000000444, 1.570000000000000062, 4.684999999999986287 ) ) ;
#7780 = CARTESIAN_POINT ( 'NONE',  ( -6.125000000000000888, 4.069999999999999396, 4.684999999999968523 ) ) ;
#7779 = COLOUR_RGB ( '',0.2980392156862745057, 0.2980392156862745057, 0.2980392156862745057 ) ;
#7781 =( LENGTH_UNIT ( ) NAMED_UNIT ( * ) SI_UNIT ( .MILLI., .METRE. ) );
#7782 = UNCERTAINTY_MEASURE_WITH_UNIT (LENGTH_MEASURE( 1.000000000000000082E-05 ), #3136, 'distance_accuracy_value', 'NONE');
#7783 =( NAMED_UNIT ( * ) SI_UNIT ( $, .STERADIAN. ) SOLID_ANGLE_UNIT ( ) );
#7784 = EDGE_CURVE ( 'NONE', #5123, #1602, #5776, .T. ) ;
#7785 = LINE ( 'NONE', #3309, #6875 ) ;
#7786 = CARTESIAN_POINT ( 'NONE',  ( 5.033333333333328774, -1.000000000000000000, -3.860000000000031406 ) ) ;
#7787 = AXIS2_PLACEMENT_3D ( 'NONE', #3233, #3978, #6242 ) ;
#7788 = SURFACE_STYLE_FILL_AREA ( #3269 ) ;
#7789 = EDGE_CURVE ( 'NONE', #5074, #7299, #2184, .T. ) ;
#7790 = LINE ( 'NONE', #7211, #1286 ) ;
#7791 =( NAMED_UNIT ( * ) SI_UNIT ( $, .STERADIAN. ) SOLID_ANGLE_UNIT ( ) );
#7792 = DIRECTION ( 'NONE',  ( 0.000000000000000000, 0.000000000000000000, -1.000000000000000000 ) ) ;
#7793 = DIRECTION ( 'NONE',  ( 0.000000000000000000, -0.000000000000000000, -1.000000000000000000 ) ) ;
#7794 = PLANE ( 'NONE',  #3444 ) ;
#7795 = SURFACE_SIDE_STYLE ('',( #6423 ) ) ;
#7796 = CARTESIAN_POINT ( 'NONE',  ( -4.680000000000000604, 4.069999999999999396, -3.489999999999965574 ) ) ;
#7797 = VERTEX_POINT ( 'NONE', #847 ) ;
#7798 = EDGE_CURVE ( 'NONE', #2856, #601, #6277, .T. ) ;
#7799 =( NAMED_UNIT ( * ) PLANE_ANGLE_UNIT ( ) SI_UNIT ( $, .RADIAN. ) );
#7800 = ORIENTED_EDGE ( 'NONE', *, *, #8585, .F. ) ;
#7801 = CARTESIAN_POINT ( 'NONE',  ( 3.624999999999998668, 4.069999999999999396, -4.684999999999999609 ) ) ;
#7802 = EDGE_CURVE ( 'NONE', #5123, #7720, #6716, .T. ) ;
#7803 = CARTESIAN_POINT ( 'NONE',  ( -0.05000000000000229955, -1.000000000000000000, -3.860000000000031406 ) ) ;
#7804 = EDGE_CURVE ( 'NONE', #2211, #5419, #2276, .T. ) ;
#7805 = CARTESIAN_POINT ( 'NONE',  ( -5.050000000000001599, -1.000000000000000000, 3.759999999999968701 ) ) ;
#7806 = ORIENTED_EDGE ( 'NONE', *, *, #8280, .T. ) ;
#7807 = EDGE_CURVE ( 'NONE', #8595, #6542, #7606, .T. ) ;
#7808 = SURFACE_STYLE_FILL_AREA ( #419 ) ;
#7809 = ORIENTED_EDGE ( 'NONE', *, *, #5506, .F. ) ;
#7810 = CARTESIAN_POINT ( 'NONE',  ( -0.8750000000000007772, 4.069999999999999396, -4.935000000000000497 ) ) ;
#7811 = CARTESIAN_POINT ( 'NONE',  ( -0.05000000000000143219, -1.000000000000000000, 3.859999999999968345 ) ) ;
#7812 = SURFACE_STYLE_FILL_AREA ( #5322 ) ;
#7813 = ORIENTED_EDGE ( 'NONE', *, *, #5543, .T. ) ;
#7814 = LINE ( 'NONE', #2724, #7929 ) ;
#7815 = CARTESIAN_POINT ( 'NONE',  ( 2.180000000000000604, 10.06999999999999851, 3.490000000000034852 ) ) ;
#7816 =( LENGTH_UNIT ( ) NAMED_UNIT ( * ) SI_UNIT ( .MILLI., .METRE. ) );
#7817 = ORIENTED_EDGE ( 'NONE', *, *, #1603, .F. ) ;
#7818 =( NAMED_UNIT ( * ) PLANE_ANGLE_UNIT ( ) SI_UNIT ( $, .RADIAN. ) );
#7819 = CARTESIAN_POINT ( 'NONE',  ( -4.680000000000000604, 4.069999999999999396, -4.129999999999965254 ) ) ;
#7820 = LINE ( 'NONE', #7431, #2949 ) ;
#7821 = LINE ( 'NONE', #9090, #7602 ) ;
#7822 = LINE ( 'NONE', #2588, #633 ) ;
#7823 = CARTESIAN_POINT ( 'NONE',  ( 2.449999999999997513, -1.000000000000000000, -3.843333333333365243 ) ) ;
#7824 =( LENGTH_UNIT ( ) NAMED_UNIT ( * ) SI_UNIT ( .MILLI., .METRE. ) );
#7825 = CARTESIAN_POINT ( 'NONE',  ( 2.449999999999997513, -1.000000000000000000, -3.860000000000031406 ) ) ;
#7826 = LINE ( 'NONE', #4924, #4558 ) ;
#7827 = FILL_AREA_STYLE_COLOUR ( '', #9387 ) ;
#7828 = DIRECTION ( 'NONE',  ( -0.7071067811865472397, 0.000000000000000000, -0.7071067811865479058 ) ) ;
#7829 =( LENGTH_UNIT ( ) NAMED_UNIT ( * ) SI_UNIT ( .MILLI., .METRE. ) );
#7830 = ADVANCED_FACE ( 'NONE', ( #6102 ), #5491, .F. ) ;
#7831 = FILL_AREA_STYLE_COLOUR ( '', #2882 ) ;
#7832 = FILL_AREA_STYLE ('',( #3426 ) ) ;
#7833 = CARTESIAN_POINT ( 'NONE',  ( -5.320000000000001172, 4.069999999999999396, -4.129999999999965254 ) ) ;
#7834 = FILL_AREA_STYLE_COLOUR ( '', #7415 ) ;
#7835 =( NAMED_UNIT ( * ) PLANE_ANGLE_UNIT ( ) SI_UNIT ( $, .RADIAN. ) );
#7836 = COLOUR_RGB ( '',0.2980392156862745057, 0.2980392156862745057, 0.2980392156862745057 ) ;
#7837 = ORIENTED_EDGE ( 'NONE', *, *, #2167, .F. ) ;
#7838 = STYLED_ITEM ( 'NONE', ( #6016 ), #3340 ) ;
#7839 = ORIENTED_EDGE ( 'NONE', *, *, #2646, .F. ) ;
#7840 = PRESENTATION_LAYER_ASSIGNMENT (  '', '', ( #1231 ) ) ;
#7841 = CARTESIAN_POINT ( 'NONE',  ( 4.680000000000000604, 4.069999999999999396, 3.490000000000034852 ) ) ;
#7842 = SURFACE_SIDE_STYLE ('',( #500 ) ) ;
#7843 = ORIENTED_EDGE ( 'NONE', *, *, #8643, .T. ) ;
#7844 = VECTOR ( 'NONE', #8746, 1000.000000000000114 ) ;
#7845 = SURFACE_STYLE_FILL_AREA ( #4046 ) ;
#7846 = ORIENTED_EDGE ( 'NONE', *, *, #7336, .F. ) ;
#7847 =( NAMED_UNIT ( * ) PLANE_ANGLE_UNIT ( ) SI_UNIT ( $, .RADIAN. ) );
#7848 = VECTOR ( 'NONE', #7014, 1000.000000000000000 ) ;
#7849 = EDGE_CURVE ( 'NONE', #6061, #1620, #1812, .T. ) ;
#7850 = FACE_OUTER_BOUND ( 'NONE', #3145, .T. ) ;
#7851 = VECTOR ( 'NONE', #6464, 1000.000000000000000 ) ;
#7852 =( LENGTH_UNIT ( ) NAMED_UNIT ( * ) SI_UNIT ( .MILLI., .METRE. ) );
#7853 = MECHANICAL_DESIGN_GEOMETRIC_PRESENTATION_REPRESENTATION (  '', ( #4318 ), #6351 ) ;
#7854 = VERTEX_POINT ( 'NONE', #4607 ) ;
#7855 = FILL_AREA_STYLE ('',( #1177 ) ) ;
#7856 = EDGE_CURVE ( 'NONE', #8184, #3108, #1852, .T. ) ;
#7857 = CARTESIAN_POINT ( 'NONE',  ( 0.000000000000000000, 1.570000000000000062, 0.000000000000000000 ) ) ;
#7858 = ORIENTED_EDGE ( 'NONE', *, *, #3948, .F. ) ;
#7859 =( GEOMETRIC_REPRESENTATION_CONTEXT ( 3 ) GLOBAL_UNCERTAINTY_ASSIGNED_CONTEXT ( ( #422 ) ) GLOBAL_UNIT_ASSIGNED_CONTEXT ( ( #6009, #6255, #7142 ) ) REPRESENTATION_CONTEXT ( 'NONE', 'WORKASPACE' ) );
#7860 = DIRECTION ( 'NONE',  ( 1.000000000000000000, 0.000000000000000000, -2.478176394252582127E-16 ) ) ;
#7861 = STYLED_ITEM ( 'NONE', ( #1458 ), #4169 ) ;
#7862 =( NAMED_UNIT ( * ) PLANE_ANGLE_UNIT ( ) SI_UNIT ( $, .RADIAN. ) );
#7863 = PLANE ( 'NONE',  #9385 ) ;
#7864 = PRESENTATION_LAYER_ASSIGNMENT (  '', '', ( #5418 ) ) ;
#7865 = CARTESIAN_POINT ( 'NONE',  ( 4.749999999999997335, 0.000000000000000000, -3.879035593728879849 ) ) ;
#7866 = CARTESIAN_POINT ( 'NONE',  ( 2.819999999999998508, 10.06999999999999851, -3.489999999999965574 ) ) ;
#7867 = STYLED_ITEM ( 'NONE', ( #4842 ), #158 ) ;
#7868 = PRESENTATION_LAYER_ASSIGNMENT (  '', '', ( #9360 ) ) ;
#7869 = CARTESIAN_POINT ( 'NONE',  ( 0.2184433619633026624, 0.000000000000000000, 3.674889971369997621 ) ) ;
#7870 = PRESENTATION_STYLE_ASSIGNMENT (( #4299 ) ) ;
#7871 = CARTESIAN_POINT ( 'NONE',  ( 5.176776695296633868, 0.000000000000000000, -3.986776695296669448 ) ) ;
#7872 = CARTESIAN_POINT ( 'NONE',  ( -2.819999999999998952, 4.069999999999999396, 3.490000000000034852 ) ) ;
#7873 = COLOUR_RGB ( '',0.2980392156862745057, 0.2980392156862745057, 0.2980392156862745057 ) ;
#7874 = PRESENTATION_LAYER_ASSIGNMENT (  '', '', ( #3093 ) ) ;
#7875 = STYLED_ITEM ( 'NONE', ( #5473 ), #2711 ) ;
#7876 = STYLED_ITEM ( 'NONE', ( #4716 ), #5660 ) ;
#7877 = FILL_AREA_STYLE ('',( #4930 ) ) ;
#7878 = DIRECTION ( 'NONE',  ( 0.000000000000000000, -0.000000000000000000, -1.000000000000000000 ) ) ;
#7879 = FACE_OUTER_BOUND ( 'NONE', #6437, .T. ) ;
#7880 = CARTESIAN_POINT ( 'NONE',  ( -3.875000000000001332, 1.570000000000000062, -4.684999999999964970 ) ) ;
#7881 = CARTESIAN_POINT ( 'NONE',  ( -2.450000000000001066, -1.000000000000000000, 3.859999999999968345 ) ) ;
#7882 =( GEOMETRIC_REPRESENTATION_CONTEXT ( 3 ) GLOBAL_UNCERTAINTY_ASSIGNED_CONTEXT ( ( #1406 ) ) GLOBAL_UNIT_ASSIGNED_CONTEXT ( ( #7731, #7058, #3168 ) ) REPRESENTATION_CONTEXT ( 'NONE', 'WORKASPACE' ) );
#7883 = CARTESIAN_POINT ( 'NONE',  ( -5.319999999999999396, 4.069999999999999396, 4.130000000000034532 ) ) ;
#7884 = VECTOR ( 'NONE', #8535, 1000.000000000000000 ) ;
#7885 = DIRECTION ( 'NONE',  ( -0.000000000000000000, -1.000000000000000000, -0.000000000000000000 ) ) ;
#7886 = ORIENTED_EDGE ( 'NONE', *, *, #3715, .T. ) ;
#7887 = VECTOR ( 'NONE', #2342, 1000.000000000000000 ) ;
#7888 = MECHANICAL_DESIGN_GEOMETRIC_PRESENTATION_REPRESENTATION (  '', ( #3739 ), #1584 ) ;
#7889 = COLOUR_RGB ( '',0.2980392156862745057, 0.2980392156862745057, 0.2980392156862745057 ) ;
#7890 = CARTESIAN_POINT ( 'NONE',  ( -2.180000000000001048, 10.06999999999999851, -4.129999999999965254 ) ) ;
#7891 = ORIENTED_EDGE ( 'NONE', *, *, #7200, .T. ) ;
#7892 = PLANE ( 'NONE',  #7705 ) ;
#7893 = DIRECTION ( 'NONE',  ( -1.000000000000000000, -0.000000000000000000, -0.000000000000000000 ) ) ;
#7894 = ADVANCED_FACE ( 'NONE', ( #8284 ), #6893, .F. ) ;
#7895 = EDGE_CURVE ( 'NONE', #8493, #5856, #9104, .T. ) ;
#7896 = CARTESIAN_POINT ( 'NONE',  ( -4.823223304703362579, 0.000000000000000000, 3.986776695296605943 ) ) ;
#7897 = PRESENTATION_LAYER_ASSIGNMENT (  '', '', ( #2347 ) ) ;
#7898 = EDGE_LOOP ( 'NONE', ( #3116, #9437, #8811, #3115 ) ) ;
#7899 = EDGE_CURVE ( 'NONE', #5202, #9187, #2517, .T. ) ;
#7900 = ADVANCED_BREP_SHAPE_REPRESENTATION ( 'LCQT-MSOP10', ( #5843, #9048, #5673, #9066, #5781, #2490, #5894, #8832, #5818, #5987, #5739, #1999 ), #3532 ) ;
#7901 =( NAMED_UNIT ( * ) SI_UNIT ( $, .STERADIAN. ) SOLID_ANGLE_UNIT ( ) );
#7902 = ORIENTED_EDGE ( 'NONE', *, *, #9031, .T. ) ;
#7903 = VECTOR ( 'NONE', #2643, 1000.000000000000000 ) ;
#7904 =( NAMED_UNIT ( * ) PLANE_ANGLE_UNIT ( ) SI_UNIT ( $, .RADIAN. ) );
#7905 = CARTESIAN_POINT ( 'NONE',  ( -5.320000000000001172, 4.069999999999999396, -4.129999999999965254 ) ) ;
#7906 = ORIENTED_EDGE ( 'NONE', *, *, #1242, .T. ) ;
#7907 = LINE ( 'NONE', #5510, #9118 ) ;
#7908 = UNCERTAINTY_MEASURE_WITH_UNIT (LENGTH_MEASURE( 1.000000000000000082E-05 ), #3224, 'distance_accuracy_value', 'NONE');
#7909 = DIRECTION ( 'NONE',  ( 1.000000000000000000, -0.000000000000000000, -0.000000000000000000 ) ) ;
#7910 = ORIENTED_EDGE ( 'NONE', *, *, #5398, .T. ) ;
#7911 = CARTESIAN_POINT ( 'NONE',  ( -5.320000000000001172, 10.06999999999999851, -4.129999999999965254 ) ) ;
#7912 = STYLED_ITEM ( 'NONE', ( #92 ), #7143 ) ;
#7913 = FILL_AREA_STYLE ('',( #759 ) ) ;
#7914 = ADVANCED_FACE ( 'NONE', ( #6284 ), #6150, .T. ) ;
#7915 = VERTEX_POINT ( 'NONE', #631 ) ;
#7916 = CARTESIAN_POINT ( 'NONE',  ( -4.750000000000001776, 5.934118613483520401E-19, 3.740964406271118925 ) ) ;
#7917 = LINE ( 'NONE', #1532, #8220 ) ;
#7918 = FILL_AREA_STYLE ('',( #8761 ) ) ;
#7919 =( GEOMETRIC_REPRESENTATION_CONTEXT ( 3 ) GLOBAL_UNCERTAINTY_ASSIGNED_CONTEXT ( ( #8430 ) ) GLOBAL_UNIT_ASSIGNED_CONTEXT ( ( #5378, #1759, #3969 ) ) REPRESENTATION_CONTEXT ( 'NONE', 'WORKASPACE' ) );
#7920 = LINE ( 'NONE', #7240, #5076 ) ;
#7921 = ORIENTED_EDGE ( 'NONE', *, *, #589, .T. ) ;
#7922 =( GEOMETRIC_REPRESENTATION_CONTEXT ( 3 ) GLOBAL_UNCERTAINTY_ASSIGNED_CONTEXT ( ( #1031 ) ) GLOBAL_UNIT_ASSIGNED_CONTEXT ( ( #8512, #7616, #4849 ) ) REPRESENTATION_CONTEXT ( 'NONE', 'WORKASPACE' ) );
#7923 = FILL_AREA_STYLE ('',( #6357 ) ) ;
#7924 = CARTESIAN_POINT ( 'NONE',  ( 4.124999999999999112, 4.069999999999999396, -4.935000000000000497 ) ) ;
#7925 = CARTESIAN_POINT ( 'NONE',  ( -5.320000000000001172, 10.06999999999999851, -4.129999999999965254 ) ) ;
#7926 = ORIENTED_EDGE ( 'NONE', *, *, #2619, .F. ) ;
#7927 =( NAMED_UNIT ( * ) SI_UNIT ( $, .STERADIAN. ) SOLID_ANGLE_UNIT ( ) );
#7928 = ADVANCED_FACE ( 'NONE', ( #4264 ), #7934, .T. ) ;
#7929 = VECTOR ( 'NONE', #3343, 1000.000000000000000 ) ;
#7930 = CARTESIAN_POINT ( 'NONE',  ( -2.820000000000000728, 10.06999999999999851, -4.129999999999965254 ) ) ;
#7931 = MECHANICAL_DESIGN_GEOMETRIC_PRESENTATION_REPRESENTATION (  '', ( #4080 ), #3606 ) ;
#7932 = SURFACE_STYLE_FILL_AREA ( #8082 ) ;
#7933 = LINE ( 'NONE', #5082, #2055 ) ;
#7934 = PLANE ( 'NONE',  #121 ) ;
#7935 = STYLED_ITEM ( 'NONE', ( #8578 ), #291 ) ;
#7936 = PRESENTATION_LAYER_ASSIGNMENT (  '', '', ( #5482 ) ) ;
#7938 =( GEOMETRIC_REPRESENTATION_CONTEXT ( 3 ) GLOBAL_UNCERTAINTY_ASSIGNED_CONTEXT ( ( #8971 ) ) GLOBAL_UNIT_ASSIGNED_CONTEXT ( ( #1025, #8966, #213 ) ) REPRESENTATION_CONTEXT ( 'NONE', 'WORKASPACE' ) );
#7937 = DIRECTION ( 'NONE',  ( -0.000000000000000000, -1.000000000000000000, -0.000000000000000000 ) ) ;
#7939 = CARTESIAN_POINT ( 'NONE',  ( -1.375000000000001110, 4.069999999999999396, -4.684999999999982734 ) ) ;
#7940 = CARTESIAN_POINT ( 'NONE',  ( -3.625000000000000444, 4.069999999999999396, -4.684999999999982734 ) ) ;
#7941 = EDGE_LOOP ( 'NONE', ( #6169, #2603, #7314, #5044 ) ) ;
#7942 = SURFACE_STYLE_FILL_AREA ( #5946 ) ;
#7943 = CARTESIAN_POINT ( 'NONE',  ( 1.374999999999999556, 1.570000000000000062, -2.935000000000000053 ) ) ;
#7944 = LINE ( 'NONE', #1381, #9163 ) ;
#7945 = ORIENTED_EDGE ( 'NONE', *, *, #7316, .F. ) ;
#7946 = LINE ( 'NONE', #8099, #6354 ) ;
#7947 = VERTEX_POINT ( 'NONE', #5783 ) ;
#7948 = CARTESIAN_POINT ( 'NONE',  ( 2.549999999999998490, -1.000000000000000000, 3.859999999999968345 ) ) ;
#7949 = VERTEX_POINT ( 'NONE', #8550 ) ;
#7950 = DIRECTION ( 'NONE',  ( -0.000000000000000000, -1.000000000000000000, -0.000000000000000000 ) ) ;
#7951 = LINE ( 'NONE', #6436, #6794 ) ;
#7952 = ORIENTED_EDGE ( 'NONE', *, *, #1099, .F. ) ;
#7953 = ADVANCED_FACE ( 'NONE', ( #3521 ), #3709, .T. ) ;
#7954 = CARTESIAN_POINT ( 'NONE',  ( 5.320000000000001172, 4.069999999999999396, 3.490000000000034852 ) ) ;
#7955 = CARTESIAN_POINT ( 'NONE',  ( -5.875000000000000888, 4.069999999999999396, -2.684999999999964970 ) ) ;
#7956 = CARTESIAN_POINT ( 'NONE',  ( 2.364889971370027322, 0.000000000000000000, 3.591556638036665472 ) ) ;
#7957 = DIRECTION ( 'NONE',  ( 0.000000000000000000, -0.000000000000000000, 1.000000000000000000 ) ) ;
#7958 = ORIENTED_EDGE ( 'NONE', *, *, #999, .F. ) ;
#7959 = CARTESIAN_POINT ( 'NONE',  ( 4.999999999999999112, 0.000000000000000000, 3.809999999999968967 ) ) ;
#7960 = FILL_AREA_STYLE ('',( #8001 ) ) ;
#7961 = ORIENTED_EDGE ( 'NONE', *, *, #7200, .F. ) ;
#7962 = DIRECTION ( 'NONE',  ( -0.000000000000000000, -1.000000000000000000, -0.000000000000000000 ) ) ;
#7963 = EDGE_CURVE ( 'NONE', #8830, #8831, #2172, .T. ) ;
#7964 = CARTESIAN_POINT ( 'NONE',  ( 4.781556638036692064, 0.000000000000000000, -3.674889971370063790 ) ) ;
#7965 = VERTEX_POINT ( 'NONE', #1509 ) ;
#7966 = DIRECTION ( 'NONE',  ( 0.000000000000000000, 0.000000000000000000, -1.000000000000000000 ) ) ;
#7967 = FILL_AREA_STYLE_COLOUR ( '', #5893 ) ;
#7968 = SURFACE_STYLE_FILL_AREA ( #8814 ) ;
#7969 = DIRECTION ( 'NONE',  ( -1.000000000000000000, 0.000000000000000000, 0.000000000000000000 ) ) ;
#7970 = UNCERTAINTY_MEASURE_WITH_UNIT (LENGTH_MEASURE( 1.000000000000000082E-05 ), #8560, 'distance_accuracy_value', 'NONE');
#7971 = ORIENTED_EDGE ( 'NONE', *, *, #7549, .T. ) ;
#7972 = CARTESIAN_POINT ( 'NONE',  ( 5.049999999999997158, -1.000000000000000000, -3.860000000000031406 ) ) ;
#7973 = CARTESIAN_POINT ( 'NONE',  ( -0.8750000000000005551, 4.069999999999999396, 2.685000000000003606 ) ) ;
#7974 = FILL_AREA_STYLE_COLOUR ( '', #701 ) ;
#7975 =( NAMED_UNIT ( * ) SI_UNIT ( $, .STERADIAN. ) SOLID_ANGLE_UNIT ( ) );
#7976 = CARTESIAN_POINT ( 'NONE',  ( -1.125000000000000888, 1.570000000000000062, -4.684999999999999609 ) ) ;
#7977 = DIRECTION ( 'NONE',  ( -0.7071067811865479058, 0.000000000000000000, 0.7071067811865472397 ) ) ;
#7978 = PLANE ( 'NONE',  #5884 ) ;
#7979 = DIRECTION ( 'NONE',  ( 1.000000000000000000, 0.000000000000000000, -6.776263578034403699E-16 ) ) ;
#7980 = ADVANCED_FACE ( 'NONE', ( #8906 ), #3625, .F. ) ;
#7981 = VERTEX_POINT ( 'NONE', #8083 ) ;
#7982 = ORIENTED_EDGE ( 'NONE', *, *, #5945, .F. ) ;
#7983 = PRESENTATION_LAYER_ASSIGNMENT (  '', '', ( #6312 ) ) ;
#7984 = SURFACE_STYLE_USAGE ( .BOTH. , #6656 ) ;
#7985 = ORIENTED_EDGE ( 'NONE', *, *, #488, .T. ) ;
#7986 = VECTOR ( 'NONE', #4118, 999.9999999999998863 ) ;
#7987 = SURFACE_SIDE_STYLE ('',( #2812 ) ) ;
#7988 = CARTESIAN_POINT ( 'NONE',  ( -2.820000000000000728, 4.069999999999999396, -3.489999999999965574 ) ) ;
#7989 = VERTEX_POINT ( 'NONE', #2892 ) ;
#7990 = LINE ( 'NONE', #2191, #7742 ) ;
#7991 = VERTEX_POINT ( 'NONE', #5875 ) ;
#7992 = LINE ( 'NONE', #2868, #8038 ) ;
#7993 = ORIENTED_EDGE ( 'NONE', *, *, #1675, .F. ) ;
#7994 = DIRECTION ( 'NONE',  ( -1.000000000000000000, 0.000000000000000000, 0.000000000000000000 ) ) ;
#7995 = PRESENTATION_STYLE_ASSIGNMENT (( #607 ) ) ;
#7996 = STYLED_ITEM ( 'NONE', ( #3911 ), #3397 ) ;
#7997 = DIRECTION ( 'NONE',  ( -0.7071067811865474617, -0.000000000000000000, -0.7071067811865474617 ) ) ;
#7998 = SURFACE_STYLE_FILL_AREA ( #1353 ) ;
#7999 = ORIENTED_EDGE ( 'NONE', *, *, #6172, .T. ) ;
#8000 = LINE ( 'NONE', #757, #5914 ) ;
#8001 = FILL_AREA_STYLE_COLOUR ( '', #7124 ) ;
#8002 = VECTOR ( 'NONE', #6245, 1000.000000000000000 ) ;
#8003 = VERTEX_POINT ( 'NONE', #774 ) ;
#8004 = EDGE_CURVE ( 'NONE', #5949, #4892, #5287, .T. ) ;
#8005 =( GEOMETRIC_REPRESENTATION_CONTEXT ( 3 ) GLOBAL_UNCERTAINTY_ASSIGNED_CONTEXT ( ( #8677 ) ) GLOBAL_UNIT_ASSIGNED_CONTEXT ( ( #496, #4324, #1961 ) ) REPRESENTATION_CONTEXT ( 'NONE', 'WORKASPACE' ) );
#8006 = VECTOR ( 'NONE', #175, 1000.000000000000000 ) ;
#8007 = CARTESIAN_POINT ( 'NONE',  ( -3.625000000000000444, 1.570000000000000062, 4.684999999999986287 ) ) ;
#8008 = ORIENTED_EDGE ( 'NONE', *, *, #531, .T. ) ;
#8009 =( NAMED_UNIT ( * ) PLANE_ANGLE_UNIT ( ) SI_UNIT ( $, .RADIAN. ) );
#8010 = SURFACE_STYLE_USAGE ( .BOTH. , #2108 ) ;
#8011 = SURFACE_STYLE_USAGE ( .BOTH. , #4298 ) ;
#8012 = FILL_AREA_STYLE ('',( #3724 ) ) ;
#8013 = VERTEX_POINT ( 'NONE', #5937 ) ;
#8014 = AXIS2_PLACEMENT_3D ( 'NONE', #7857, #2541, #7016 ) ;
#8015 = ADVANCED_FACE ( 'NONE', ( #4414 ), #7354, .T. ) ;
#8016 =( GEOMETRIC_REPRESENTATION_CONTEXT ( 3 ) GLOBAL_UNCERTAINTY_ASSIGNED_CONTEXT ( ( #2213 ) ) GLOBAL_UNIT_ASSIGNED_CONTEXT ( ( #9113, #1780, #1038 ) ) REPRESENTATION_CONTEXT ( 'NONE', 'WORKASPACE' ) );
#8017 = UNCERTAINTY_MEASURE_WITH_UNIT (LENGTH_MEASURE( 1.000000000000000082E-05 ), #4756, 'distance_accuracy_value', 'NONE');
#8018 = DIRECTION ( 'NONE',  ( 1.000000000000000000, 0.000000000000000000, -0.000000000000000000 ) ) ;
#8019 = FACE_OUTER_BOUND ( 'NONE', #878, .T. ) ;
#8020 =( GEOMETRIC_REPRESENTATION_CONTEXT ( 3 ) GLOBAL_UNCERTAINTY_ASSIGNED_CONTEXT ( ( #949 ) ) GLOBAL_UNIT_ASSIGNED_CONTEXT ( ( #6518, #643, #9443 ) ) REPRESENTATION_CONTEXT ( 'NONE', 'WORKASPACE' ) );
#8021 = EDGE_CURVE ( 'NONE', #1828, #7299, #6137, .T. ) ;
#8022 = PRESENTATION_LAYER_ASSIGNMENT (  '', '', ( #2306 ) ) ;
#8023 = FILL_AREA_STYLE_COLOUR ( '', #5213 ) ;
#8024 = LINE ( 'NONE', #4362, #6538 ) ;
#8025 = PRODUCT ( 'LCQT-MSOP10', 'LCQT-MSOP10', '', ( #6153 ) ) ;
#8026 = AXIS2_PLACEMENT_3D ( 'NONE', #5684, #1997, #4948 ) ;
#8027 = VECTOR ( 'NONE', #2538, 1000.000000000000114 ) ;
#8028 = FACE_OUTER_BOUND ( 'NONE', #2385, .T. ) ;
#8029 = CARTESIAN_POINT ( 'NONE',  ( 5.176776695296635644, 0.000000000000000000, 3.633223304703330658 ) ) ;
#8030 = SURFACE_STYLE_USAGE ( .BOTH. , #8131 ) ;
#8031 = CARTESIAN_POINT ( 'NONE',  ( -0.3199999999999991185, 10.06999999999999851, 3.490000000000034852 ) ) ;
#8032 = CARTESIAN_POINT ( 'NONE',  ( 2.500000000000001776, 10.06999999999999851, 7.620000000000000107 ) ) ;
#8033 = SURFACE_STYLE_FILL_AREA ( #6424 ) ;
#8034 = AXIS2_PLACEMENT_3D ( 'NONE', #1501, #1554, #9466 ) ;
#8035 = ORIENTED_EDGE ( 'NONE', *, *, #4732, .T. ) ;
#8036 = CLOSED_SHELL ( 'NONE', ( #5797, #4757, #1994, #3479, #2944, #7894 ) ) ;
#8037 = AXIS2_PLACEMENT_3D ( 'NONE', #5557, #1220, #2544 ) ;
#8038 = VECTOR ( 'NONE', #2140, 1000.000000000000000 ) ;
#8039 = EDGE_LOOP ( 'NONE', ( #4192, #9264, #4693, #7910 ) ) ;
#8040 = STYLED_ITEM ( 'NONE', ( #1682 ), #4426 ) ;
#8041 =( NAMED_UNIT ( * ) SI_UNIT ( $, .STERADIAN. ) SOLID_ANGLE_UNIT ( ) );
#8042 = EDGE_CURVE ( 'NONE', #3290, #4688, #4699, .T. ) ;
#8043 = SURFACE_STYLE_FILL_AREA ( #5195 ) ;
#8044 = MECHANICAL_DESIGN_GEOMETRIC_PRESENTATION_REPRESENTATION (  '', ( #6830 ), #7130 ) ;
#8045 = AXIS2_PLACEMENT_3D ( 'NONE', #4584, #7523, #7710 ) ;
#8046 = ORIENTED_EDGE ( 'NONE', *, *, #1039, .T. ) ;
#8047 = SURFACE_STYLE_FILL_AREA ( #933 ) ;
#8048 = AXIS2_PLACEMENT_3D ( 'NONE', #7959, #8808, #6734 ) ;
#8049 = AXIS2_PLACEMENT_3D ( 'NONE', #2526, #3240, #541 ) ;
#8050 = CARTESIAN_POINT ( 'NONE',  ( -4.930964406271152178, -0.000000000000000000, -4.060000000000032472 ) ) ;
#8051 =( NAMED_UNIT ( * ) SI_UNIT ( $, .STERADIAN. ) SOLID_ANGLE_UNIT ( ) );
#8052 = PRESENTATION_STYLE_ASSIGNMENT (( #4328 ) ) ;
#8053 = ORIENTED_EDGE ( 'NONE', *, *, #6930, .F. ) ;
#8054 = DIRECTION ( 'NONE',  ( 0.7071067811865472397, 0.000000000000000000, -0.7071067811865479058 ) ) ;
#8055 = PRESENTATION_LAYER_ASSIGNMENT (  '', '', ( #530 ) ) ;
#8056 = COLOUR_RGB ( '',0.3176470588235293935, 0.2470588235294117752, 0.2078431372549019440 ) ;
#8057 = ADVANCED_FACE ( 'NONE', ( #6787 ), #2238, .T. ) ;
#8058 = ORIENTED_EDGE ( 'NONE', *, *, #7304, .T. ) ;
#8059 = STYLED_ITEM ( 'NONE', ( #6364 ), #1776 ) ;
#8060 =( NAMED_UNIT ( * ) SI_UNIT ( $, .STERADIAN. ) SOLID_ANGLE_UNIT ( ) );
#8061 = ORIENTED_EDGE ( 'NONE', *, *, #9145, .T. ) ;
#8062 = VECTOR ( 'NONE', #1098, 1000.000000000000000 ) ;
#8063 = CARTESIAN_POINT ( 'NONE',  ( 4.949999999999996625, -1.000000000000000000, -3.860000000000031406 ) ) ;
#8064 = PRESENTATION_STYLE_ASSIGNMENT (( #2148 ) ) ;
#8065 = ORIENTED_EDGE ( 'NONE', *, *, #119, .F. ) ;
#8066 =( NAMED_UNIT ( * ) SI_UNIT ( $, .STERADIAN. ) SOLID_ANGLE_UNIT ( ) );
#8067 = VERTEX_POINT ( 'NONE', #7543 ) ;
#8068 = UNCERTAINTY_MEASURE_WITH_UNIT (LENGTH_MEASURE( 1.000000000000000082E-05 ), #7781, 'distance_accuracy_value', 'NONE');
#8069 = CARTESIAN_POINT ( 'NONE',  ( 0.04999999999999883010, -1.000000000000000000, 3.759999999999968701 ) ) ;
#8070 = ORIENTED_EDGE ( 'NONE', *, *, #9433, .F. ) ;
#8071 = CARTESIAN_POINT ( 'NONE',  ( 3.624999999999998668, 4.069999999999999396, 4.685000000000003162 ) ) ;
#8072 = LINE ( 'NONE', #7347, #3434 ) ;
#8073 =( NAMED_UNIT ( * ) PLANE_ANGLE_UNIT ( ) SI_UNIT ( $, .RADIAN. ) );
#8074 = COLOUR_RGB ( '',0.2980392156862745057, 0.2980392156862745057, 0.2980392156862745057 ) ;
#8075 = ORIENTED_EDGE ( 'NONE', *, *, #4263, .T. ) ;
#8076 = EDGE_CURVE ( 'NONE', #1153, #3232, #3265, .T. ) ;
#8077 = DIRECTION ( 'NONE',  ( 0.000000000000000000, 0.000000000000000000, 1.000000000000000000 ) ) ;
#8078 = PRESENTATION_LAYER_ASSIGNMENT (  '', '', ( #2818 ) ) ;
#8079 = MECHANICAL_DESIGN_GEOMETRIC_PRESENTATION_REPRESENTATION (  '', ( #3597 ), #4074 ) ;
#8080 = CARTESIAN_POINT ( 'NONE',  ( 2.820000000000000284, 10.06999999999999851, 4.130000000000034532 ) ) ;
#8081 = EDGE_CURVE ( 'NONE', #9201, #2211, #6883, .T. ) ;
#8082 = FILL_AREA_STYLE ('',( #1288 ) ) ;
#8083 = CARTESIAN_POINT ( 'NONE',  ( 0.8749999999999990008, 4.069999999999999396, 2.685000000000003606 ) ) ;
#8084 = FILL_AREA_STYLE ('',( #5136 ) ) ;
#8085 = EDGE_CURVE ( 'NONE', #8868, #6468, #5477, .T. ) ;
#8086 = FILL_AREA_STYLE ('',( #5940 ) ) ;
#8087 = CARTESIAN_POINT ( 'NONE',  ( -3.375000000000000888, 4.069999999999999396, 4.934999999999986287 ) ) ;
#8088 = VECTOR ( 'NONE', #5649, 1000.000000000000000 ) ;
#8089 = LINE ( 'NONE', #3880, #9378 ) ;
#8090 = ORIENTED_EDGE ( 'NONE', *, *, #6638, .T. ) ;
#8091 = EDGE_CURVE ( 'NONE', #3334, #855, #2549, .T. ) ;
#8092 = EDGE_CURVE ( 'NONE', #212, #2258, #9272, .T. ) ;
#8093 = CARTESIAN_POINT ( 'NONE',  ( -2.613388347648319954, -0.5000000000000000000, 3.696611652351650790 ) ) ;
#8094 = STYLED_ITEM ( 'NONE', ( #267 ), #8610 ) ;
#8095 = CARTESIAN_POINT ( 'NONE',  ( 5.319999999999999396, 10.06999999999999851, -4.129999999999965254 ) ) ;
#8096 = PRESENTATION_LAYER_ASSIGNMENT (  '', '', ( #8407 ) ) ;
#8097 = EDGE_LOOP ( 'NONE', ( #1074, #4710, #3959, #2996 ) ) ;
#8098 =( NAMED_UNIT ( * ) PLANE_ANGLE_UNIT ( ) SI_UNIT ( $, .RADIAN. ) );
#8099 = CARTESIAN_POINT ( 'NONE',  ( -2.820000000000000728, 10.06999999999999851, -4.129999999999965254 ) ) ;
#8100 = ORIENTED_EDGE ( 'NONE', *, *, #7849, .F. ) ;
#8101 = UNCERTAINTY_MEASURE_WITH_UNIT (LENGTH_MEASURE( 1.000000000000000082E-05 ), #3081, 'distance_accuracy_value', 'NONE');
#8102 = CARTESIAN_POINT ( 'NONE',  ( -0.05000000000000143219, -1.000000000000000000, 3.776666666666634864 ) ) ;
#8103 = ORIENTED_EDGE ( 'NONE', *, *, #3225, .T. ) ;
#8104 = CARTESIAN_POINT ( 'NONE',  ( 3.624999999999998668, 1.570000000000000062, -4.684999999999999609 ) ) ;
#8105 = CARTESIAN_POINT ( 'NONE',  ( 4.124999999999999112, 4.069999999999999396, 2.685000000000003606 ) ) ;
#8106 = DIRECTION ( 'NONE',  ( -0.7071067811865482389, 0.000000000000000000, 0.7071067811865469066 ) ) ;
#8107 = CARTESIAN_POINT ( 'NONE',  ( -2.550000000000001599, -1.000000000000000000, 3.859999999999968345 ) ) ;
#8108 = ORIENTED_EDGE ( 'NONE', *, *, #6797, .T. ) ;
#8109 = ADVANCED_FACE ( 'NONE', ( #8574 ), #217, .T. ) ;
#8110 = SURFACE_SIDE_STYLE ('',( #1635 ) ) ;
#8111 = FILL_AREA_STYLE_COLOUR ( '', #4150 ) ;
#8112 = PRESENTATION_STYLE_ASSIGNMENT (( #2922 ) ) ;
#8113 = ORIENTED_EDGE ( 'NONE', *, *, #9319, .T. ) ;
#8114 = UNCERTAINTY_MEASURE_WITH_UNIT (LENGTH_MEASURE( 1.000000000000000082E-05 ), #2114, 'distance_accuracy_value', 'NONE');
#8115 = SURFACE_STYLE_USAGE ( .BOTH. , #5715 ) ;
#8116 = B_SPLINE_SURFACE_WITH_KNOTS ( 'NONE', 3, 1, ( 
 ( #2920, #4537 ),
 ( #7435, #5908 ),
 ( #8885, #6813 ),
 ( #6115, #5356 ),
 ( #989, #3023 ),
 ( #8805, #7477 ) ),
 .UNSPECIFIED., .F., .F., .F.,
 ( 4, 2, 4 ),
 ( 2, 2 ),
 ( 0.000000000000000000, 0.5000000000000000000, 1.000000000000000000 ),
 ( 0.000000000000000000, 1.000000000000000000 ),
 .UNSPECIFIED. ) ;
#8117 = ORIENTED_EDGE ( 'NONE', *, *, #7849, .T. ) ;
#8118 = DIRECTION ( 'NONE',  ( -1.000000000000000000, -0.000000000000000000, -0.000000000000000000 ) ) ;
#8119 = EDGE_LOOP ( 'NONE', ( #2350, #6816, #9334, #8117 ) ) ;
#8120 =( NAMED_UNIT ( * ) SI_UNIT ( $, .STERADIAN. ) SOLID_ANGLE_UNIT ( ) );
#8121 = CARTESIAN_POINT ( 'NONE',  ( -1.625000000000001110, 4.069999999999999396, -4.934999999999982734 ) ) ;
#8122 =( LENGTH_UNIT ( ) NAMED_UNIT ( * ) SI_UNIT ( .MILLI., .METRE. ) );
#8123 = ORIENTED_EDGE ( 'NONE', *, *, #3715, .F. ) ;
#8124 = UNCERTAINTY_MEASURE_WITH_UNIT (LENGTH_MEASURE( 1.000000000000000082E-05 ), #7394, 'distance_accuracy_value', 'NONE');
#8125 = CARTESIAN_POINT ( 'NONE',  ( -2.550000000000002487, -1.000000000000000000, -3.793333333333365420 ) ) ;
#8126 = SURFACE_STYLE_USAGE ( .BOTH. , #7456 ) ;
#8127 = SURFACE_STYLE_USAGE ( .BOTH. , #4596 ) ;
#8128 = CARTESIAN_POINT ( 'NONE',  ( -5.135110028629973122, 4.020033170236863447E-19, 4.028443361963271130 ) ) ;
#8129 = CARTESIAN_POINT ( 'NONE',  ( 0.000000000000000000, 4.069999999999999396, 0.000000000000000000 ) ) ;
#8130 = CARTESIAN_POINT ( 'NONE',  ( -4.679999999999998828, 10.06999999999999851, 4.130000000000034532 ) ) ;
#8131 = SURFACE_SIDE_STYLE ('',( #6553 ) ) ;
#8132 = DIRECTION ( 'NONE',  ( 0.7071067811865474617, 0.000000000000000000, 0.7071067811865474617 ) ) ;
#8133 =( NAMED_UNIT ( * ) PLANE_ANGLE_UNIT ( ) SI_UNIT ( $, .RADIAN. ) );
#8134 = SURFACE_STYLE_FILL_AREA ( #8867 ) ;
#8135 = VERTEX_POINT ( 'NONE', #3359 ) ;
#8136 = VERTEX_POINT ( 'NONE', #2647 ) ;
#8137 =( NAMED_UNIT ( * ) SI_UNIT ( $, .STERADIAN. ) SOLID_ANGLE_UNIT ( ) );
#8138 = VERTEX_POINT ( 'NONE', #8621 ) ;
#8139 = DIRECTION ( 'NONE',  ( -1.000000000000000000, 0.000000000000000000, 0.000000000000000000 ) ) ;
#8140 = CARTESIAN_POINT ( 'NONE',  ( 2.499999999999997780, 0.000000000000000000, -3.810000000000031140 ) ) ;
#8141 = CARTESIAN_POINT ( 'NONE',  ( 2.323223304703359915, 0.000000000000000000, 3.986776695296604167 ) ) ;
#8142 = ORIENTED_EDGE ( 'NONE', *, *, #832, .F. ) ;
#8143 = ADVANCED_FACE ( 'NONE', ( #4256 ), #4209, .F. ) ;
#8144 = UNCERTAINTY_MEASURE_WITH_UNIT (LENGTH_MEASURE( 1.000000000000000082E-05 ), #962, 'distance_accuracy_value', 'NONE');
#8145 = CARTESIAN_POINT ( 'NONE',  ( -0.05000000000000143219, -1.000000000000000000, 3.793333333333301471 ) ) ;
#8146 = VERTEX_POINT ( 'NONE', #1940 ) ;
#8147 = LINE ( 'NONE', #8104, #2615 ) ;
#8148 = CARTESIAN_POINT ( 'NONE',  ( 4.679999999999998828, 4.069999999999999396, -4.129999999999965254 ) ) ;
#8149 = PRESENTATION_LAYER_ASSIGNMENT (  '', '', ( #3823 ) ) ;
#8150 = CARTESIAN_POINT ( 'NONE',  ( -1.125000000000000666, 4.069999999999999396, -2.935000000000000053 ) ) ;
#8151 = SURFACE_SIDE_STYLE ('',( #6113 ) ) ;
#8152 =( NAMED_UNIT ( * ) SI_UNIT ( $, .STERADIAN. ) SOLID_ANGLE_UNIT ( ) );
#8153 = LINE ( 'NONE', #4484, #3857 ) ;
#8154 = CARTESIAN_POINT ( 'NONE',  ( 2.516666666666662611, -1.000000000000000000, 3.759999999999968701 ) ) ;
#8155 = VERTEX_POINT ( 'NONE', #4880 ) ;
#8156 =( NAMED_UNIT ( * ) SI_UNIT ( $, .STERADIAN. ) SOLID_ANGLE_UNIT ( ) );
#8157 = AXIS2_PLACEMENT_3D ( 'NONE', #8129, #6785, #1012 ) ;
#8158 = CARTESIAN_POINT ( 'NONE',  ( -4.950000000000001954, -1.000000000000000000, -3.793333333333366308 ) ) ;
#8159 = EDGE_CURVE ( 'NONE', #939, #8837, #2880, .T. ) ;
#8160 = VERTEX_POINT ( 'NONE', #5219 ) ;
#8161 = UNCERTAINTY_MEASURE_WITH_UNIT (LENGTH_MEASURE( 1.000000000000000082E-05 ), #3001, 'distance_accuracy_value', 'NONE');
#8162 = EDGE_CURVE ( 'NONE', #5594, #2832, #8820, .T. ) ;
#8163 = FILL_AREA_STYLE_COLOUR ( '', #3589 ) ;
#8164 = EDGE_CURVE ( 'NONE', #1051, #1956, #5124, .T. ) ;
#8165 =( NAMED_UNIT ( * ) SI_UNIT ( $, .STERADIAN. ) SOLID_ANGLE_UNIT ( ) );
#8166 =( GEOMETRIC_REPRESENTATION_CONTEXT ( 3 ) GLOBAL_UNCERTAINTY_ASSIGNED_CONTEXT ( ( #851 ) ) GLOBAL_UNIT_ASSIGNED_CONTEXT ( ( #5976, #2396, #8165 ) ) REPRESENTATION_CONTEXT ( 'NONE', 'WORKASPACE' ) );
#8167 = VERTEX_POINT ( 'NONE', #669 ) ;
#8168 = CARTESIAN_POINT ( 'NONE',  ( 2.676776695296634312, 0.000000000000000000, -3.986776695296669448 ) ) ;
#8169 =( NAMED_UNIT ( * ) PLANE_ANGLE_UNIT ( ) SI_UNIT ( $, .RADIAN. ) );
#8170 = ORIENTED_EDGE ( 'NONE', *, *, #3637, .F. ) ;
#8171 = AXIS2_PLACEMENT_3D ( 'NONE', #2383, #3144, #9010 ) ;
#8172 =( NAMED_UNIT ( * ) PLANE_ANGLE_UNIT ( ) SI_UNIT ( $, .RADIAN. ) );
#8173 = LINE ( 'NONE', #771, #4644 ) ;
#8174 = FACE_OUTER_BOUND ( 'NONE', #4567, .T. ) ;
#8175 = MECHANICAL_DESIGN_GEOMETRIC_PRESENTATION_REPRESENTATION (  '', ( #6799 ), #4314 ) ;
#8176 = PRESENTATION_LAYER_ASSIGNMENT (  '', '', ( #960 ) ) ;
#8177 = SURFACE_SIDE_STYLE ('',( #4597 ) ) ;
#8178 = FACE_OUTER_BOUND ( 'NONE', #6574, .T. ) ;
#8179 = CARTESIAN_POINT ( 'NONE',  ( 5.049999999999997158, -1.000000000000000000, -3.760000000000031761 ) ) ;
#8180 = CARTESIAN_POINT ( 'NONE',  ( -5.875000000000000888, 1.570000000000000062, -2.684999999999964970 ) ) ;
#8181 = MECHANICAL_DESIGN_GEOMETRIC_PRESENTATION_REPRESENTATION (  '', ( #4005 ), #9057 ) ;
#8182 =( NAMED_UNIT ( * ) PLANE_ANGLE_UNIT ( ) SI_UNIT ( $, .RADIAN. ) );
#8183 =( LENGTH_UNIT ( ) NAMED_UNIT ( * ) SI_UNIT ( .MILLI., .METRE. ) );
#8184 = VERTEX_POINT ( 'NONE', #4296 ) ;
#8185 = VECTOR ( 'NONE', #4862, 999.9999999999998863 ) ;
#8186 = AXIS2_PLACEMENT_3D ( 'NONE', #8292, #1537, #7478 ) ;
#8187 = EDGE_LOOP ( 'NONE', ( #7590, #6330, #2149, #3017 ) ) ;
#8188 = VECTOR ( 'NONE', #1661, 999.9999999999998863 ) ;
#8189 = EDGE_CURVE ( 'NONE', #7047, #4287, #7393, .T. ) ;
#8190 = CARTESIAN_POINT ( 'NONE',  ( 5.319999999999999396, 4.069999999999999396, -3.489999999999965574 ) ) ;
#8191 = PRESENTATION_LAYER_ASSIGNMENT (  '', '', ( #2761 ) ) ;
#8192 = LINE ( 'NONE', #3140, #8375 ) ;
#8193 = CARTESIAN_POINT ( 'NONE',  ( -4.823223304703364356, 0.000000000000000000, 3.633223304703330658 ) ) ;
#8194 = EDGE_LOOP ( 'NONE', ( #1512, #5058, #3829, #3819 ) ) ;
#8195 = SURFACE_SIDE_STYLE ('',( #8540 ) ) ;
#8196 = SURFACE_STYLE_FILL_AREA ( #4572 ) ;
#8197 = B_SPLINE_SURFACE_WITH_KNOTS ( 'NONE', 3, 1, ( 
 ( #437, #7825 ),
 ( #1091, #4111 ),
 ( #6981, #8575 ),
 ( #1982, #1839 ),
 ( #4786, #473 ),
 ( #6274, #4065 ) ),
 .UNSPECIFIED., .F., .F., .F.,
 ( 4, 2, 4 ),
 ( 2, 2 ),
 ( 0.000000000000000000, 0.5000000000000000000, 1.000000000000000000 ),
 ( 0.000000000000000000, 1.000000000000000000 ),
 .UNSPECIFIED. ) ;
#8198 = CARTESIAN_POINT ( 'NONE',  ( 2.549999999999997602, -1.000000000000000000, -3.843333333333365687 ) ) ;
#8199 = VECTOR ( 'NONE', #4641, 1000.000000000000000 ) ;
#8200 =( GEOMETRIC_REPRESENTATION_CONTEXT ( 3 ) GLOBAL_UNCERTAINTY_ASSIGNED_CONTEXT ( ( #4640 ) ) GLOBAL_UNIT_ASSIGNED_CONTEXT ( ( #5700, #1310, #4245 ) ) REPRESENTATION_CONTEXT ( 'NONE', 'WORKASPACE' ) );
#8201 = FILL_AREA_STYLE_COLOUR ( '', #641 ) ;
#8202 = EDGE_LOOP ( 'NONE', ( #6872, #7443, #2829, #7605 ) ) ;
#8203 = EDGE_CURVE ( 'NONE', #9120, #8892, #6633, .T. ) ;
#8204 = EDGE_LOOP ( 'NONE', ( #44, #6295, #3642, #2201 ) ) ;
#8205 = DIRECTION ( 'NONE',  ( 0.000000000000000000, -0.000000000000000000, -1.000000000000000000 ) ) ;
#8206 = STYLED_ITEM ( 'NONE', ( #1460 ), #9048 ) ;
#8207 = AXIS2_PLACEMENT_3D ( 'NONE', #3851, #8348, #88 ) ;
#8208 = MECHANICAL_DESIGN_GEOMETRIC_PRESENTATION_REPRESENTATION (  '', ( #8928 ), #373 ) ;
#8209 = VECTOR ( 'NONE', #3643, 1000.000000000000000 ) ;
#8210 = SURFACE_SIDE_STYLE ('',( #859 ) ) ;
#8211 = EDGE_CURVE ( 'NONE', #8138, #4140, #9415, .T. ) ;
#8212 = SURFACE_SIDE_STYLE ('',( #235 ) ) ;
#8213 = AXIS2_PLACEMENT_3D ( 'NONE', #1559, #958, #1610 ) ;
#8214 = COLOUR_RGB ( '',0.3176470588235293935, 0.2470588235294117752, 0.2078431372549019440 ) ;
#8215 = ORIENTED_EDGE ( 'NONE', *, *, #5581, .F. ) ;
#8216 = PLANE ( 'NONE',  #4510 ) ;
#8217 = PRESENTATION_LAYER_ASSIGNMENT (  '', '', ( #4667 ) ) ;
#8218 =( LENGTH_UNIT ( ) NAMED_UNIT ( * ) SI_UNIT ( .MILLI., .METRE. ) );
#8219 = ORIENTED_EDGE ( 'NONE', *, *, #7660, .F. ) ;
#8220 = VECTOR ( 'NONE', #8849, 1000.000000000000000 ) ;
#8221 = AXIS2_PLACEMENT_3D ( 'NONE', #1609, #4556, #1652 ) ;
#8222 = DIRECTION ( 'NONE',  ( 0.7071067811865482389, 0.000000000000000000, 0.7071067811865469066 ) ) ;
#8223 = VERTEX_POINT ( 'NONE', #5179 ) ;
#8224 = DIRECTION ( 'NONE',  ( -1.000000000000000000, -0.000000000000000000, -0.000000000000000000 ) ) ;
#8225 = EDGE_LOOP ( 'NONE', ( #3100, #6432, #2561, #2198 ) ) ;
#8226 = EDGE_CURVE ( 'NONE', #9055, #3342, #2841, .T. ) ;
#8227 = COLOUR_RGB ( '',0.2980392156862745057, 0.2980392156862745057, 0.2980392156862745057 ) ;
#8228 = UNCERTAINTY_MEASURE_WITH_UNIT (LENGTH_MEASURE( 1.000000000000000082E-05 ), #2464, 'distance_accuracy_value', 'NONE');
#8229 = LINE ( 'NONE', #3867, #8199 ) ;
#8230 = DIRECTION ( 'NONE',  ( 0.7071067811865482389, 0.000000000000000000, -0.7071067811865469066 ) ) ;
#8231 = STYLED_ITEM ( 'NONE', ( #3573 ), #6908 ) ;
#8232 = SURFACE_STYLE_USAGE ( .BOTH. , #2410 ) ;
#8233 = SURFACE_STYLE_FILL_AREA ( #4738 ) ;
#8234 = LINE ( 'NONE', #4515, #6648 ) ;
#8235 = CARTESIAN_POINT ( 'NONE',  ( 0.8749999999999990008, 1.570000000000000062, -2.685000000000000497 ) ) ;
#8236 = VERTEX_POINT ( 'NONE', #8168 ) ;
#8237 = SURFACE_STYLE_USAGE ( .BOTH. , #8377 ) ;
#8238 = LINE ( 'NONE', #8279, #5842 ) ;
#8239 = VERTEX_POINT ( 'NONE', #5821 ) ;
#8240 = DIRECTION ( 'NONE',  ( 1.000000000000000000, 0.000000000000000000, -6.776263578034403699E-16 ) ) ;
#8242 =( GEOMETRIC_REPRESENTATION_CONTEXT ( 3 ) GLOBAL_UNCERTAINTY_ASSIGNED_CONTEXT ( ( #3107 ) ) GLOBAL_UNIT_ASSIGNED_CONTEXT ( ( #81, #5253, #22 ) ) REPRESENTATION_CONTEXT ( 'NONE', 'WORKASPACE' ) );
#8241 = CARTESIAN_POINT ( 'NONE',  ( 4.679999999999998828, 4.069999999999999396, -3.489999999999965574 ) ) ;
#8243 =( NAMED_UNIT ( * ) SI_UNIT ( $, .STERADIAN. ) SOLID_ANGLE_UNIT ( ) );
#8244 = DIRECTION ( 'NONE',  ( 1.000000000000000000, 0.000000000000000000, -0.000000000000000000 ) ) ;
#8245 = VERTEX_POINT ( 'NONE', #720 ) ;
#8246 = ORIENTED_EDGE ( 'NONE', *, *, #8646, .F. ) ;
#8247 = AXIS2_PLACEMENT_3D ( 'NONE', #8408, #2494, #3122 ) ;
#8248 = CARTESIAN_POINT ( 'NONE',  ( -5.135110028629972234, -7.320507819255958490E-19, 3.591556638036665472 ) ) ;
#8249 = MECHANICAL_DESIGN_GEOMETRIC_PRESENTATION_REPRESENTATION (  '', ( #9421 ), #1772 ) ;
#8250 = CARTESIAN_POINT ( 'NONE',  ( -3.875000000000000888, 1.570000000000000062, -4.684999999999964970 ) ) ;
#8251 = SURFACE_SIDE_STYLE ('',( #5310 ) ) ;
#8252 = CARTESIAN_POINT ( 'NONE',  ( 2.180000000000000604, 4.069999999999999396, 3.490000000000034852 ) ) ;
#8253 = VECTOR ( 'NONE', #1480, 999.9999999999998863 ) ;
#8254 =( GEOMETRIC_REPRESENTATION_CONTEXT ( 3 ) GLOBAL_UNCERTAINTY_ASSIGNED_CONTEXT ( ( #1674 ) ) GLOBAL_UNIT_ASSIGNED_CONTEXT ( ( #9325, #7075, #7129 ) ) REPRESENTATION_CONTEXT ( 'NONE', 'WORKASPACE' ) );
#8255 = ORIENTED_EDGE ( 'NONE', *, *, #6394, .T. ) ;
#8256 =( LENGTH_UNIT ( ) NAMED_UNIT ( * ) SI_UNIT ( .MILLI., .METRE. ) );
#8257 = EDGE_LOOP ( 'NONE', ( #1440, #3706, #2883, #6720 ) ) ;
#8258 = CARTESIAN_POINT ( 'NONE',  ( 4.781556638036694729, 0.000000000000000000, 3.674889971369998953 ) ) ;
#8259 = UNCERTAINTY_MEASURE_WITH_UNIT (LENGTH_MEASURE( 1.000000000000000082E-05 ), #2792, 'distance_accuracy_value', 'NONE');
#8260 = DIRECTION ( 'NONE',  ( -0.000000000000000000, -0.000000000000000000, -1.000000000000000000 ) ) ;
#8261 = DIRECTION ( 'NONE',  ( 1.000000000000000000, 0.000000000000000000, 0.000000000000000000 ) ) ;
#8262 = EDGE_LOOP ( 'NONE', ( #7775, #1311, #457, #1918 ) ) ;
#8263 = FILL_AREA_STYLE_COLOUR ( '', #5959 ) ;
#8264 = CARTESIAN_POINT ( 'NONE',  ( -0.05000000000000229955, -1.000000000000000000, -3.760000000000031761 ) ) ;
#8265 = SURFACE_SIDE_STYLE ('',( #6168 ) ) ;
#8266 = VERTEX_POINT ( 'NONE', #2790 ) ;
#8267 = DIRECTION ( 'NONE',  ( -1.000000000000000000, -0.000000000000000000, -0.000000000000000000 ) ) ;
#8268 = EDGE_CURVE ( 'NONE', #2211, #212, #9463, .T. ) ;
#8269 =( NAMED_UNIT ( * ) SI_UNIT ( $, .STERADIAN. ) SOLID_ANGLE_UNIT ( ) );
#8270 = CARTESIAN_POINT ( 'NONE',  ( 0.03333333333333052956, -1.000000000000000000, 3.759999999999968701 ) ) ;
#8271 = B_SPLINE_SURFACE_WITH_KNOTS ( 'NONE', 3, 1, ( 
 ( #1446, #6533 ),
 ( #7956, #3024 ),
 ( #6575, #7286 ),
 ( #9454, #8154 ),
 ( #2826, #1352 ),
 ( #3650, #84 ) ),
 .UNSPECIFIED., .F., .F., .F.,
 ( 4, 2, 4 ),
 ( 2, 2 ),
 ( 0.000000000000000000, 0.5000000000000000000, 1.000000000000000000 ),
 ( 0.000000000000000000, 1.000000000000000000 ),
 .UNSPECIFIED. ) ;
#8272 = FILL_AREA_STYLE_COLOUR ( '', #5068 ) ;
#8273 =( NAMED_UNIT ( * ) PLANE_ANGLE_UNIT ( ) SI_UNIT ( $, .RADIAN. ) );
#8274 = CARTESIAN_POINT ( 'NONE',  ( -2.323223304703364800, 0.000000000000000000, 3.633223304703330658 ) ) ;
#8275 = CARTESIAN_POINT ( 'NONE',  ( 3.874999999999999112, 4.069999999999999396, 4.685000000000003162 ) ) ;
#8276 = PLANE ( 'NONE',  #5634 ) ;
#8277 = CARTESIAN_POINT ( 'NONE',  ( -2.533333333333335879, -1.000000000000000000, 3.759999999999968701 ) ) ;
#8278 = CARTESIAN_POINT ( 'NONE',  ( -5.875000000000000888, 4.069999999999999396, 4.934999999999968523 ) ) ;
#8279 = CARTESIAN_POINT ( 'NONE',  ( 4.124999999999999112, 1.570000000000000062, -4.935000000000000497 ) ) ;
#8280 = EDGE_CURVE ( 'NONE', #180, #9358, #7346, .T. ) ;
#8281 = CARTESIAN_POINT ( 'NONE',  ( 1.124999999999999112, 4.069999999999999396, -4.684999999999999609 ) ) ;
#8282 = FACE_OUTER_BOUND ( 'NONE', #7941, .T. ) ;
#8283 = ORIENTED_EDGE ( 'NONE', *, *, #7540, .T. ) ;
#8284 = FACE_OUTER_BOUND ( 'NONE', #617, .T. ) ;
#8285 = SURFACE_STYLE_FILL_AREA ( #1522 ) ;
#8286 =( NAMED_UNIT ( * ) SI_UNIT ( $, .STERADIAN. ) SOLID_ANGLE_UNIT ( ) );
#8287 = ORIENTED_EDGE ( 'NONE', *, *, #8985, .T. ) ;
#8288 = VERTEX_POINT ( 'NONE', #1551 ) ;
#8289 = CARTESIAN_POINT ( 'NONE',  ( 2.323223304703360803, 0.000000000000000000, 3.633223304703332435 ) ) ;
#8290 = DIRECTION ( 'NONE',  ( -0.000000000000000000, -1.000000000000000000, -0.000000000000000000 ) ) ;
#8291 = SURFACE_STYLE_USAGE ( .BOTH. , #4581 ) ;
#8292 = CARTESIAN_POINT ( 'NONE',  ( 4.999999999999997335, 0.000000000000000000, -3.810000000000031140 ) ) ;
#8293 = DIRECTION ( 'NONE',  ( 0.000000000000000000, -1.000000000000000000, 0.000000000000000000 ) ) ;
#8294 = EDGE_LOOP ( 'NONE', ( #1084, #7496, #6652, #3800 ) ) ;
#8295 = ORIENTED_EDGE ( 'NONE', *, *, #7041, .T. ) ;
#8296 = FILL_AREA_STYLE_COLOUR ( '', #3543 ) ;
#8297 =( LENGTH_UNIT ( ) NAMED_UNIT ( * ) SI_UNIT ( .MILLI., .METRE. ) );
#8298 = SURFACE_STYLE_USAGE ( .BOTH. , #1498 ) ;
#8299 = ORIENTED_EDGE ( 'NONE', *, *, #3574, .F. ) ;
#8300 = PRESENTATION_STYLE_ASSIGNMENT (( #2398 ) ) ;
#8301 = CARTESIAN_POINT ( 'NONE',  ( 0.1351100286299680986, 0.000000000000000000, -3.591556638036726756 ) ) ;
#8302 = LINE ( 'NONE', #5276, #7243 ) ;
#8303 = ORIENTED_EDGE ( 'NONE', *, *, #5928, .T. ) ;
#8304 = DIRECTION ( 'NONE',  ( -0.000000000000000000, -1.000000000000000000, -0.000000000000000000 ) ) ;
#8305 = UNCERTAINTY_MEASURE_WITH_UNIT (LENGTH_MEASURE( 1.000000000000000082E-05 ), #9211, 'distance_accuracy_value', 'NONE');
#8306 =( NAMED_UNIT ( * ) SI_UNIT ( $, .STERADIAN. ) SOLID_ANGLE_UNIT ( ) );
#8307 = PRESENTATION_LAYER_ASSIGNMENT (  '', '', ( #478 ) ) ;
#8308 = CARTESIAN_POINT ( 'NONE',  ( -0.1767766952966388638, 0.000000000000000000, 3.633223304703332435 ) ) ;
#8309 = CARTESIAN_POINT ( 'NONE',  ( 3.874999999999999112, 1.570000000000000062, 4.685000000000003162 ) ) ;
#8310 = DIRECTION ( 'NONE',  ( -2.048885995248197414E-16, -0.000000000000000000, -1.000000000000000000 ) ) ;
#8311 = ADVANCED_FACE ( 'NONE', ( #4499 ), #3774, .F. ) ;
#8312 = CARTESIAN_POINT ( 'NONE',  ( 2.249999999999998668, 0.000000000000000000, 3.740964406271120257 ) ) ;
#8313 = DIRECTION ( 'NONE',  ( 0.000000000000000000, 0.000000000000000000, 1.000000000000000000 ) ) ;
#8314 = STYLED_ITEM ( 'NONE', ( #6006 ), #3751 ) ;
#8315 = FACE_OUTER_BOUND ( 'NONE', #6583, .T. ) ;
#8316 = SURFACE_STYLE_FILL_AREA ( #2507 ) ;
#8317 = EDGE_CURVE ( 'NONE', #7625, #3504, #6695, .T. ) ;
#8318 =( NAMED_UNIT ( * ) PLANE_ANGLE_UNIT ( ) SI_UNIT ( $, .RADIAN. ) );
#8319 = AXIS2_PLACEMENT_3D ( 'NONE', #6060, #8293, #904 ) ;
#8320 = VECTOR ( 'NONE', #5165, 999.9999999999998863 ) ;
#8321 = FILL_AREA_STYLE ('',( #3745 ) ) ;
#8322 = FILL_AREA_STYLE ('',( #5388 ) ) ;
#8323 = STYLED_ITEM ( 'NONE', ( #9194 ), #4600 ) ;
#8324 = VECTOR ( 'NONE', #3786, 1000.000000000000000 ) ;
#8325 = SURFACE_STYLE_USAGE ( .BOTH. , #5389 ) ;
#8326 = EDGE_LOOP ( 'NONE', ( #7322, #994, #655, #7902 ) ) ;
#8327 = SURFACE_STYLE_FILL_AREA ( #9052 ) ;
#8328 = FILL_AREA_STYLE ('',( #6189 ) ) ;
#8329 = VECTOR ( 'NONE', #1737, 1000.000000000000000 ) ;
#8330 = VERTEX_POINT ( 'NONE', #7450 ) ;
#8331 = EDGE_CURVE ( 'NONE', #748, #9256, #5027, .T. ) ;
#8332 = UNCERTAINTY_MEASURE_WITH_UNIT (LENGTH_MEASURE( 1.000000000000000082E-05 ), #1332, 'distance_accuracy_value', 'NONE');
#8333 = PRESENTATION_LAYER_ASSIGNMENT (  '', '', ( #820 ) ) ;
#8334 = EDGE_CURVE ( 'NONE', #6463, #9033, #142, .T. ) ;
#8335 = CARTESIAN_POINT ( 'NONE',  ( 5.000000000000000000, -1.000000000000000000, 0.000000000000000000 ) ) ;
#8336 = AXIS2_PLACEMENT_3D ( 'NONE', #2240, #6852, #221 ) ;
#8337 = LINE ( 'NONE', #6808, #7887 ) ;
#8338 = DIRECTION ( 'NONE',  ( 0.000000000000000000, -1.000000000000000000, 0.000000000000000000 ) ) ;
#8339 = CIRCLE ( 'NONE', #8026, 0.2500000000000002220 ) ;
#8340 = FACE_OUTER_BOUND ( 'NONE', #4497, .T. ) ;
#8341 = VECTOR ( 'NONE', #2199, 1000.000000000000114 ) ;
#8342 = UNCERTAINTY_MEASURE_WITH_UNIT (LENGTH_MEASURE( 1.000000000000000082E-05 ), #1095, 'distance_accuracy_value', 'NONE');
#8343 = EDGE_CURVE ( 'NONE', #73, #1066, #5002, .T. ) ;
#8344 = CARTESIAN_POINT ( 'NONE',  ( -5.033333333333334991, -1.000000000000000000, 3.859999999999967901 ) ) ;
#8345 = ORIENTED_EDGE ( 'NONE', *, *, #5020, .T. ) ;
#8346 = EDGE_CURVE ( 'NONE', #1493, #5758, #4551, .T. ) ;
#8347 = PRESENTATION_LAYER_ASSIGNMENT (  '', '', ( #5262 ) ) ;
#8348 = DIRECTION ( 'NONE',  ( 0.7071067811865482389, 0.000000000000000000, -0.7071067811865469066 ) ) ;
#8349 = MECHANICAL_DESIGN_GEOMETRIC_PRESENTATION_REPRESENTATION (  '', ( #3392 ), #9072 ) ;
#8350 = B_SPLINE_SURFACE_WITH_KNOTS ( 'NONE', 3, 1, ( 
 ( #9156, #1970 ),
 ( #9297, #3492 ),
 ( #6471, #7190 ),
 ( #2869, #5692 ),
 ( #4907, #7097 ),
 ( #1393, #2056 ) ),
 .UNSPECIFIED., .F., .F., .F.,
 ( 4, 2, 4 ),
 ( 2, 2 ),
 ( 0.000000000000000000, 0.5000000000000000000, 1.000000000000000000 ),
 ( 0.000000000000000000, 1.000000000000000000 ),
 .UNSPECIFIED. ) ;
#8351 = EDGE_LOOP ( 'NONE', ( #6246, #8817, #7187, #5174 ) ) ;
#8352 = COLOUR_RGB ( '',0.2980392156862745057, 0.2980392156862745057, 0.2980392156862745057 ) ;
#8353 = PRESENTATION_LAYER_ASSIGNMENT (  '', '', ( #5904 ) ) ;
#8354 = CARTESIAN_POINT ( 'NONE',  ( 5.874999999999999112, 4.069999999999999396, -2.685000000000000497 ) ) ;
#8355 = VECTOR ( 'NONE', #8558, 1000.000000000000000 ) ;
#8356 = UNCERTAINTY_MEASURE_WITH_UNIT (LENGTH_MEASURE( 1.000000000000000082E-05 ), #1723, 'distance_accuracy_value', 'NONE');
#8357 = CARTESIAN_POINT ( 'NONE',  ( -2.820000000000000728, 10.06999999999999851, -4.129999999999965254 ) ) ;
#8358 = FILL_AREA_STYLE ('',( #463 ) ) ;
#8359 = EDGE_LOOP ( 'NONE', ( #723, #8065, #2805, #5050 ) ) ;
#8360 = VECTOR ( 'NONE', #3699, 1000.000000000000000 ) ;
#8361 = PRESENTATION_LAYER_ASSIGNMENT (  '', '', ( #2951 ) ) ;
#8362 = DIRECTION ( 'NONE',  ( -0.000000000000000000, 1.000000000000000000, 0.000000000000000000 ) ) ;
#8363 =( GEOMETRIC_REPRESENTATION_CONTEXT ( 3 ) GLOBAL_UNCERTAINTY_ASSIGNED_CONTEXT ( ( #3966 ) ) GLOBAL_UNIT_ASSIGNED_CONTEXT ( ( #7317, #3682, #2046 ) ) REPRESENTATION_CONTEXT ( 'NONE', 'WORKASPACE' ) );
#8364 = PLANE ( 'NONE',  #4950 ) ;
#8365 = ORIENTED_EDGE ( 'NONE', *, *, #2697, .F. ) ;
#8366 = VECTOR ( 'NONE', #8571, 1000.000000000000000 ) ;
#8367 = VECTOR ( 'NONE', #2888, 1000.000000000000000 ) ;
#8368 = CIRCLE ( 'NONE', #688, 0.2500000000000002220 ) ;
#8369 = SURFACE_STYLE_FILL_AREA ( #5474 ) ;
#8370 = DIRECTION ( 'NONE',  ( -0.000000000000000000, -1.000000000000000000, -0.000000000000000000 ) ) ;
#8371 = SURFACE_STYLE_USAGE ( .BOTH. , #2454 ) ;
#8372 = DIRECTION ( 'NONE',  ( 0.000000000000000000, -1.000000000000000000, 0.000000000000000000 ) ) ;
#8373 = EDGE_CURVE ( 'NONE', #8288, #5364, #6831, .T. ) ;
#8374 = CARTESIAN_POINT ( 'NONE',  ( 2.281556638036693396, 0.000000000000000000, 3.945110028629935872 ) ) ;
#8375 = VECTOR ( 'NONE', #6145, 1000.000000000000000 ) ;
#8376 = CARTESIAN_POINT ( 'NONE',  ( -4.679999999999998828, 10.06999999999999851, 3.490000000000034852 ) ) ;
#8377 = SURFACE_SIDE_STYLE ('',( #9045 ) ) ;
#8378 = ADVANCED_FACE ( 'NONE', ( #293 ), #7530, .F. ) ;
#8379 = DIRECTION ( 'NONE',  ( -1.000000000000000000, -0.000000000000000000, -0.000000000000000000 ) ) ;
#8380 = ADVANCED_FACE ( 'NONE', ( #246 ), #3858, .F. ) ;
#8381 = EDGE_CURVE ( 'NONE', #5249, #6121, #7171, .T. ) ;
#8382 = VECTOR ( 'NONE', #7024, 999.9999999999998863 ) ;
#8383 = DIRECTION ( 'NONE',  ( 0.7071067811865482389, -0.000000000000000000, 0.7071067811865469066 ) ) ;
#8384 = ORIENTED_EDGE ( 'NONE', *, *, #969, .T. ) ;
#8385 = EDGE_CURVE ( 'NONE', #3251, #2261, #7674, .T. ) ;
#8386 = VECTOR ( 'NONE', #5328, 1000.000000000000000 ) ;
#8387 = CARTESIAN_POINT ( 'NONE',  ( 5.320000000000001172, 10.06999999999999851, 4.130000000000034532 ) ) ;
#8388 = PRESENTATION_LAYER_ASSIGNMENT (  '', '', ( #3126 ) ) ;
#8389 = ADVANCED_FACE ( 'NONE', ( #7153 ), #1928, .F. ) ;
#8390 = ORIENTED_EDGE ( 'NONE', *, *, #127, .F. ) ;
#8391 = EDGE_CURVE ( 'NONE', #8330, #788, #7907, .T. ) ;
#8392 = DIRECTION ( 'NONE',  ( -1.000000000000000000, -0.000000000000000000, -0.000000000000000000 ) ) ;
#8393 = CARTESIAN_POINT ( 'NONE',  ( -1.125000000000000888, 4.069999999999999396, 4.685000000000003162 ) ) ;
#8394 = PRESENTATION_LAYER_ASSIGNMENT (  '', '', ( #411 ) ) ;
#8395 = PRESENTATION_LAYER_ASSIGNMENT (  '', '', ( #4381 ) ) ;
#8396 = DIRECTION ( 'NONE',  ( -0.7071067811865479058, -0.000000000000000000, -0.7071067811865472397 ) ) ;
#8397 = DIRECTION ( 'NONE',  ( -0.000000000000000000, -1.000000000000000000, -0.000000000000000000 ) ) ;
#8398 = FILL_AREA_STYLE_COLOUR ( '', #4010 ) ;
#8399 = CARTESIAN_POINT ( 'NONE',  ( -5.135110028629973122, 0.000000000000000000, 4.028443361963271130 ) ) ;
#8400 = ORIENTED_EDGE ( 'NONE', *, *, #8091, .F. ) ;
#8401 = CARTESIAN_POINT ( 'NONE',  ( -4.950000000000001066, -1.000000000000000000, 3.776666666666634420 ) ) ;
#8402 = ORIENTED_EDGE ( 'NONE', *, *, #58, .T. ) ;
#8403 = SURFACE_SIDE_STYLE ('',( #4825 ) ) ;
#8404 =( GEOMETRIC_REPRESENTATION_CONTEXT ( 3 ) GLOBAL_UNCERTAINTY_ASSIGNED_CONTEXT ( ( #1969 ) ) GLOBAL_UNIT_ASSIGNED_CONTEXT ( ( #8839, #7366, #7193 ) ) REPRESENTATION_CONTEXT ( 'NONE', 'WORKASPACE' ) );
#8405 = FILL_AREA_STYLE ('',( #5599 ) ) ;
#8406 = ORIENTED_EDGE ( 'NONE', *, *, #5664, .F. ) ;
#8407 = STYLED_ITEM ( 'NONE', ( #3890 ), #7830 ) ;
#8408 = CARTESIAN_POINT ( 'NONE',  ( 4.680000000000000604, 10.06999999999999851, 3.490000000000034852 ) ) ;
#8409 = CARTESIAN_POINT ( 'NONE',  ( -4.125000000000000888, 1.570000000000000062, 4.934999999999968523 ) ) ;
#8410 = LINE ( 'NONE', #2308, #7765 ) ;
#8411 = ORIENTED_EDGE ( 'NONE', *, *, #2248, .T. ) ;
#8412 = CARTESIAN_POINT ( 'NONE',  ( 1.124999999999999112, 4.069999999999999396, -4.684999999999999609 ) ) ;
#8413 = CIRCLE ( 'NONE', #6736, 0.2500000000000002220 ) ;
#8414 = PLANE ( 'NONE',  #219 ) ;
#8415 = CARTESIAN_POINT ( 'NONE',  ( -3.625000000000000000, 1.570000000000000062, 4.684999999999986287 ) ) ;
#8416 = DIRECTION ( 'NONE',  ( -0.7071067811865482389, -0.000000000000000000, -0.7071067811865469066 ) ) ;
#8417 = CARTESIAN_POINT ( 'NONE',  ( 2.549999999999998490, -1.000000000000000000, 3.859999999999968345 ) ) ;
#8418 =( LENGTH_UNIT ( ) NAMED_UNIT ( * ) SI_UNIT ( .MILLI., .METRE. ) );
#8419 = CARTESIAN_POINT ( 'NONE',  ( -2.450000000000001066, -1.000000000000000000, 3.843333333333300406 ) ) ;
#8420 = DIRECTION ( 'NONE',  ( 1.000000000000000000, 0.000000000000000000, -6.776263578034403699E-16 ) ) ;
#8421 = SURFACE_SIDE_STYLE ('',( #2461 ) ) ;
#8422 = CARTESIAN_POINT ( 'NONE',  ( -0.2500000000000011102, 0.000000000000000000, 3.740964406271120257 ) ) ;
#8423 =( NAMED_UNIT ( * ) SI_UNIT ( $, .STERADIAN. ) SOLID_ANGLE_UNIT ( ) );
#8424 =( LENGTH_UNIT ( ) NAMED_UNIT ( * ) SI_UNIT ( .MILLI., .METRE. ) );
#8425 = ORIENTED_EDGE ( 'NONE', *, *, #8681, .F. ) ;
#8426 = SURFACE_STYLE_USAGE ( .BOTH. , #4030 ) ;
#8427 =( NAMED_UNIT ( * ) PLANE_ANGLE_UNIT ( ) SI_UNIT ( $, .RADIAN. ) );
#8428 = SURFACE_STYLE_USAGE ( .BOTH. , #5631 ) ;
#8429 = ORIENTED_EDGE ( 'NONE', *, *, #8042, .F. ) ;
#8430 = UNCERTAINTY_MEASURE_WITH_UNIT (LENGTH_MEASURE( 1.000000000000000082E-05 ), #5378, 'distance_accuracy_value', 'NONE');
#8431 = ADVANCED_FACE ( 'NONE', ( #3450 ), #4869, .F. ) ;
#8432 =( NAMED_UNIT ( * ) SI_UNIT ( $, .STERADIAN. ) SOLID_ANGLE_UNIT ( ) );
#8433 = DIRECTION ( 'NONE',  ( 1.000000000000000000, -0.000000000000000000, 0.000000000000000000 ) ) ;
#8434 = LINE ( 'NONE', #1116, #39 ) ;
#8435 = DIRECTION ( 'NONE',  ( 1.000000000000000000, 0.000000000000000000, -6.776263578034403699E-16 ) ) ;
#8436 = EDGE_LOOP ( 'NONE', ( #7009, #1409, #4329, #4983 ) ) ;
#8437 = CARTESIAN_POINT ( 'NONE',  ( -4.950000000000001066, -1.000000000000000000, 3.859999999999968345 ) ) ;
#8438 = VERTEX_POINT ( 'NONE', #6301 ) ;
#8439 = DIRECTION ( 'NONE',  ( 1.000000000000000000, 0.000000000000000000, -0.000000000000000000 ) ) ;
#8440 = LINE ( 'NONE', #6909, #8816 ) ;
#8441 = DIRECTION ( 'NONE',  ( 0.000000000000000000, 0.000000000000000000, -1.000000000000000000 ) ) ;
#8442 = ORIENTED_EDGE ( 'NONE', *, *, #3972, .T. ) ;
#8443 = DIRECTION ( 'NONE',  ( -0.7071067811865474617, -0.000000000000000000, 0.7071067811865474617 ) ) ;
#8444 = LINE ( 'NONE', #6959, #4015 ) ;
#8445 = FACE_OUTER_BOUND ( 'NONE', #4175, .T. ) ;
#8446 = ORIENTED_EDGE ( 'NONE', *, *, #6791, .T. ) ;
#8447 = EDGE_CURVE ( 'NONE', #5856, #4130, #9159, .T. ) ;
#8448 =( LENGTH_UNIT ( ) NAMED_UNIT ( * ) SI_UNIT ( .MILLI., .METRE. ) );
#8449 = EDGE_CURVE ( 'NONE', #4132, #9108, #7052, .T. ) ;
#8450 = DIRECTION ( 'NONE',  ( -0.000000000000000000, 1.000000000000000000, 0.000000000000000000 ) ) ;
#8451 = DIRECTION ( 'NONE',  ( -0.000000000000000000, 1.000000000000000000, 0.000000000000000000 ) ) ;
#8452 = DIRECTION ( 'NONE',  ( 0.000000000000000000, 0.000000000000000000, 1.000000000000000000 ) ) ;
#8453 = MECHANICAL_DESIGN_GEOMETRIC_PRESENTATION_REPRESENTATION (  '', ( #6779 ), #1514 ) ;
#8454 = CARTESIAN_POINT ( 'NONE',  ( 0.2184433619633018020, 0.000000000000000000, 3.945110028629938537 ) ) ;
#8455 =( NAMED_UNIT ( * ) PLANE_ANGLE_UNIT ( ) SI_UNIT ( $, .RADIAN. ) );
#8456 = SURFACE_STYLE_USAGE ( .BOTH. , #8421 ) ;
#8457 =( NAMED_UNIT ( * ) SI_UNIT ( $, .STERADIAN. ) SOLID_ANGLE_UNIT ( ) );
#8458 = EDGE_CURVE ( 'NONE', #6624, #4892, #7814, .T. ) ;
#8459 = PRESENTATION_LAYER_ASSIGNMENT (  '', '', ( #5691 ) ) ;
#8460 = DIRECTION ( 'NONE',  ( 1.000000000000000000, 0.000000000000000000, -0.000000000000000000 ) ) ;
#8461 = CARTESIAN_POINT ( 'NONE',  ( -7.620000000000001883, 0.000000000000000000, -6.349999999999997868 ) ) ;
#8462 = ORIENTED_EDGE ( 'NONE', *, *, #3668, .F. ) ;
#8463 =( NAMED_UNIT ( * ) SI_UNIT ( $, .STERADIAN. ) SOLID_ANGLE_UNIT ( ) );
#8464 = DIRECTION ( 'NONE',  ( -6.776263578034403699E-16, 0.000000000000000000, -1.000000000000000000 ) ) ;
#8465 = SURFACE_STYLE_FILL_AREA ( #1107 ) ;
#8466 = ORIENTED_EDGE ( 'NONE', *, *, #1425, .F. ) ;
#8467 =( GEOMETRIC_REPRESENTATION_CONTEXT ( 3 ) GLOBAL_UNCERTAINTY_ASSIGNED_CONTEXT ( ( #3339 ) ) GLOBAL_UNIT_ASSIGNED_CONTEXT ( ( #270, #72, #8286 ) ) REPRESENTATION_CONTEXT ( 'NONE', 'WORKASPACE' ) );
#8468 = VECTOR ( 'NONE', #5015, 1000.000000000000000 ) ;
#8469 = FILL_AREA_STYLE ('',( #7699 ) ) ;
#8470 = DIRECTION ( 'NONE',  ( 0.000000000000000000, 0.000000000000000000, 1.000000000000000000 ) ) ;
#8471 =( GEOMETRIC_REPRESENTATION_CONTEXT ( 3 ) GLOBAL_UNCERTAINTY_ASSIGNED_CONTEXT ( ( #185 ) ) GLOBAL_UNIT_ASSIGNED_CONTEXT ( ( #4721, #7620, #6117 ) ) REPRESENTATION_CONTEXT ( 'NONE', 'WORKASPACE' ) );
#8472 = VECTOR ( 'NONE', #4772, 1000.000000000000000 ) ;
#8473 =( GEOMETRIC_REPRESENTATION_CONTEXT ( 3 ) GLOBAL_UNCERTAINTY_ASSIGNED_CONTEXT ( ( #3571 ) ) GLOBAL_UNIT_ASSIGNED_CONTEXT ( ( #3284, #1736, #2529 ) ) REPRESENTATION_CONTEXT ( 'NONE', 'WORKASPACE' ) );
#8474 = EDGE_CURVE ( 'NONE', #223, #7414, #1213, .T. ) ;
#8475 =( LENGTH_UNIT ( ) NAMED_UNIT ( * ) SI_UNIT ( .MILLI., .METRE. ) );
#8476 = VERTEX_POINT ( 'NONE', #5149 ) ;
#8477 = CARTESIAN_POINT ( 'NONE',  ( -4.781556638036697393, 0.000000000000000000, 3.674889971369997621 ) ) ;
#8478 = STYLED_ITEM ( 'NONE', ( #8052 ), #9458 ) ;
#8479 = VECTOR ( 'NONE', #9292, 1000.000000000000000 ) ;
#8480 = EDGE_LOOP ( 'NONE', ( #4868, #1739, #1608, #7561 ) ) ;
#8481 = CARTESIAN_POINT ( 'NONE',  ( 2.449999999999998401, -1.000000000000000000, 3.859999999999968345 ) ) ;
#8482 = UNCERTAINTY_MEASURE_WITH_UNIT (LENGTH_MEASURE( 1.000000000000000082E-05 ), #8475, 'distance_accuracy_value', 'NONE');
#8483 = AXIS2_PLACEMENT_3D ( 'NONE', #1773, #8464, #7654 ) ;
#8484 = ADVANCED_FACE ( 'NONE', ( #1521 ), #5198, .F. ) ;
#8485 = SURFACE_STYLE_USAGE ( .BOTH. , #7671 ) ;
#8486 = ORIENTED_EDGE ( 'NONE', *, *, #5386, .T. ) ;
#8487 = DIRECTION ( 'NONE',  ( 0.000000000000000000, 0.000000000000000000, 1.000000000000000000 ) ) ;
#8488 = FACE_OUTER_BOUND ( 'NONE', #5019, .T. ) ;
#8489 = CARTESIAN_POINT ( 'NONE',  ( 3.874999999999999556, 1.570000000000000062, -2.935000000000000053 ) ) ;
#8490 = STYLED_ITEM ( 'NONE', ( #5926 ), #9039 ) ;
#8491 =( NAMED_UNIT ( * ) SI_UNIT ( $, .STERADIAN. ) SOLID_ANGLE_UNIT ( ) );
#8492 = STYLED_ITEM ( 'NONE', ( #329 ), #1948 ) ;
#8493 = VERTEX_POINT ( 'NONE', #3049 ) ;
#8494 = DIRECTION ( 'NONE',  ( -0.000000000000000000, -0.000000000000000000, -1.000000000000000000 ) ) ;
#8495 = FILL_AREA_STYLE ('',( #6444 ) ) ;
#8496 = VECTOR ( 'NONE', #5425, 1000.000000000000000 ) ;
#8497 = PRESENTATION_LAYER_ASSIGNMENT (  '', '', ( #3235 ) ) ;
#8498 = LINE ( 'NONE', #1183, #868 ) ;
#8499 = COLOUR_RGB ( '',0.2980392156862745057, 0.2980392156862745057, 0.2980392156862745057 ) ;
#8500 = FILL_AREA_STYLE ('',( #3356 ) ) ;
#8501 = SURFACE_STYLE_USAGE ( .BOTH. , #3306 ) ;
#8502 = FACE_OUTER_BOUND ( 'NONE', #6577, .T. ) ;
#8503 =( NAMED_UNIT ( * ) PLANE_ANGLE_UNIT ( ) SI_UNIT ( $, .RADIAN. ) );
#8504 = FACE_OUTER_BOUND ( 'NONE', #8700, .T. ) ;
#8505 = AXIS2_PLACEMENT_3D ( 'NONE', #18, #5104, #2764 ) ;
#8506 = CARTESIAN_POINT ( 'NONE',  ( -2.569035593728854483, 0.000000000000000000, -3.560000000000032028 ) ) ;
#8507 = AXIS2_PLACEMENT_3D ( 'NONE', #6363, #1714, #6234 ) ;
#8508 = SURFACE_STYLE_FILL_AREA ( #9177 ) ;
#8509 =( NAMED_UNIT ( * ) SI_UNIT ( $, .STERADIAN. ) SOLID_ANGLE_UNIT ( ) );
#8510 = PRESENTATION_STYLE_ASSIGNMENT (( #4934 ) ) ;
#8511 = AXIS2_PLACEMENT_3D ( 'NONE', #7318, #740, #5042 ) ;
#8512 =( LENGTH_UNIT ( ) NAMED_UNIT ( * ) SI_UNIT ( .MILLI., .METRE. ) );
#8513 = CARTESIAN_POINT ( 'NONE',  ( 2.430964406271145961, 0.000000000000000000, 4.059999999999968523 ) ) ;
#8514 = DIRECTION ( 'NONE',  ( 0.7071067811865482389, 0.000000000000000000, -0.7071067811865469066 ) ) ;
#8515 = PRESENTATION_STYLE_ASSIGNMENT (( #4807 ) ) ;
#8516 = ORIENTED_EDGE ( 'NONE', *, *, #5658, .F. ) ;
#8517 = STYLED_ITEM ( 'NONE', ( #2038 ), #6878 ) ;
#8518 = SURFACE_SIDE_STYLE ('',( #9189 ) ) ;
#8519 = SURFACE_STYLE_USAGE ( .BOTH. , #8592 ) ;
#8520 =( GEOMETRIC_REPRESENTATION_CONTEXT ( 3 ) GLOBAL_UNCERTAINTY_ASSIGNED_CONTEXT ( ( #8812 ) ) GLOBAL_UNIT_ASSIGNED_CONTEXT ( ( #9254, #7904, #702 ) ) REPRESENTATION_CONTEXT ( 'NONE', 'WORKASPACE' ) );
#8521 = LINE ( 'NONE', #3949, #8786 ) ;
#8522 = VERTEX_POINT ( 'NONE', #8657 ) ;
#8523 = CARTESIAN_POINT ( 'NONE',  ( -4.750000000000000888, -0.000000000000000000, 3.879035593728817233 ) ) ;
#8524 = ORIENTED_EDGE ( 'NONE', *, *, #2745, .F. ) ;
#8525 =( GEOMETRIC_REPRESENTATION_CONTEXT ( 3 ) GLOBAL_UNCERTAINTY_ASSIGNED_CONTEXT ( ( #2426 ) ) GLOBAL_UNIT_ASSIGNED_CONTEXT ( ( #8957, #9092, #6091 ) ) REPRESENTATION_CONTEXT ( 'NONE', 'WORKASPACE' ) );
#8526 = DIRECTION ( 'NONE',  ( -0.000000000000000000, -0.000000000000000000, -1.000000000000000000 ) ) ;
#8527 =( NAMED_UNIT ( * ) PLANE_ANGLE_UNIT ( ) SI_UNIT ( $, .RADIAN. ) );
#8528 = ORIENTED_EDGE ( 'NONE', *, *, #7213, .T. ) ;
#8529 = FILL_AREA_STYLE ('',( #5695 ) ) ;
#8530 = CARTESIAN_POINT ( 'NONE',  ( -2.676776695296640529, 0.000000000000000000, -3.633223304703395939 ) ) ;
#8531 = DIRECTION ( 'NONE',  ( -0.000000000000000000, -1.000000000000000000, -0.000000000000000000 ) ) ;
#8532 = CARTESIAN_POINT ( 'NONE',  ( 5.049999999999998934, -1.000000000000000000, 3.759999999999968701 ) ) ;
#8533 =( GEOMETRIC_REPRESENTATION_CONTEXT ( 3 ) GLOBAL_UNCERTAINTY_ASSIGNED_CONTEXT ( ( #5351 ) ) GLOBAL_UNIT_ASSIGNED_CONTEXT ( ( #6857, #4619, #6418 ) ) REPRESENTATION_CONTEXT ( 'NONE', 'WORKASPACE' ) );
#8534 = EDGE_LOOP ( 'NONE', ( #1640, #1975, #8730, #4671 ) ) ;
#8535 = DIRECTION ( 'NONE',  ( -0.000000000000000000, -0.000000000000000000, -1.000000000000000000 ) ) ;
#8536 =( NAMED_UNIT ( * ) SI_UNIT ( $, .STERADIAN. ) SOLID_ANGLE_UNIT ( ) );
#8537 = VECTOR ( 'NONE', #9105, 1000.000000000000000 ) ;
#8538 = VECTOR ( 'NONE', #3674, 1000.000000000000000 ) ;
#8539 = DIRECTION ( 'NONE',  ( 0.000000000000000000, -0.000000000000000000, 1.000000000000000000 ) ) ;
#8540 = SURFACE_STYLE_FILL_AREA ( #5615 ) ;
#8541 = CARTESIAN_POINT ( 'NONE',  ( -5.113388347648320398, -0.5000000000000000000, -3.923388347648349317 ) ) ;
#8542 = FILL_AREA_STYLE ('',( #9228 ) ) ;
#8543 = ADVANCED_FACE ( 'NONE', ( #5951 ), #1579, .T. ) ;
#8544 = MECHANICAL_DESIGN_GEOMETRIC_PRESENTATION_REPRESENTATION (  '', ( #9276 ), #3428 ) ;
#8545 =( GEOMETRIC_REPRESENTATION_CONTEXT ( 3 ) GLOBAL_UNCERTAINTY_ASSIGNED_CONTEXT ( ( #6070 ) ) GLOBAL_UNIT_ASSIGNED_CONTEXT ( ( #5831, #3826, #5137 ) ) REPRESENTATION_CONTEXT ( 'NONE', 'WORKASPACE' ) );
#8546 = DIRECTION ( 'NONE',  ( -1.365923996832131609E-16, 0.000000000000000000, -1.000000000000000000 ) ) ;
#8547 = FACE_OUTER_BOUND ( 'NONE', #8846, .T. ) ;
#8548 = FACE_OUTER_BOUND ( 'NONE', #4606, .T. ) ;
#8549 = FILL_AREA_STYLE_COLOUR ( '', #4593 ) ;
#8550 = CARTESIAN_POINT ( 'NONE',  ( 2.323223304703359027, 0.000000000000000000, -3.633223304703395939 ) ) ;
#8551 = SURFACE_STYLE_USAGE ( .BOTH. , #3373 ) ;
#8552 = FACE_BOUND ( 'NONE', #4167, .T. ) ;
#8553 = EDGE_LOOP ( 'NONE', ( #515, #4047, #5305, #3198 ) ) ;
#8554 =( LENGTH_UNIT ( ) NAMED_UNIT ( * ) SI_UNIT ( .MILLI., .METRE. ) );
#8555 = CARTESIAN_POINT ( 'NONE',  ( -0.8750000000000007772, 4.069999999999999396, 4.935000000000004050 ) ) ;
#8556 = VERTEX_POINT ( 'NONE', #3494 ) ;
#8557 = SURFACE_STYLE_USAGE ( .BOTH. , #5638 ) ;
#8558 = DIRECTION ( 'NONE',  ( -1.000000000000000000, 0.000000000000000000, 0.000000000000000000 ) ) ;
#8559 = ORIENTED_EDGE ( 'NONE', *, *, #4715, .T. ) ;
#8560 =( LENGTH_UNIT ( ) NAMED_UNIT ( * ) SI_UNIT ( .MILLI., .METRE. ) );
#8561 = ORIENTED_EDGE ( 'NONE', *, *, #3207, .F. ) ;
#8562 = DIRECTION ( 'NONE',  ( 0.000000000000000000, -0.000000000000000000, -1.000000000000000000 ) ) ;
#8563 = LINE ( 'NONE', #4134, #1236 ) ;
#8564 = EDGE_LOOP ( 'NONE', ( #1357, #3992, #3554, #2420 ) ) ;
#8565 = FILL_AREA_STYLE ('',( #754 ) ) ;
#8566 = SURFACE_STYLE_USAGE ( .BOTH. , #6343 ) ;
#8567 = ORIENTED_EDGE ( 'NONE', *, *, #1490, .F. ) ;
#8568 = SURFACE_STYLE_USAGE ( .BOTH. , #5655 ) ;
#8569 = EDGE_LOOP ( 'NONE', ( #3809, #60, #7858, #3067 ) ) ;
#8570 = SURFACE_STYLE_USAGE ( .BOTH. , #3260 ) ;
#8571 = DIRECTION ( 'NONE',  ( -1.000000000000000000, 0.000000000000000000, 0.000000000000000000 ) ) ;
#8572 = CARTESIAN_POINT ( 'NONE',  ( 4.823223304703359027, 0.000000000000000000, -3.633223304703395939 ) ) ;
#8573 = DIRECTION ( 'NONE',  ( -0.7071067811865472397, -0.000000000000000000, 0.7071067811865479058 ) ) ;
#8574 = FACE_OUTER_BOUND ( 'NONE', #4099, .T. ) ;
#8575 = CARTESIAN_POINT ( 'NONE',  ( 2.483333333333328508, -1.000000000000000000, -3.860000000000031406 ) ) ;
#8576 = COLOUR_RGB ( '',0.3176470588235293935, 0.2470588235294117752, 0.2078431372549019440 ) ;
#8577 = DIRECTION ( 'NONE',  ( -0.000000000000000000, 1.000000000000000000, 0.000000000000000000 ) ) ;
#8578 = PRESENTATION_STYLE_ASSIGNMENT (( #5666 ) ) ;
#8579 = CARTESIAN_POINT ( 'NONE',  ( -4.781556638036698281, 0.000000000000000000, -3.945110028630002930 ) ) ;
#8580 =( LENGTH_UNIT ( ) NAMED_UNIT ( * ) SI_UNIT ( .MILLI., .METRE. ) );
#8581 = FILL_AREA_STYLE_COLOUR ( '', #6240 ) ;
#8582 = LINE ( 'NONE', #729, #9316 ) ;
#8583 = STYLED_ITEM ( 'NONE', ( #8693 ), #2863 ) ;
#8584 = CARTESIAN_POINT ( 'NONE',  ( -4.966666666666668561, -1.000000000000000000, -3.760000000000031761 ) ) ;
#8585 = EDGE_CURVE ( 'NONE', #9017, #3802, #6717, .T. ) ;
#8586 = FACE_OUTER_BOUND ( 'NONE', #5299, .T. ) ;
#8587 = DIRECTION ( 'NONE',  ( -0.000000000000000000, 1.000000000000000000, 0.000000000000000000 ) ) ;
#8588 = DIRECTION ( 'NONE',  ( -0.000000000000000000, -1.000000000000000000, -0.000000000000000000 ) ) ;
#8589 = CARTESIAN_POINT ( 'NONE',  ( -6.125000000000000000, 1.570000000000000062, 2.934999999999968523 ) ) ;
#8590 = AXIS2_PLACEMENT_3D ( 'NONE', #2514, #4746, #9139 ) ;
#8591 = ORIENTED_EDGE ( 'NONE', *, *, #2248, .F. ) ;
#8592 = SURFACE_SIDE_STYLE ('',( #6323 ) ) ;
#8593 = CIRCLE ( 'NONE', #4761, 0.2500000000000002220 ) ;
#8594 = CARTESIAN_POINT ( 'NONE',  ( 4.823223304703360803, 0.000000000000000000, 3.986776695296604167 ) ) ;
#8595 = VERTEX_POINT ( 'NONE', #6000 ) ;
#8596 = EDGE_CURVE ( 'NONE', #2840, #4352, #6758, .T. ) ;
#8597 = MECHANICAL_DESIGN_GEOMETRIC_PRESENTATION_REPRESENTATION (  '', ( #1985 ), #9335 ) ;
#8598 = CARTESIAN_POINT ( 'NONE',  ( -5.016666666666671048, -1.000000000000000000, -3.860000000000031406 ) ) ;
#8599 = DIRECTION ( 'NONE',  ( 0.000000000000000000, 0.000000000000000000, -1.000000000000000000 ) ) ;
#8600 = VERTEX_POINT ( 'NONE', #8241 ) ;
#8601 = PRESENTATION_LAYER_ASSIGNMENT (  '', '', ( #3998 ) ) ;
#8602 = ORIENTED_EDGE ( 'NONE', *, *, #7784, .T. ) ;
#8603 = COLOUR_RGB ( '',0.2980392156862745057, 0.2980392156862745057, 0.2980392156862745057 ) ;
#8604 = SURFACE_SIDE_STYLE ('',( #652 ) ) ;
#8605 = ADVANCED_FACE ( 'NONE', ( #214 ), #1627, .T. ) ;
#8606 = DIRECTION ( 'NONE',  ( -2.048885995248197414E-16, -0.000000000000000000, -1.000000000000000000 ) ) ;
#8607 = PRESENTATION_LAYER_ASSIGNMENT (  '', '', ( #1843 ) ) ;
#8608 = EDGE_LOOP ( 'NONE', ( #8113, #1170, #983, #2063 ) ) ;
#8609 =( NAMED_UNIT ( * ) SI_UNIT ( $, .STERADIAN. ) SOLID_ANGLE_UNIT ( ) );
#8610 = ADVANCED_FACE ( 'NONE', ( #2422 ), #1670, .F. ) ;
#8611 = DIRECTION ( 'NONE',  ( -0.000000000000000000, -0.000000000000000000, -1.000000000000000000 ) ) ;
#8612 = DIRECTION ( 'NONE',  ( 0.000000000000000000, 0.000000000000000000, -1.000000000000000000 ) ) ;
#8613 = ORIENTED_EDGE ( 'NONE', *, *, #5789, .T. ) ;
#8614 = ORIENTED_EDGE ( 'NONE', *, *, #8825, .T. ) ;
#8615 =( GEOMETRIC_REPRESENTATION_CONTEXT ( 3 ) GLOBAL_UNCERTAINTY_ASSIGNED_CONTEXT ( ( #1009 ) ) GLOBAL_UNIT_ASSIGNED_CONTEXT ( ( #3581, #8688, #7357 ) ) REPRESENTATION_CONTEXT ( 'NONE', 'WORKASPACE' ) );
#8616 = COLOUR_RGB ( '',0.3176470588235293935, 0.2470588235294117752, 0.2078431372549019440 ) ;
#8617 = LINE ( 'NONE', #2024, #8366 ) ;
#8618 = DIRECTION ( 'NONE',  ( -0.1247869418429871646, -0.9843050534722198597, 0.1247869418429884414 ) ) ;
#8619 = ORIENTED_EDGE ( 'NONE', *, *, #6998, .F. ) ;
#8620 =( GEOMETRIC_REPRESENTATION_CONTEXT ( 3 ) GLOBAL_UNCERTAINTY_ASSIGNED_CONTEXT ( ( #802 ) ) GLOBAL_UNIT_ASSIGNED_CONTEXT ( ( #9085, #8172, #6083 ) ) REPRESENTATION_CONTEXT ( 'NONE', 'WORKASPACE' ) );
#8621 = CARTESIAN_POINT ( 'NONE',  ( -1.125000000000000888, 4.069999999999999396, -4.684999999999999609 ) ) ;
#8622 = MECHANICAL_DESIGN_GEOMETRIC_PRESENTATION_REPRESENTATION (  '', ( #9203 ), #5564 ) ;
#8623 = LINE ( 'NONE', #2550, #995 ) ;
#8624 = AXIS2_PLACEMENT_3D ( 'NONE', #1176, #8362, #3298 ) ;
#8625 = FILL_AREA_STYLE_COLOUR ( '', #6222 ) ;
#8626 = EDGE_LOOP ( 'NONE', ( #1209, #9, #417, #6686 ) ) ;
#8627 = DIRECTION ( 'NONE',  ( 0.7071067811865479058, 0.000000000000000000, 0.7071067811865472397 ) ) ;
#8628 = LINE ( 'NONE', #7930, #2957 ) ;
#8629 = MECHANICAL_DESIGN_GEOMETRIC_PRESENTATION_REPRESENTATION (  '', ( #7867 ), #4029 ) ;
#8630 = COLOUR_RGB ( '',0.3176470588235293935, 0.2470588235294117752, 0.2078431372549019440 ) ;
#8631 = MECHANICAL_DESIGN_GEOMETRIC_PRESENTATION_REPRESENTATION (  '', ( #3093 ), #984 ) ;
#8632 =( GEOMETRIC_REPRESENTATION_CONTEXT ( 3 ) GLOBAL_UNCERTAINTY_ASSIGNED_CONTEXT ( ( #7782 ) ) GLOBAL_UNIT_ASSIGNED_CONTEXT ( ( #3136, #834, #3789 ) ) REPRESENTATION_CONTEXT ( 'NONE', 'WORKASPACE' ) );
#8633 = CARTESIAN_POINT ( 'NONE',  ( -3.625000000000000444, 4.069999999999999396, -4.684999999999982734 ) ) ;
#8634 = SURFACE_STYLE_FILL_AREA ( #1422 ) ;
#8635 =( NAMED_UNIT ( * ) PLANE_ANGLE_UNIT ( ) SI_UNIT ( $, .RADIAN. ) );
#8636 = DIRECTION ( 'NONE',  ( -0.000000000000000000, -1.000000000000000000, -0.000000000000000000 ) ) ;
#8637 = DIRECTION ( 'NONE',  ( 0.000000000000000000, 0.000000000000000000, 1.000000000000000000 ) ) ;
#8638 = AXIS2_PLACEMENT_3D ( 'NONE', #333, #4007, #3215 ) ;
#8639 = COLOUR_RGB ( '',0.3176470588235293935, 0.2470588235294117752, 0.2078431372549019440 ) ;
#8640 = EDGE_CURVE ( 'NONE', #3183, #4688, #7653, .T. ) ;
#8641 = FILL_AREA_STYLE ('',( #3429 ) ) ;
#8642 = ORIENTED_EDGE ( 'NONE', *, *, #8722, .F. ) ;
#8643 = EDGE_CURVE ( 'NONE', #8747, #3251, #5578, .T. ) ;
#8644 =( NAMED_UNIT ( * ) SI_UNIT ( $, .STERADIAN. ) SOLID_ANGLE_UNIT ( ) );
#8645 =( GEOMETRIC_REPRESENTATION_CONTEXT ( 3 ) GLOBAL_UNCERTAINTY_ASSIGNED_CONTEXT ( ( #5064 ) ) GLOBAL_UNIT_ASSIGNED_CONTEXT ( ( #2899, #1339, #2130 ) ) REPRESENTATION_CONTEXT ( 'NONE', 'WORKASPACE' ) );
#8646 = EDGE_CURVE ( 'NONE', #6448, #328, #6851, .T. ) ;
#8647 = SURFACE_STYLE_USAGE ( .BOTH. , #9386 ) ;
#8648 = VECTOR ( 'NONE', #3917, 1000.000000000000000 ) ;
#8649 = ORIENTED_EDGE ( 'NONE', *, *, #3070, .F. ) ;
#8650 =( NAMED_UNIT ( * ) PLANE_ANGLE_UNIT ( ) SI_UNIT ( $, .RADIAN. ) );
#8651 = APPLICATION_PROTOCOL_DEFINITION ( 'draft international standard', 'automotive_design', 1998, #1254 ) ;
#8652 =( GEOMETRIC_REPRESENTATION_CONTEXT ( 3 ) GLOBAL_UNCERTAINTY_ASSIGNED_CONTEXT ( ( #869 ) ) GLOBAL_UNIT_ASSIGNED_CONTEXT ( ( #7829, #6552, #2797 ) ) REPRESENTATION_CONTEXT ( 'NONE', 'WORKASPACE' ) );
#8653 = ORIENTED_EDGE ( 'NONE', *, *, #9280, .T. ) ;
#8654 = ADVANCED_FACE ( 'NONE', ( #9008 ), #6935, .F. ) ;
#8655 = ORIENTED_EDGE ( 'NONE', *, *, #6138, .F. ) ;
#8656 = ORIENTED_EDGE ( 'NONE', *, *, #127, .T. ) ;
#8657 = CARTESIAN_POINT ( 'NONE',  ( -7.620000000000001883, 0.000000000000000000, -6.349999999999997868 ) ) ;
#8658 = CARTESIAN_POINT ( 'NONE',  ( 2.499999999999998668, 0.000000000000000000, 3.809999999999968967 ) ) ;
#8659 =( NAMED_UNIT ( * ) SI_UNIT ( $, .STERADIAN. ) SOLID_ANGLE_UNIT ( ) );
#8660 = UNCERTAINTY_MEASURE_WITH_UNIT (LENGTH_MEASURE( 1.000000000000000082E-05 ), #7384, 'distance_accuracy_value', 'NONE');
#8661 = CARTESIAN_POINT ( 'NONE',  ( 5.049999999999997158, -1.000000000000000000, -3.760000000000031761 ) ) ;
#8662 = DIRECTION ( 'NONE',  ( 0.000000000000000000, -0.000000000000000000, -1.000000000000000000 ) ) ;
#8663 = ORIENTED_EDGE ( 'NONE', *, *, #8092, .T. ) ;
#8664 = STYLED_ITEM ( 'NONE', ( #3563 ), #7082 ) ;
#8665 = CARTESIAN_POINT ( 'NONE',  ( 3.624999999999998668, 4.069999999999999396, -2.935000000000000053 ) ) ;
#8666 = EDGE_CURVE ( 'NONE', #8993, #7158, #684, .T. ) ;
#8667 = ORIENTED_EDGE ( 'NONE', *, *, #3239, .T. ) ;
#8668 = CARTESIAN_POINT ( 'NONE',  ( 3.874999999999999556, 4.069999999999999396, 2.935000000000003606 ) ) ;
#8669 = EDGE_CURVE ( 'NONE', #7720, #3665, #6421, .T. ) ;
#8670 = COLOUR_RGB ( '',0.3176470588235293935, 0.2470588235294117752, 0.2078431372549019440 ) ;
#8671 = ORIENTED_EDGE ( 'NONE', *, *, #5991, .T. ) ;
#8672 = MECHANICAL_DESIGN_GEOMETRIC_PRESENTATION_REPRESENTATION (  '', ( #3432 ), #8533 ) ;
#8673 = DIRECTION ( 'NONE',  ( -0.000000000000000000, -1.000000000000000000, -0.000000000000000000 ) ) ;
#8674 = CARTESIAN_POINT ( 'NONE',  ( -0.1767766952966405847, 0.000000000000000000, -3.633223304703395939 ) ) ;
#8675 = SURFACE_SIDE_STYLE ('',( #5770 ) ) ;
#8676 = VERTEX_POINT ( 'NONE', #4119 ) ;
#8677 = UNCERTAINTY_MEASURE_WITH_UNIT (LENGTH_MEASURE( 1.000000000000000082E-05 ), #496, 'distance_accuracy_value', 'NONE');
#8678 = PRESENTATION_STYLE_ASSIGNMENT (( #5981 ) ) ;
#8679 = AXIS2_PLACEMENT_3D ( 'NONE', #3206, #1793, #4727 ) ;
#8680 = CARTESIAN_POINT ( 'NONE',  ( 1.624999999999999556, 4.069999999999999396, 2.685000000000003606 ) ) ;
#8681 = EDGE_CURVE ( 'NONE', #7216, #2923, #3580, .T. ) ;
#8682 = CARTESIAN_POINT ( 'NONE',  ( 2.516666666666664387, -1.000000000000000000, -3.760000000000031761 ) ) ;
#8683 = DIRECTION ( 'NONE',  ( -0.000000000000000000, -1.000000000000000000, -0.000000000000000000 ) ) ;
#8684 = SURFACE_STYLE_USAGE ( .BOTH. , #1196 ) ;
#8685 = MECHANICAL_DESIGN_GEOMETRIC_PRESENTATION_REPRESENTATION (  '', ( #1912 ), #8404 ) ;
#8687 =( GEOMETRIC_REPRESENTATION_CONTEXT ( 3 ) GLOBAL_UNCERTAINTY_ASSIGNED_CONTEXT ( ( #7657 ) ) GLOBAL_UNIT_ASSIGNED_CONTEXT ( ( #6708, #9426, #5829 ) ) REPRESENTATION_CONTEXT ( 'NONE', 'WORKASPACE' ) );
#8686 = LINE ( 'NONE', #1990, #3931 ) ;
#8688 =( NAMED_UNIT ( * ) PLANE_ANGLE_UNIT ( ) SI_UNIT ( $, .RADIAN. ) );
#8689 =( LENGTH_UNIT ( ) NAMED_UNIT ( * ) SI_UNIT ( .MILLI., .METRE. ) );
#8690 = ORIENTED_EDGE ( 'NONE', *, *, #4391, .T. ) ;
#8691 = MECHANICAL_DESIGN_GEOMETRIC_PRESENTATION_REPRESENTATION (  '', ( #2677 ), #2775 ) ;
#8692 = DIRECTION ( 'NONE',  ( -0.7071067811865469066, 0.000000000000000000, -0.7071067811865482389 ) ) ;
#8693 = PRESENTATION_STYLE_ASSIGNMENT (( #5043 ) ) ;
#8694 = ORIENTED_EDGE ( 'NONE', *, *, #1748, .F. ) ;
#8695 = B_SPLINE_SURFACE_WITH_KNOTS ( 'NONE', 3, 1, ( 
 ( #8029, #732 ),
 ( #2171, #773 ),
 ( #2850, #1424 ),
 ( #4262, #3520 ),
 ( #1508, #2891 ),
 ( #7306, #6503 ) ),
 .UNSPECIFIED., .F., .F., .F.,
 ( 4, 2, 4 ),
 ( 2, 2 ),
 ( 0.000000000000000000, 0.5000000000000000000, 1.000000000000000000 ),
 ( 0.000000000000000000, 1.000000000000000000 ),
 .UNSPECIFIED. ) ;
#8696 = SURFACE_STYLE_USAGE ( .BOTH. , #7987 ) ;
#8697 = SURFACE_STYLE_USAGE ( .BOTH. , #4326 ) ;
#8698 = ADVANCED_FACE ( 'NONE', ( #2704 ), #7794, .F. ) ;
#8699 = CARTESIAN_POINT ( 'NONE',  ( 4.930964406271147737, 0.000000000000000000, 3.559999999999968967 ) ) ;
#8700 = EDGE_LOOP ( 'NONE', ( #138, #7180, #6101, #1156 ) ) ;
#8701 =( LENGTH_UNIT ( ) NAMED_UNIT ( * ) SI_UNIT ( .MILLI., .METRE. ) );
#8702 = ORIENTED_EDGE ( 'NONE', *, *, #8722, .T. ) ;
#8703 = CARTESIAN_POINT ( 'NONE',  ( -4.679999999999998828, 10.06999999999999851, 4.130000000000034532 ) ) ;
#8704 = EDGE_CURVE ( 'NONE', #3583, #8160, #1291, .T. ) ;
#8705 = CARTESIAN_POINT ( 'NONE',  ( -4.679999999999998828, 4.069999999999999396, 4.130000000000034532 ) ) ;
#8706 = VERTEX_POINT ( 'NONE', #1237 ) ;
#8707 =( NAMED_UNIT ( * ) SI_UNIT ( $, .STERADIAN. ) SOLID_ANGLE_UNIT ( ) );
#8708 = FACE_OUTER_BOUND ( 'NONE', #2757, .T. ) ;
#8709 = EDGE_LOOP ( 'NONE', ( #8613, #5055, #402, #2572 ) ) ;
#8710 = SURFACE_STYLE_FILL_AREA ( #7913 ) ;
#8711 = ORIENTED_EDGE ( 'NONE', *, *, #1475, .T. ) ;
#8712 = UNCERTAINTY_MEASURE_WITH_UNIT (LENGTH_MEASURE( 1.000000000000000082E-05 ), #2601, 'distance_accuracy_value', 'NONE');
#8713 = SURFACE_STYLE_USAGE ( .BOTH. , #665 ) ;
#8714 = LINE ( 'NONE', #2105, #1684 ) ;
#8715 = ORIENTED_EDGE ( 'NONE', *, *, #2524, .T. ) ;
#8716 = DIRECTION ( 'NONE',  ( 0.7071067811865474617, 0.000000000000000000, 0.7071067811865474617 ) ) ;
#8717 = CARTESIAN_POINT ( 'NONE',  ( -2.483333333333334281, -1.000000000000000000, 3.859999999999967901 ) ) ;
#8718 = CARTESIAN_POINT ( 'NONE',  ( -3.375000000000000888, 4.069999999999999396, -4.934999999999982734 ) ) ;
#8719 = CARTESIAN_POINT ( 'NONE',  ( -1.625000000000001110, 4.069999999999999396, 2.684999999999986287 ) ) ;
#8720 = ORIENTED_EDGE ( 'NONE', *, *, #938, .F. ) ;
#8721 = LINE ( 'NONE', #8994, #7264 ) ;
#8722 = EDGE_CURVE ( 'NONE', #7471, #1389, #2674, .T. ) ;
#8723 = CARTESIAN_POINT ( 'NONE',  ( 6.124999999999999112, 4.069999999999999396, -4.684999999999999609 ) ) ;
#8724 = LINE ( 'NONE', #7976, #8821 ) ;
#8725 = CARTESIAN_POINT ( 'NONE',  ( -2.820000000000000728, 4.069999999999999396, -3.489999999999965574 ) ) ;
#8726 =( LENGTH_UNIT ( ) NAMED_UNIT ( * ) SI_UNIT ( .MILLI., .METRE. ) );
#8727 = EDGE_CURVE ( 'NONE', #5955, #426, #3427, .T. ) ;
#8728 = FACE_BOUND ( 'NONE', #3078, .T. ) ;
#8729 = FACE_OUTER_BOUND ( 'NONE', #7709, .T. ) ;
#8730 = ORIENTED_EDGE ( 'NONE', *, *, #3172, .T. ) ;
#8731 = EDGE_LOOP ( 'NONE', ( #6874, #8945, #4035, #739 ) ) ;
#8732 = MECHANICAL_DESIGN_GEOMETRIC_PRESENTATION_REPRESENTATION (  '', ( #4898 ), #6315 ) ;
#8733 = SURFACE_SIDE_STYLE ('',( #4420 ) ) ;
#8734 = DIRECTION ( 'NONE',  ( 1.000000000000000000, 0.000000000000000000, -0.000000000000000000 ) ) ;
#8735 = ORIENTED_EDGE ( 'NONE', *, *, #626, .F. ) ;
#8736 = FILL_AREA_STYLE_COLOUR ( '', #6863 ) ;
#8737 = MECHANICAL_DESIGN_GEOMETRIC_PRESENTATION_REPRESENTATION (  '', ( #3836 ), #9175 ) ;
#8738 = LINE ( 'NONE', #7088, #8355 ) ;
#8739 = FILL_AREA_STYLE_COLOUR ( '', #7251 ) ;
#8740 = ORIENTED_EDGE ( 'NONE', *, *, #2688, .F. ) ;
#8741 = VERTEX_POINT ( 'NONE', #2041 ) ;
#8742 = DIRECTION ( 'NONE',  ( 1.000000000000000000, -0.000000000000000000, 4.956352788505162282E-16 ) ) ;
#8743 = VECTOR ( 'NONE', #666, 999.9999999999998863 ) ;
#8744 =( NAMED_UNIT ( * ) PLANE_ANGLE_UNIT ( ) SI_UNIT ( $, .RADIAN. ) );
#8745 = EDGE_CURVE ( 'NONE', #8160, #1073, #8686, .T. ) ;
#8746 = DIRECTION ( 'NONE',  ( 0.7071067811865474617, 0.000000000000000000, 0.7071067811865474617 ) ) ;
#8747 = VERTEX_POINT ( 'NONE', #2082 ) ;
#8748 = CARTESIAN_POINT ( 'NONE',  ( 1.124999999999999112, 4.069999999999999396, 2.935000000000003606 ) ) ;
#8749 = SURFACE_SIDE_STYLE ('',( #5851 ) ) ;
#8750 = VECTOR ( 'NONE', #132, 999.9999999999998863 ) ;
#8751 = CARTESIAN_POINT ( 'NONE',  ( 7.500000000000000000, 4.069999999999999396, 0.000000000000000000 ) ) ;
#8752 = VERTEX_POINT ( 'NONE', #7177 ) ;
#8753 = CARTESIAN_POINT ( 'NONE',  ( -5.319999999999999396, 10.06999999999999851, 3.490000000000034852 ) ) ;
#8754 =( LENGTH_UNIT ( ) NAMED_UNIT ( * ) SI_UNIT ( .MILLI., .METRE. ) );
#8755 = VECTOR ( 'NONE', #6080, 999.9999999999998863 ) ;
#8756 = ORIENTED_EDGE ( 'NONE', *, *, #7151, .T. ) ;
#8757 = EDGE_CURVE ( 'NONE', #788, #7558, #591, .T. ) ;
#8758 = ADVANCED_FACE ( 'NONE', ( #7215 ), #2802, .F. ) ;
#8759 = VECTOR ( 'NONE', #8397, 1000.000000000000000 ) ;
#8760 = ADVANCED_FACE ( 'NONE', ( #8865 ), #109, .F. ) ;
#8761 = FILL_AREA_STYLE_COLOUR ( '', #2044 ) ;
#8762 = LINE ( 'NONE', #8007, #8743 ) ;
#8763 = EDGE_LOOP ( 'NONE', ( #5654, #4571, #7247, #5530 ) ) ;
#8764 = VECTOR ( 'NONE', #8224, 1000.000000000000000 ) ;
#8765 = SURFACE_STYLE_FILL_AREA ( #2070 ) ;
#8766 =( NAMED_UNIT ( * ) PLANE_ANGLE_UNIT ( ) SI_UNIT ( $, .RADIAN. ) );
#8767 = SURFACE_STYLE_USAGE ( .BOTH. , #5073 ) ;
#8768 = EDGE_LOOP ( 'NONE', ( #7140, #3249, #5728, #6459 ) ) ;
#8769 = UNCERTAINTY_MEASURE_WITH_UNIT (LENGTH_MEASURE( 1.000000000000000082E-05 ), #5339, 'distance_accuracy_value', 'NONE');
#8770 = CARTESIAN_POINT ( 'NONE',  ( -3.375000000000000444, 4.069999999999999396, 2.684999999999986287 ) ) ;
#8771 = LINE ( 'NONE', #2948, #4335 ) ;
#8772 = CARTESIAN_POINT ( 'NONE',  ( 5.874999999999999112, 4.069999999999999396, 2.685000000000003606 ) ) ;
#8773 = SURFACE_STYLE_USAGE ( .BOTH. , #2 ) ;
#8774 = B_SPLINE_SURFACE_WITH_KNOTS ( 'NONE', 3, 1, ( 
 ( #7170, #6451 ),
 ( #4071, #2035 ),
 ( #441, #5568 ),
 ( #8506, #4114 ),
 ( #7068, #477 ),
 ( #3366, #2653 ) ),
 .UNSPECIFIED., .F., .F., .F.,
 ( 4, 2, 4 ),
 ( 2, 2 ),
 ( 0.000000000000000000, 0.5000000000000000000, 1.000000000000000000 ),
 ( 0.000000000000000000, 1.000000000000000000 ),
 .UNSPECIFIED. ) ;
#8775 = COLOUR_RGB ( '',0.3176470588235293935, 0.2470588235294117752, 0.2078431372549019440 ) ;
#8776 = VECTOR ( 'NONE', #1941, 999.9999999999998863 ) ;
#8777 = CARTESIAN_POINT ( 'NONE',  ( 2.430964406271145073, 0.000000000000000000, -3.560000000000032028 ) ) ;
#8778 = CARTESIAN_POINT ( 'NONE',  ( -1.625000000000001110, 1.570000000000000062, -2.684999999999983178 ) ) ;
#8779 = FACE_OUTER_BOUND ( 'NONE', #8534, .T. ) ;
#8780 = SURFACE_STYLE_FILL_AREA ( #4565 ) ;
#8781 = VECTOR ( 'NONE', #672, 999.9999999999998863 ) ;
#8782 = ORIENTED_EDGE ( 'NONE', *, *, #8189, .F. ) ;
#8783 = PRESENTATION_LAYER_ASSIGNMENT (  '', '', ( #7875 ) ) ;
#8784 = MECHANICAL_DESIGN_GEOMETRIC_PRESENTATION_REPRESENTATION (  '', ( #5904 ), #6822 ) ;
#8785 = ORIENTED_EDGE ( 'NONE', *, *, #176, .T. ) ;
#8786 = VECTOR ( 'NONE', #3148, 1000.000000000000000 ) ;
#8787 = EDGE_CURVE ( 'NONE', #8476, #4239, #3141, .T. ) ;
#8788 = CARTESIAN_POINT ( 'NONE',  ( -0.3200000000000008393, 10.06999999999999851, -4.129999999999965254 ) ) ;
#8789 = FACE_OUTER_BOUND ( 'NONE', #8436, .T. ) ;
#8790 = VECTOR ( 'NONE', #4398, 1000.000000000000000 ) ;
#8791 = ORIENTED_EDGE ( 'NONE', *, *, #6132, .T. ) ;
#8792 = DIRECTION ( 'NONE',  ( 0.000000000000000000, -1.000000000000000000, 0.000000000000000000 ) ) ;
#8793 = MECHANICAL_DESIGN_GEOMETRIC_PRESENTATION_REPRESENTATION (  '', ( #6514 ), #6077 ) ;
#8794 = DIRECTION ( 'NONE',  ( 0.7071067811865482389, 0.000000000000000000, 0.7071067811865469066 ) ) ;
#8795 = FILL_AREA_STYLE ('',( #2136 ) ) ;
#8796 = ORIENTED_EDGE ( 'NONE', *, *, #8331, .T. ) ;
#8797 = SURFACE_STYLE_USAGE ( .BOTH. , #4131 ) ;
#8798 = ORIENTED_EDGE ( 'NONE', *, *, #3506, .T. ) ;
#8799 = MECHANICAL_DESIGN_GEOMETRIC_PRESENTATION_REPRESENTATION (  '', ( #8059 ), #2614 ) ;
#8800 = CARTESIAN_POINT ( 'NONE',  ( -0.8750000000000005551, 1.570000000000000062, -2.685000000000000497 ) ) ;
#8801 = DIRECTION ( 'NONE',  ( 0.7071067811865479058, 0.000000000000000000, -0.7071067811865472397 ) ) ;
#8802 = SURFACE_STYLE_USAGE ( .BOTH. , #8210 ) ;
#8803 = DIRECTION ( 'NONE',  ( -1.239088197126291063E-16, 0.000000000000000000, -1.000000000000000000 ) ) ;
#8804 = VERTEX_POINT ( 'NONE', #3737 ) ;
#8805 = CARTESIAN_POINT ( 'NONE',  ( -5.176776695296640085, 0.000000000000000000, -3.986776695296667672 ) ) ;
#8806 = FACE_OUTER_BOUND ( 'NONE', #937, .T. ) ;
#8807 = ORIENTED_EDGE ( 'NONE', *, *, #3791, .F. ) ;
#8808 = DIRECTION ( 'NONE',  ( 0.000000000000000000, -1.000000000000000000, 0.000000000000000000 ) ) ;
#8809 = SURFACE_STYLE_FILL_AREA ( #1190 ) ;
#8810 = DIRECTION ( 'NONE',  ( 0.7071067811865469066, 0.000000000000000000, 0.7071067811865482389 ) ) ;
#8811 = ORIENTED_EDGE ( 'NONE', *, *, #1942, .F. ) ;
#8812 = UNCERTAINTY_MEASURE_WITH_UNIT (LENGTH_MEASURE( 1.000000000000000082E-05 ), #9254, 'distance_accuracy_value', 'NONE');
#8813 = EDGE_LOOP ( 'NONE', ( #2133, #3640, #7770, #1240 ) ) ;
#8814 = FILL_AREA_STYLE ('',( #4503 ) ) ;
#8815 = CARTESIAN_POINT ( 'NONE',  ( -3.625000000000000444, 1.570000000000000062, -4.684999999999982734 ) ) ;
#8816 = VECTOR ( 'NONE', #375, 1000.000000000000000 ) ;
#8817 = ORIENTED_EDGE ( 'NONE', *, *, #4673, .F. ) ;
#8818 = SURFACE_SIDE_STYLE ('',( #5931 ) ) ;
#8819 = FILL_AREA_STYLE ('',( #4360 ) ) ;
#8820 = CIRCLE ( 'NONE', #3270, 0.2500000000000002220 ) ;
#8821 = VECTOR ( 'NONE', #3624, 1000.000000000000000 ) ;
#8822 = LINE ( 'NONE', #3471, #1146 ) ;
#8823 = CARTESIAN_POINT ( 'NONE',  ( 0.8749999999999990008, 4.069999999999999396, 2.685000000000003606 ) ) ;
#8824 = CARTESIAN_POINT ( 'NONE',  ( 5.113388347648317733, -0.5000000000000000000, 3.923388347648286700 ) ) ;
#8825 = EDGE_CURVE ( 'NONE', #2867, #6996, #6748, .T. ) ;
#8826 = DIRECTION ( 'NONE',  ( -1.000000000000000000, 0.000000000000000000, 0.000000000000000000 ) ) ;
#8827 = CARTESIAN_POINT ( 'NONE',  ( 4.823223304703359915, 0.000000000000000000, -3.986776695296667672 ) ) ;
#8828 = FACE_BOUND ( 'NONE', #4027, .T. ) ;
#8829 = COLOUR_RGB ( '',0.2980392156862745057, 0.2980392156862745057, 0.2980392156862745057 ) ;
#8830 = VERTEX_POINT ( 'NONE', #8827 ) ;
#8831 = VERTEX_POINT ( 'NONE', #1426 ) ;
#8832 = MANIFOLD_SOLID_BREP ( 'LPattern2[7]', #8917 ) ;
#8833 = FILL_AREA_STYLE_COLOUR ( '', #387 ) ;
#8834 = PRESENTATION_LAYER_ASSIGNMENT (  '', '', ( #6276 ) ) ;
#8835 = VECTOR ( 'NONE', #8637, 1000.000000000000000 ) ;
#8836 = AXIS2_PLACEMENT_3D ( 'NONE', #6757, #8792, #1518 ) ;
#8837 = VERTEX_POINT ( 'NONE', #3266 ) ;
#8838 = DIRECTION ( 'NONE',  ( 0.000000000000000000, -1.000000000000000000, 0.000000000000000000 ) ) ;
#8839 =( LENGTH_UNIT ( ) NAMED_UNIT ( * ) SI_UNIT ( .MILLI., .METRE. ) );
#8840 =( LENGTH_UNIT ( ) NAMED_UNIT ( * ) SI_UNIT ( .MILLI., .METRE. ) );
#8841 = CARTESIAN_POINT ( 'NONE',  ( 2.499999999999998668, 0.000000000000000000, 3.809999999999968967 ) ) ;
#8842 = ORIENTED_EDGE ( 'NONE', *, *, #277, .T. ) ;
#8843 = MECHANICAL_DESIGN_GEOMETRIC_PRESENTATION_REPRESENTATION (  '', ( #4709 ), #8545 ) ;
#8844 = UNCERTAINTY_MEASURE_WITH_UNIT (LENGTH_MEASURE( 1.000000000000000082E-05 ), #5514, 'distance_accuracy_value', 'NONE');
#8845 = FILL_AREA_STYLE ('',( #6280 ) ) ;
#8846 = EDGE_LOOP ( 'NONE', ( #4819, #896, #3853, #7985 ) ) ;
#8847 = EDGE_CURVE ( 'NONE', #5202, #6996, #8909, .T. ) ;
#8848 = DIRECTION ( 'NONE',  ( -0.1247869418429888855, 0.9843050534722199707, 0.1247869418429863320 ) ) ;
#8849 = DIRECTION ( 'NONE',  ( -1.000000000000000000, 0.000000000000000000, 0.000000000000000000 ) ) ;
#8850 = LINE ( 'NONE', #6811, #6483 ) ;
#8851 = FILL_AREA_STYLE ('',( #3061 ) ) ;
#8852 = CARTESIAN_POINT ( 'NONE',  ( 3.374999999999999112, 4.069999999999999396, 2.685000000000003606 ) ) ;
#8853 = EDGE_LOOP ( 'NONE', ( #2716, #5178, #4203, #5839 ) ) ;
#8854 = CARTESIAN_POINT ( 'NONE',  ( -8.673617379884035472E-16, 0.000000000000000000, 3.809999999999968967 ) ) ;
#8855 = CARTESIAN_POINT ( 'NONE',  ( 0.3200000000000008393, 4.069999999999999396, 4.130000000000034532 ) ) ;
#8856 = B_SPLINE_SURFACE_WITH_KNOTS ( 'NONE', 3, 1, ( 
 ( #9436, #972 ),
 ( #3794, #6755 ),
 ( #931, #9006 ),
 ( #2466, #5441 ),
 ( #6040, #6795 ),
 ( #8193, #2377 ) ),
 .UNSPECIFIED., .F., .F., .F.,
 ( 4, 2, 4 ),
 ( 2, 2 ),
 ( 0.000000000000000000, 0.5000000000000000000, 1.000000000000000000 ),
 ( 0.000000000000000000, 1.000000000000000000 ),
 .UNSPECIFIED. ) ;
#8857 = ORIENTED_EDGE ( 'NONE', *, *, #4248, .F. ) ;
#8858 = CARTESIAN_POINT ( 'NONE',  ( 4.680000000000000604, 4.069999999999999396, 4.130000000000034532 ) ) ;
#8859 = ORIENTED_EDGE ( 'NONE', *, *, #7784, .F. ) ;
#8860 = PRESENTATION_STYLE_ASSIGNMENT (( #5070 ) ) ;
#8861 = PRESENTATION_STYLE_ASSIGNMENT (( #8011 ) ) ;
#8862 = EDGE_LOOP ( 'NONE', ( #4830, #7293, #1451, #5898, #566, #4576, #7679, #5887 ) ) ;
#8863 = CARTESIAN_POINT ( 'NONE',  ( -2.750000000000002220, 0.000000000000000000, -3.879035593728879849 ) ) ;
#8864 = PRESENTATION_STYLE_ASSIGNMENT (( #5775 ) ) ;
#8865 = FACE_OUTER_BOUND ( 'NONE', #4419, .T. ) ;
#8866 = PRESENTATION_STYLE_ASSIGNMENT (( #110 ) ) ;
#8867 = FILL_AREA_STYLE ('',( #925 ) ) ;
#8868 = VERTEX_POINT ( 'NONE', #303 ) ;
#8869 = ORIENTED_EDGE ( 'NONE', *, *, #4039, .F. ) ;
#8870 = EDGE_CURVE ( 'NONE', #2832, #9354, #1040, .T. ) ;
#8871 = PLANE ( 'NONE',  #7217 ) ;
#8872 = SURFACE_STYLE_FILL_AREA ( #1768 ) ;
#8873 = ORIENTED_EDGE ( 'NONE', *, *, #4734, .T. ) ;
#8874 = CARTESIAN_POINT ( 'NONE',  ( -2.386611652351682267, -0.5000000000000000000, 3.923388347648286700 ) ) ;
#8875 =( LENGTH_UNIT ( ) NAMED_UNIT ( * ) SI_UNIT ( .MILLI., .METRE. ) );
#8876 = CARTESIAN_POINT ( 'NONE',  ( 2.549999999999997602, -1.000000000000000000, -3.776666666666699257 ) ) ;
#8877 = PRESENTATION_LAYER_ASSIGNMENT (  '', '', ( #3657 ) ) ;
#8878 = ORIENTED_EDGE ( 'NONE', *, *, #5798, .T. ) ;
#8879 = UNCERTAINTY_MEASURE_WITH_UNIT (LENGTH_MEASURE( 1.000000000000000082E-05 ), #4725, 'distance_accuracy_value', 'NONE');
#8880 = ORIENTED_EDGE ( 'NONE', *, *, #3351, .T. ) ;
#8881 = LINE ( 'NONE', #4252, #529 ) ;
#8882 = AXIS2_PLACEMENT_3D ( 'NONE', #1195, #6239, #3425 ) ;
#8883 = EDGE_CURVE ( 'NONE', #2058, #73, #8413, .T. ) ;
#8884 = PLANE ( 'NONE',  #105 ) ;
#8885 = CARTESIAN_POINT ( 'NONE',  ( -5.250000000000001776, -0.000000000000000000, -3.740964406271183318 ) ) ;
#8886 = SURFACE_STYLE_FILL_AREA ( #3902 ) ;
#8887 = PRESENTATION_STYLE_ASSIGNMENT (( #1637 ) ) ;
#8888 = ORIENTED_EDGE ( 'NONE', *, *, #4379, .T. ) ;
#8889 = DIRECTION ( 'NONE',  ( 0.000000000000000000, 0.000000000000000000, -1.000000000000000000 ) ) ;
#8890 = STYLED_ITEM ( 'NONE', ( #2170 ), #3005 ) ;
#8891 = CARTESIAN_POINT ( 'NONE',  ( -1.375000000000001110, 4.069999999999999396, -4.684999999999982734 ) ) ;
#8892 = VERTEX_POINT ( 'NONE', #6230 ) ;
#8893 = ADVANCED_FACE ( 'NONE', ( #9094 ), #7254, .T. ) ;
#8894 = PRESENTATION_STYLE_ASSIGNMENT (( #6073 ) ) ;
#8895 = AXIS2_PLACEMENT_3D ( 'NONE', #2632, #4051, #2492 ) ;
#8896 = ORIENTED_EDGE ( 'NONE', *, *, #8883, .T. ) ;
#8897 = CARTESIAN_POINT ( 'NONE',  ( -5.875000000000000888, 1.570000000000000062, -4.934999999999965858 ) ) ;
#8898 = FACE_OUTER_BOUND ( 'NONE', #6781, .T. ) ;
#8899 = CARTESIAN_POINT ( 'NONE',  ( -2.676776695296639641, 0.000000000000000000, -3.986776695296667672 ) ) ;
#8900 = ORIENTED_EDGE ( 'NONE', *, *, #7798, .T. ) ;
#8901 = STYLED_ITEM ( 'NONE', ( #6760 ), #1053 ) ;
#8902 = DIRECTION ( 'NONE',  ( 0.000000000000000000, -1.000000000000000000, 0.000000000000000000 ) ) ;
#8903 = MECHANICAL_DESIGN_GEOMETRIC_PRESENTATION_REPRESENTATION (  '', ( #3527 ), #3852 ) ;
#8904 = STYLED_ITEM ( 'NONE', ( #7995 ), #680 ) ;
#8905 = SURFACE_STYLE_FILL_AREA ( #3004 ) ;
#8906 = FACE_OUTER_BOUND ( 'NONE', #6261, .T. ) ;
#8907 =( LENGTH_UNIT ( ) NAMED_UNIT ( * ) SI_UNIT ( .MILLI., .METRE. ) );
#8908 = MECHANICAL_DESIGN_GEOMETRIC_PRESENTATION_REPRESENTATION (  '', ( #4780 ), #7707 ) ;
#8909 = LINE ( 'NONE', #6275, #5489 ) ;
#8910 = ORIENTED_EDGE ( 'NONE', *, *, #7856, .F. ) ;
#8911 = MECHANICAL_DESIGN_GEOMETRIC_PRESENTATION_REPRESENTATION (  '', ( #2912 ), #6205 ) ;
#8912 = VECTOR ( 'NONE', #5892, 1000.000000000000000 ) ;
#8913 = PRESENTATION_STYLE_ASSIGNMENT (( #1023 ) ) ;
#8914 = ORIENTED_EDGE ( 'NONE', *, *, #7053, .T. ) ;
#8915 = SURFACE_SIDE_STYLE ('',( #2772 ) ) ;
#8916 = PRESENTATION_LAYER_ASSIGNMENT (  '', '', ( #4334 ) ) ;
#8917 = CLOSED_SHELL ( 'NONE', ( #7669, #4236, #1709, #4766, #7928, #6072 ) ) ;
#8918 = LINE ( 'NONE', #3690, #4925 ) ;
#8919 = STYLED_ITEM ( 'NONE', ( #6208 ), #5240 ) ;
#8920 = CARTESIAN_POINT ( 'NONE',  ( 1.624999999999999556, 4.069999999999999396, -2.685000000000000497 ) ) ;
#8921 = MECHANICAL_DESIGN_GEOMETRIC_PRESENTATION_REPRESENTATION (  '', ( #8040 ), #2009 ) ;
#8922 = VERTEX_POINT ( 'NONE', #5519 ) ;
#8923 = ORIENTED_EDGE ( 'NONE', *, *, #8681, .T. ) ;
#8924 = CARTESIAN_POINT ( 'NONE',  ( -5.875000000000000888, 4.069999999999999396, 2.684999999999968523 ) ) ;
#8925 = COLOUR_RGB ( '',0.2980392156862745057, 0.2980392156862745057, 0.2980392156862745057 ) ;
#8926 = CIRCLE ( 'NONE', #8045, 0.2500000000000002220 ) ;
#8927 = CARTESIAN_POINT ( 'NONE',  ( -5.218443361963305271, 0.000000000000000000, 3.674889971369998953 ) ) ;
#8928 = STYLED_ITEM ( 'NONE', ( #5702 ), #1369 ) ;
#8929 = COLOUR_RGB ( '',0.2980392156862745057, 0.2980392156862745057, 0.2980392156862745057 ) ;
#8930 = FILL_AREA_STYLE_COLOUR ( '', #5614 ) ;
#8931 = LINE ( 'NONE', #5162, #3353 ) ;
#8932 = ADVANCED_FACE ( 'NONE', ( #7644 ), #8276, .T. ) ;
#8933 = DIRECTION ( 'NONE',  ( -0.000000000000000000, -1.000000000000000000, -0.000000000000000000 ) ) ;
#8934 = SURFACE_STYLE_USAGE ( .BOTH. , #8212 ) ;
#8935 = VECTOR ( 'NONE', #3459, 1000.000000000000000 ) ;
#8936 = COLOUR_RGB ( '',0.2980392156862745057, 0.2980392156862745057, 0.2980392156862745057 ) ;
#8937 = ORIENTED_EDGE ( 'NONE', *, *, #2815, .T. ) ;
#8938 =( GEOMETRIC_REPRESENTATION_CONTEXT ( 3 ) GLOBAL_UNCERTAINTY_ASSIGNED_CONTEXT ( ( #1263 ) ) GLOBAL_UNIT_ASSIGNED_CONTEXT ( ( #2415, #6845, #6985 ) ) REPRESENTATION_CONTEXT ( 'NONE', 'WORKASPACE' ) );
#8939 = STYLED_ITEM ( 'NONE', ( #6427 ), #5736 ) ;
#8940 = LINE ( 'NONE', #9018, #4951 ) ;
#8941 = EDGE_LOOP ( 'NONE', ( #3158, #7221, #6820, #2231 ) ) ;
#8942 = VECTOR ( 'NONE', #278, 999.9999999999998863 ) ;
#8943 = CARTESIAN_POINT ( 'NONE',  ( 5.319999999999999396, 4.069999999999999396, -4.129999999999965254 ) ) ;
#8944 = PLANE ( 'NONE',  #8895 ) ;
#8945 = ORIENTED_EDGE ( 'NONE', *, *, #1960, .F. ) ;
#8946 = SURFACE_STYLE_FILL_AREA ( #6129 ) ;
#8947 = DIRECTION ( 'NONE',  ( 0.7071067811865472397, 0.000000000000000000, -0.7071067811865479058 ) ) ;
#8948 = CARTESIAN_POINT ( 'NONE',  ( -2.483333333333337833, -1.000000000000000000, -3.860000000000031406 ) ) ;
#8949 = ORIENTED_EDGE ( 'NONE', *, *, #5399, .T. ) ;
#8950 = FACE_OUTER_BOUND ( 'NONE', #2515, .T. ) ;
#8951 = EDGE_CURVE ( 'NONE', #6463, #9019, #7785, .T. ) ;
#8952 = UNCERTAINTY_MEASURE_WITH_UNIT (LENGTH_MEASURE( 1.000000000000000082E-05 ), #6037, 'distance_accuracy_value', 'NONE');
#8953 = PRESENTATION_STYLE_ASSIGNMENT (( #8995 ) ) ;
#8954 =( NAMED_UNIT ( * ) SI_UNIT ( $, .STERADIAN. ) SOLID_ANGLE_UNIT ( ) );
#8955 = CARTESIAN_POINT ( 'NONE',  ( -0.01666666666667003527, -1.000000000000000000, 3.759999999999968701 ) ) ;
#8956 = PRESENTATION_LAYER_ASSIGNMENT (  '', '', ( #4057 ) ) ;
#8957 =( LENGTH_UNIT ( ) NAMED_UNIT ( * ) SI_UNIT ( .MILLI., .METRE. ) );
#8958 = PRESENTATION_STYLE_ASSIGNMENT (( #4415 ) ) ;
#8959 = FILL_AREA_STYLE_COLOUR ( '', #2226 ) ;
#8960 = PRESENTATION_STYLE_ASSIGNMENT (( #4455 ) ) ;
#8961 = STYLED_ITEM ( 'NONE', ( #9170 ), #8143 ) ;
#8962 =( GEOMETRIC_REPRESENTATION_CONTEXT ( 3 ) GLOBAL_UNCERTAINTY_ASSIGNED_CONTEXT ( ( #3714 ) ) GLOBAL_UNIT_ASSIGNED_CONTEXT ( ( #1210, #1046, #5416 ) ) REPRESENTATION_CONTEXT ( 'NONE', 'WORKASPACE' ) );
#8963 = FILL_AREA_STYLE_COLOUR ( '', #8227 ) ;
#8964 = SURFACE_SIDE_STYLE ('',( #8872 ) ) ;
#8965 = ORIENTED_EDGE ( 'NONE', *, *, #2997, .T. ) ;
#8966 =( NAMED_UNIT ( * ) PLANE_ANGLE_UNIT ( ) SI_UNIT ( $, .RADIAN. ) );
#8967 = STYLED_ITEM ( 'NONE', ( #6957 ), #8431 ) ;
#8968 = VECTOR ( 'NONE', #7950, 1000.000000000000000 ) ;
#8969 = CARTESIAN_POINT ( 'NONE',  ( 2.676776695296635200, 0.000000000000000000, -3.633223304703394163 ) ) ;
#8970 = ORIENTED_EDGE ( 'NONE', *, *, #1524, .F. ) ;
#8971 = UNCERTAINTY_MEASURE_WITH_UNIT (LENGTH_MEASURE( 1.000000000000000082E-05 ), #1025, 'distance_accuracy_value', 'NONE');
#8972 = ORIENTED_EDGE ( 'NONE', *, *, #7798, .F. ) ;
#8973 = UNCERTAINTY_MEASURE_WITH_UNIT (LENGTH_MEASURE( 1.000000000000000082E-05 ), #6521, 'distance_accuracy_value', 'NONE');
#8974 = FILL_AREA_STYLE ('',( #3804 ) ) ;
#8975 = FILL_AREA_STYLE_COLOUR ( '', #1161 ) ;
#8976 = ADVANCED_FACE ( 'NONE', ( #5566 ), #4987, .F. ) ;
#8977 =( LENGTH_UNIT ( ) NAMED_UNIT ( * ) SI_UNIT ( .MILLI., .METRE. ) );
#8978 = CARTESIAN_POINT ( 'NONE',  ( 0.3199999999999991185, 10.06999999999999851, -3.489999999999965574 ) ) ;
#8979 = STYLED_ITEM ( 'NONE', ( #1615 ), #8832 ) ;
#8980 = MECHANICAL_DESIGN_GEOMETRIC_PRESENTATION_REPRESENTATION (  '', ( #5483 ), #8687 ) ;
#8981 = ORIENTED_EDGE ( 'NONE', *, *, #4864, .T. ) ;
#8982 = PRESENTATION_STYLE_ASSIGNMENT (( #5263 ) ) ;
#8983 = VERTEX_POINT ( 'NONE', #4839 ) ;
#8984 = DIRECTION ( 'NONE',  ( 0.7071067811865472397, -0.000000000000000000, 0.7071067811865479058 ) ) ;
#8985 = EDGE_CURVE ( 'NONE', #6398, #1696, #3362, .T. ) ;
#8986 = UNCERTAINTY_MEASURE_WITH_UNIT (LENGTH_MEASURE( 1.000000000000000082E-05 ), #2906, 'distance_accuracy_value', 'NONE');
#8987 = CARTESIAN_POINT ( 'NONE',  ( -4.125000000000000888, 1.570000000000000062, -2.684999999999964970 ) ) ;
#8988 = SURFACE_STYLE_FILL_AREA ( #1000 ) ;
#8989 = ORIENTED_EDGE ( 'NONE', *, *, #4202, .F. ) ;
#8990 = SURFACE_SIDE_STYLE ('',( #9080 ) ) ;
#8991 = DIRECTION ( 'NONE',  ( 0.000000000000000000, 0.000000000000000000, 1.000000000000000000 ) ) ;
#8992 =( LENGTH_UNIT ( ) NAMED_UNIT ( * ) SI_UNIT ( .MILLI., .METRE. ) );
#8993 = VERTEX_POINT ( 'NONE', #6362 ) ;
#8994 = CARTESIAN_POINT ( 'NONE',  ( -2.180000000000001048, 4.069999999999999396, -4.129999999999965254 ) ) ;
#8995 = SURFACE_STYLE_USAGE ( .BOTH. , #4733 ) ;
#8996 =( NAMED_UNIT ( * ) SI_UNIT ( $, .STERADIAN. ) SOLID_ANGLE_UNIT ( ) );
#8997 = EDGE_CURVE ( 'NONE', #6549, #1212, #4884, .T. ) ;
#8998 = CARTESIAN_POINT ( 'NONE',  ( -4.950000000000001954, -1.000000000000000000, -3.860000000000031406 ) ) ;
#8999 =( NAMED_UNIT ( * ) SI_UNIT ( $, .STERADIAN. ) SOLID_ANGLE_UNIT ( ) );
#9000 = DIRECTION ( 'NONE',  ( 0.7071067811865474617, 0.000000000000000000, 0.7071067811865474617 ) ) ;
#9001 = ADVANCED_FACE ( 'NONE', ( #9317 ), #4257, .F. ) ;
#9002 = CARTESIAN_POINT ( 'NONE',  ( -2.450000000000001954, -1.000000000000000000, -3.860000000000031406 ) ) ;
#9003 = CARTESIAN_POINT ( 'NONE',  ( -0.2184433619633052714, 0.000000000000000000, 3.674889971369998953 ) ) ;
#9004 =( NAMED_UNIT ( * ) PLANE_ANGLE_UNIT ( ) SI_UNIT ( $, .RADIAN. ) );
#9005 = FACE_OUTER_BOUND ( 'NONE', #3188, .T. ) ;
#9006 = CARTESIAN_POINT ( 'NONE',  ( -5.016666666666670160, -1.000000000000000000, 3.759999999999968701 ) ) ;
#9007 = ORIENTED_EDGE ( 'NONE', *, *, #130, .T. ) ;
#9008 = FACE_OUTER_BOUND ( 'NONE', #4941, .T. ) ;
#9009 = CARTESIAN_POINT ( 'NONE',  ( -2.550000000000001599, -1.000000000000000000, 3.759999999999968701 ) ) ;
#9010 = DIRECTION ( 'NONE',  ( 0.000000000000000000, 0.000000000000000000, 1.000000000000000000 ) ) ;
#9011 = ORIENTED_EDGE ( 'NONE', *, *, #7072, .T. ) ;
#9012 = CARTESIAN_POINT ( 'NONE',  ( -5.050000000000001599, -1.000000000000000000, 3.859999999999968345 ) ) ;
#9013 =( GEOMETRIC_REPRESENTATION_CONTEXT ( 3 ) GLOBAL_UNCERTAINTY_ASSIGNED_CONTEXT ( ( #8228 ) ) GLOBAL_UNIT_ASSIGNED_CONTEXT ( ( #2464, #7648, #7791 ) ) REPRESENTATION_CONTEXT ( 'NONE', 'WORKASPACE' ) );
#9014 = SURFACE_STYLE_USAGE ( .BOTH. , #316 ) ;
#9015 = LINE ( 'NONE', #5258, #6497 ) ;
#9016 = DIRECTION ( 'NONE',  ( -1.000000000000000000, 0.000000000000000000, -0.000000000000000000 ) ) ;
#9017 = VERTEX_POINT ( 'NONE', #4406 ) ;
#9018 = CARTESIAN_POINT ( 'NONE',  ( -5.113388347648321286, -0.5000000000000000000, -3.696611652351713406 ) ) ;
#9019 = VERTEX_POINT ( 'NONE', #722 ) ;
#9020 = AXIS2_PLACEMENT_3D ( 'NONE', #6604, #5003, #2756 ) ;
#9021 = EDGE_CURVE ( 'NONE', #99, #7797, #7348, .T. ) ;
#9022 = DIRECTION ( 'NONE',  ( 0.7071067811865482389, 0.000000000000000000, -0.7071067811865469066 ) ) ;
#9023 = SURFACE_SIDE_STYLE ('',( #7812 ) ) ;
#9024 = ORIENTED_EDGE ( 'NONE', *, *, #794, .T. ) ;
#9025 = EDGE_CURVE ( 'NONE', #6549, #2075, #816, .T. ) ;
#9026 = CARTESIAN_POINT ( 'NONE',  ( -0.06903559372885455236, 0.000000000000000000, -3.560000000000032028 ) ) ;
#9027 = DIRECTION ( 'NONE',  ( -0.1247869418429888855, 0.9843050534722199707, 0.1247869418429863320 ) ) ;
#9028 = STYLED_ITEM ( 'NONE', ( #4513 ), #3045 ) ;
#9029 = SURFACE_SIDE_STYLE ('',( #5277 ) ) ;
#9030 = VERTEX_POINT ( 'NONE', #146 ) ;
#9031 = EDGE_CURVE ( 'NONE', #2840, #1686, #5223, .T. ) ;
#9032 = CARTESIAN_POINT ( 'NONE',  ( 5.320000000000001172, 10.06999999999999851, 3.490000000000034852 ) ) ;
#9033 = VERTEX_POINT ( 'NONE', #769 ) ;
#9034 = UNCERTAINTY_MEASURE_WITH_UNIT (LENGTH_MEASURE( 1.000000000000000082E-05 ), #708, 'distance_accuracy_value', 'NONE');
#9035 =( NAMED_UNIT ( * ) PLANE_ANGLE_UNIT ( ) SI_UNIT ( $, .RADIAN. ) );
#9036 = DIRECTION ( 'NONE',  ( -0.1247869418429880251, -0.9843050534722198597, -0.1247869418429880251 ) ) ;
#9037 = VECTOR ( 'NONE', #4921, 1000.000000000000000 ) ;
#9038 = CARTESIAN_POINT ( 'NONE',  ( -4.864889971370031319, 4.020033170236863447E-19, 4.028443361963272906 ) ) ;
#9039 = ADVANCED_FACE ( 'NONE', ( #2844 ), #6586, .F. ) ;
#9040 = FACE_OUTER_BOUND ( 'NONE', #7517, .T. ) ;
#9041 = CARTESIAN_POINT ( 'NONE',  ( 2.449999999999998401, -1.000000000000000000, 3.759999999999968701 ) ) ;
#9042 = EDGE_CURVE ( 'NONE', #8135, #5685, #3033, .T. ) ;
#9043 = DIRECTION ( 'NONE',  ( 0.000000000000000000, 0.000000000000000000, 1.000000000000000000 ) ) ;
#9044 = CARTESIAN_POINT ( 'NONE',  ( 5.320000000000001172, 10.06999999999999851, 3.490000000000034852 ) ) ;
#9045 = SURFACE_STYLE_FILL_AREA ( #2327 ) ;
#9046 = CIRCLE ( 'NONE', #7403, 0.2500000000000002220 ) ;
#9047 = PRESENTATION_LAYER_ASSIGNMENT (  '', '', ( #651 ) ) ;
#9048 = MANIFOLD_SOLID_BREP ( 'LPattern2[1]', #8036 ) ;
#9049 = AXIS2_PLACEMENT_3D ( 'NONE', #7801, #8826, #5 ) ;
#9050 =( LENGTH_UNIT ( ) NAMED_UNIT ( * ) SI_UNIT ( .MILLI., .METRE. ) );
#9051 = ORIENTED_EDGE ( 'NONE', *, *, #1889, .F. ) ;
#9052 = FILL_AREA_STYLE ('',( #6187 ) ) ;
#9053 = CARTESIAN_POINT ( 'NONE',  ( -2.550000000000001599, -1.000000000000000000, 3.843333333333301294 ) ) ;
#9054 =( NAMED_UNIT ( * ) SI_UNIT ( $, .STERADIAN. ) SOLID_ANGLE_UNIT ( ) );
#9055 = VERTEX_POINT ( 'NONE', #4504 ) ;
#9056 = UNCERTAINTY_MEASURE_WITH_UNIT (LENGTH_MEASURE( 1.000000000000000082E-05 ), #4464, 'distance_accuracy_value', 'NONE');
#9057 =( GEOMETRIC_REPRESENTATION_CONTEXT ( 3 ) GLOBAL_UNCERTAINTY_ASSIGNED_CONTEXT ( ( #7249 ) ) GLOBAL_UNIT_ASSIGNED_CONTEXT ( ( #3277, #8427, #1671 ) ) REPRESENTATION_CONTEXT ( 'NONE', 'WORKASPACE' ) );
#9058 =( GEOMETRIC_REPRESENTATION_CONTEXT ( 3 ) GLOBAL_UNCERTAINTY_ASSIGNED_CONTEXT ( ( #7350 ) ) GLOBAL_UNIT_ASSIGNED_CONTEXT ( ( #41, #6584, #4210 ) ) REPRESENTATION_CONTEXT ( 'NONE', 'WORKASPACE' ) );
#9059 = ADVANCED_FACE ( 'NONE', ( #6740 ), #3622, .T. ) ;
#9060 = CARTESIAN_POINT ( 'NONE',  ( 4.680000000000000604, 10.06999999999999851, 4.130000000000034532 ) ) ;
#9061 = CARTESIAN_POINT ( 'NONE',  ( -3.375000000000000888, 4.069999999999999396, 4.934999999999986287 ) ) ;
#9062 = AXIS2_PLACEMENT_3D ( 'NONE', #9278, #2699, #1844 ) ;
#9063 = MECHANICAL_DESIGN_GEOMETRIC_PRESENTATION_REPRESENTATION (  '', ( #9362 ), #3874 ) ;
#9064 = DIRECTION ( 'NONE',  ( -1.000000000000000000, 0.000000000000000000, 0.000000000000000000 ) ) ;
#9065 = CIRCLE ( 'NONE', #2617, 0.2500000000000002220 ) ;
#9066 = MANIFOLD_SOLID_BREP ( 'LPattern2[3]', #4953 ) ;
#9067 = FILL_AREA_STYLE ('',( #6254 ) ) ;
#9068 = SURFACE_STYLE_USAGE ( .BOTH. , #862 ) ;
#9069 = PLANE ( 'NONE',  #4466 ) ;
#9070 = VERTEX_POINT ( 'NONE', #5511 ) ;
#9071 = SURFACE_SIDE_STYLE ('',( #7845 ) ) ;
#9072 =( GEOMETRIC_REPRESENTATION_CONTEXT ( 3 ) GLOBAL_UNCERTAINTY_ASSIGNED_CONTEXT ( ( #673 ) ) GLOBAL_UNIT_ASSIGNED_CONTEXT ( ( #8218, #2391, #907 ) ) REPRESENTATION_CONTEXT ( 'NONE', 'WORKASPACE' ) );
#9073 = EDGE_LOOP ( 'NONE', ( #4627, #1063, #8807, #599 ) ) ;
#9074 = PRESENTATION_LAYER_ASSIGNMENT (  '', '', ( #9362 ) ) ;
#9075 =( GEOMETRIC_REPRESENTATION_CONTEXT ( 3 ) GLOBAL_UNCERTAINTY_ASSIGNED_CONTEXT ( ( #5332 ) ) GLOBAL_UNIT_ASSIGNED_CONTEXT ( ( #5159, #6526, #1530 ) ) REPRESENTATION_CONTEXT ( 'NONE', 'WORKASPACE' ) );
#9076 = CARTESIAN_POINT ( 'NONE',  ( 1.124999999999999112, 4.069999999999999396, 4.685000000000003162 ) ) ;
#9077 = SURFACE_STYLE_FILL_AREA ( #8405 ) ;
#9078 = ORIENTED_EDGE ( 'NONE', *, *, #2619, .T. ) ;
#9079 = VECTOR ( 'NONE', #4833, 1000.000000000000000 ) ;
#9080 = SURFACE_STYLE_FILL_AREA ( #6128 ) ;
#9081 =( NAMED_UNIT ( * ) PLANE_ANGLE_UNIT ( ) SI_UNIT ( $, .RADIAN. ) );
#9082 = STYLED_ITEM ( 'NONE', ( #4945 ), #5748 ) ;
#9083 = LINE ( 'NONE', #4728, #8764 ) ;
#9084 = ORIENTED_EDGE ( 'NONE', *, *, #2947, .T. ) ;
#9085 =( LENGTH_UNIT ( ) NAMED_UNIT ( * ) SI_UNIT ( .MILLI., .METRE. ) );
#9086 = FILL_AREA_STYLE_COLOUR ( '', #5903 ) ;
#9087 = MECHANICAL_DESIGN_GEOMETRIC_PRESENTATION_REPRESENTATION (  '', ( #5121 ), #8645 ) ;
#9088 = COLOUR_RGB ( '',0.2980392156862745057, 0.2980392156862745057, 0.2980392156862745057 ) ;
#9089 = DIRECTION ( 'NONE',  ( -0.000000000000000000, -0.000000000000000000, -1.000000000000000000 ) ) ;
#9090 = CARTESIAN_POINT ( 'NONE',  ( -2.819999999999998952, 10.06999999999999851, 4.130000000000034532 ) ) ;
#9091 = DIRECTION ( 'NONE',  ( -1.000000000000000000, 0.000000000000000000, 0.000000000000000000 ) ) ;
#9092 =( NAMED_UNIT ( * ) PLANE_ANGLE_UNIT ( ) SI_UNIT ( $, .RADIAN. ) );
#9093 = PRESENTATION_STYLE_ASSIGNMENT (( #7684 ) ) ;
#9094 = FACE_OUTER_BOUND ( 'NONE', #3407, .T. ) ;
#9095 = MECHANICAL_DESIGN_GEOMETRIC_PRESENTATION_REPRESENTATION (  '', ( #7454 ), #4205 ) ;
#9096 = SURFACE_STYLE_USAGE ( .BOTH. , #7119 ) ;
#9097 = CARTESIAN_POINT ( 'NONE',  ( 3.374999999999999112, 1.570000000000000062, -4.935000000000000497 ) ) ;
#9098 = PLANE ( 'NONE',  #5745 ) ;
#9099 = DIRECTION ( 'NONE',  ( 0.1247869418429880528, -0.9843050534722200817, 0.1247869418429867622 ) ) ;
#9100 = ADVANCED_FACE ( 'NONE', ( #4002 ), #8364, .F. ) ;
#9101 = CARTESIAN_POINT ( 'NONE',  ( -5.176776695296640973, 0.000000000000000000, -3.633223304703395939 ) ) ;
#9102 = FACE_OUTER_BOUND ( 'NONE', #2047, .T. ) ;
#9103 = ORIENTED_EDGE ( 'NONE', *, *, #8997, .T. ) ;
#9104 = LINE ( 'NONE', #4028, #9125 ) ;
#9105 = DIRECTION ( 'NONE',  ( 1.000000000000000000, 0.000000000000000000, -6.776263578034403699E-16 ) ) ;
#9106 =( NAMED_UNIT ( * ) PLANE_ANGLE_UNIT ( ) SI_UNIT ( $, .RADIAN. ) );
#9107 = CARTESIAN_POINT ( 'NONE',  ( -4.125000000000000888, 1.570000000000000062, 4.934999999999968523 ) ) ;
#9108 = VERTEX_POINT ( 'NONE', #9304 ) ;
#9109 =( NAMED_UNIT ( * ) PLANE_ANGLE_UNIT ( ) SI_UNIT ( $, .RADIAN. ) );
#9110 = SURFACE_SIDE_STYLE ('',( #7659 ) ) ;
#9111 = PRESENTATION_STYLE_ASSIGNMENT (( #6291 ) ) ;
#9112 =( GEOMETRIC_REPRESENTATION_CONTEXT ( 3 ) GLOBAL_UNCERTAINTY_ASSIGNED_CONTEXT ( ( #91 ) ) GLOBAL_UNIT_ASSIGNED_CONTEXT ( ( #3598, #8744, #751 ) ) REPRESENTATION_CONTEXT ( 'NONE', 'WORKASPACE' ) );
#9113 =( LENGTH_UNIT ( ) NAMED_UNIT ( * ) SI_UNIT ( .MILLI., .METRE. ) );
#9114 = EDGE_CURVE ( 'NONE', #7152, #7277, #1883, .T. ) ;
#9115 = FILL_AREA_STYLE ('',( #8398 ) ) ;
#9116 =( NAMED_UNIT ( * ) SI_UNIT ( $, .STERADIAN. ) SOLID_ANGLE_UNIT ( ) );
#9117 = EDGE_LOOP ( 'NONE', ( #8785, #1346, #782, #4714 ) ) ;
#9118 = VECTOR ( 'NONE', #8443, 1000.000000000000114 ) ;
#9119 = CARTESIAN_POINT ( 'NONE',  ( -4.781556638036698281, 0.000000000000000000, 3.945110028629938537 ) ) ;
#9120 = VERTEX_POINT ( 'NONE', #4054 ) ;
#9121 = LINE ( 'NONE', #1257, #2329 ) ;
#9122 = VECTOR ( 'NONE', #9142, 1000.000000000000000 ) ;
#9123 = DIRECTION ( 'NONE',  ( -1.000000000000000000, -0.000000000000000000, -0.000000000000000000 ) ) ;
#9124 = EDGE_LOOP ( 'NONE', ( #1271, #4346, #8989, #8756 ) ) ;
#9125 = VECTOR ( 'NONE', #4802, 999.9999999999998863 ) ;
#9126 = DIRECTION ( 'NONE',  ( 1.000000000000000000, 0.000000000000000000, -0.000000000000000000 ) ) ;
#9127 = SURFACE_SIDE_STYLE ('',( #4103 ) ) ;
#9128 = ORIENTED_EDGE ( 'NONE', *, *, #4368, .T. ) ;
#9129 = DIRECTION ( 'NONE',  ( -0.000000000000000000, -0.000000000000000000, -1.000000000000000000 ) ) ;
#9130 =( NAMED_UNIT ( * ) PLANE_ANGLE_UNIT ( ) SI_UNIT ( $, .RADIAN. ) );
#9131 = LINE ( 'NONE', #335, #5935 ) ;
#9132 = CARTESIAN_POINT ( 'NONE',  ( -2.450000000000001066, -1.000000000000000000, 3.793333333333300583 ) ) ;
#9133 = SURFACE_SIDE_STYLE ('',( #4151 ) ) ;
#9134 = PRESENTATION_STYLE_ASSIGNMENT (( #6923 ) ) ;
#9135 = CARTESIAN_POINT ( 'NONE',  ( -2.550000000000002487, -1.000000000000000000, -3.860000000000031406 ) ) ;
#9136 = FILL_AREA_STYLE_COLOUR ( '', #1586 ) ;
#9137 = FACE_OUTER_BOUND ( 'NONE', #905, .T. ) ;
#9138 = EDGE_CURVE ( 'NONE', #7017, #2902, #3453, .T. ) ;
#9139 = DIRECTION ( 'NONE',  ( 0.000000000000000000, -0.000000000000000000, 1.000000000000000000 ) ) ;
#9140 = ORIENTED_EDGE ( 'NONE', *, *, #5676, .T. ) ;
#9141 = CARTESIAN_POINT ( 'NONE',  ( 1.374999999999999556, 4.069999999999999396, -2.935000000000000053 ) ) ;
#9142 = DIRECTION ( 'NONE',  ( 1.000000000000000000, -0.000000000000000000, -0.000000000000000000 ) ) ;
#9143 = ORIENTED_EDGE ( 'NONE', *, *, #6288, .F. ) ;
#9144 = UNCERTAINTY_MEASURE_WITH_UNIT (LENGTH_MEASURE( 1.000000000000000082E-05 ), #302, 'distance_accuracy_value', 'NONE');
#9145 = EDGE_CURVE ( 'NONE', #9187, #659, #4102, .T. ) ;
#9146 = DIRECTION ( 'NONE',  ( -0.000000000000000000, 1.000000000000000000, 0.000000000000000000 ) ) ;
#9147 =( NAMED_UNIT ( * ) SI_UNIT ( $, .STERADIAN. ) SOLID_ANGLE_UNIT ( ) );
#9148 = FILL_AREA_STYLE_COLOUR ( '', #1105 ) ;
#9149 = VERTEX_POINT ( 'NONE', #3299 ) ;
#9150 = EDGE_CURVE ( 'NONE', #9108, #1382, #9349, .T. ) ;
#9151 = ORIENTED_EDGE ( 'NONE', *, *, #395, .T. ) ;
#9152 =( NAMED_UNIT ( * ) SI_UNIT ( $, .STERADIAN. ) SOLID_ANGLE_UNIT ( ) );
#9153 = EDGE_CURVE ( 'NONE', #3183, #8476, #9046, .T. ) ;
#9154 = COLOUR_RGB ( '',0.7921568627450980005, 0.8196078431372548767, 0.9333333333333333481 ) ;
#9155 = UNCERTAINTY_MEASURE_WITH_UNIT (LENGTH_MEASURE( 1.000000000000000082E-05 ), #4016, 'distance_accuracy_value', 'NONE');
#9156 = CARTESIAN_POINT ( 'NONE',  ( -2.323223304703365688, 0.000000000000000000, -3.986776695296669448 ) ) ;
#9157 = SURFACE_SIDE_STYLE ('',( #3294 ) ) ;
#9158 = ORIENTED_EDGE ( 'NONE', *, *, #4883, .F. ) ;
#9159 = LINE ( 'NONE', #1879, #4548 ) ;
#9160 = DIRECTION ( 'NONE',  ( -0.000000000000000000, -1.000000000000000000, -0.000000000000000000 ) ) ;
#9161 = CARTESIAN_POINT ( 'NONE',  ( -2.466666666666669450, -1.000000000000000000, 3.759999999999968701 ) ) ;
#9162 = ORIENTED_EDGE ( 'NONE', *, *, #3352, .T. ) ;
#9163 = VECTOR ( 'NONE', #1340, 1000.000000000000000 ) ;
#9164 = LINE ( 'NONE', #1978, #5115 ) ;
#9165 = EDGE_CURVE ( 'NONE', #9318, #9070, #1831, .T. ) ;
#9166 = SURFACE_SIDE_STYLE ('',( #2732 ) ) ;
#9167 = EDGE_CURVE ( 'NONE', #5224, #4730, #6477, .T. ) ;
#9168 = SURFACE_SIDE_STYLE ('',( #4877 ) ) ;
#9169 = COLOUR_RGB ( '',0.2980392156862745057, 0.2980392156862745057, 0.2980392156862745057 ) ;
#9170 = PRESENTATION_STYLE_ASSIGNMENT (( #526 ) ) ;
#9171 = CARTESIAN_POINT ( 'NONE',  ( 3.624999999999998668, 4.069999999999999396, -4.684999999999999609 ) ) ;
#9172 = PLANE ( 'NONE',  #2958 ) ;
#9173 = CARTESIAN_POINT ( 'NONE',  ( 2.449999999999997513, -1.000000000000000000, -3.860000000000031406 ) ) ;
#9174 =( NAMED_UNIT ( * ) SI_UNIT ( $, .STERADIAN. ) SOLID_ANGLE_UNIT ( ) );
#9175 =( GEOMETRIC_REPRESENTATION_CONTEXT ( 3 ) GLOBAL_UNCERTAINTY_ASSIGNED_CONTEXT ( ( #74 ) ) GLOBAL_UNIT_ASSIGNED_CONTEXT ( ( #5336, #6028, #5375 ) ) REPRESENTATION_CONTEXT ( 'NONE', 'WORKASPACE' ) );
#9176 =( NAMED_UNIT ( * ) SI_UNIT ( $, .STERADIAN. ) SOLID_ANGLE_UNIT ( ) );
#9177 = FILL_AREA_STYLE ('',( #8549 ) ) ;
#9178 = LINE ( 'NONE', #445, #9394 ) ;
#9179 = CARTESIAN_POINT ( 'NONE',  ( -1.625000000000001110, 4.069999999999999396, 4.934999999999986287 ) ) ;
#9180 =( NAMED_UNIT ( * ) SI_UNIT ( $, .STERADIAN. ) SOLID_ANGLE_UNIT ( ) );
#9181 = ORIENTED_EDGE ( 'NONE', *, *, #8669, .T. ) ;
#9182 = CARTESIAN_POINT ( 'NONE',  ( 2.449999999999998401, -1.000000000000000000, 3.859999999999968345 ) ) ;
#9183 = VECTOR ( 'NONE', #7581, 1000.000000000000000 ) ;
#9184 = DIRECTION ( 'NONE',  ( -1.000000000000000000, 0.000000000000000000, 6.776263578034403699E-16 ) ) ;
#9185 = CARTESIAN_POINT ( 'NONE',  ( -2.718443361963306160, 0.000000000000000000, 3.945110028629935872 ) ) ;
#9186 = CARTESIAN_POINT ( 'NONE',  ( -4.125000000000000888, 4.069999999999999396, -4.934999999999965858 ) ) ;
#9187 = VERTEX_POINT ( 'NONE', #5756 ) ;
#9188 = VECTOR ( 'NONE', #2671, 999.9999999999998863 ) ;
#9189 = SURFACE_STYLE_FILL_AREA ( #9287 ) ;
#9190 = VECTOR ( 'NONE', #9450, 1000.000000000000000 ) ;
#9191 = SURFACE_STYLE_FILL_AREA ( #1245 ) ;
#9192 = FILL_AREA_STYLE ('',( #7084 ) ) ;
#9193 = SURFACE_SIDE_STYLE ('',( #3330 ) ) ;
#9194 = PRESENTATION_STYLE_ASSIGNMENT (( #282 ) ) ;
#9195 = MECHANICAL_DESIGN_GEOMETRIC_PRESENTATION_REPRESENTATION (  '', ( #2915 ), #663 ) ;
#9196 = PRESENTATION_STYLE_ASSIGNMENT (( #4901 ) ) ;
#9197 =( GEOMETRIC_REPRESENTATION_CONTEXT ( 3 ) GLOBAL_UNCERTAINTY_ASSIGNED_CONTEXT ( ( #8769 ) ) GLOBAL_UNIT_ASSIGNED_CONTEXT ( ( #5339, #4700, #884 ) ) REPRESENTATION_CONTEXT ( 'NONE', 'WORKASPACE' ) );
#9198 = SURFACE_SIDE_STYLE ('',( #6383 ) ) ;
#9199 = VERTEX_POINT ( 'NONE', #6304 ) ;
#9200 =( GEOMETRIC_REPRESENTATION_CONTEXT ( 3 ) GLOBAL_UNCERTAINTY_ASSIGNED_CONTEXT ( ( #8482 ) ) GLOBAL_UNIT_ASSIGNED_CONTEXT ( ( #8475, #6945, #1071 ) ) REPRESENTATION_CONTEXT ( 'NONE', 'WORKASPACE' ) );
#9201 = VERTEX_POINT ( 'NONE', #5699 ) ;
#9202 = FILL_AREA_STYLE ('',( #3447 ) ) ;
#9203 = STYLED_ITEM ( 'NONE', ( #5318 ), #5214 ) ;
#9204 = MECHANICAL_DESIGN_GEOMETRIC_PRESENTATION_REPRESENTATION (  '', ( #4482 ), #5722 ) ;
#9205 = EDGE_CURVE ( 'NONE', #9318, #5817, #4871, .T. ) ;
#9206 = ORIENTED_EDGE ( 'NONE', *, *, #4615, .F. ) ;
#9207 = DIRECTION ( 'NONE',  ( -1.000000000000000000, 0.000000000000000000, -0.000000000000000000 ) ) ;
#9208 = CARTESIAN_POINT ( 'NONE',  ( -3.625000000000000444, 4.069999999999999396, 2.934999999999986287 ) ) ;
#9209 = DIRECTION ( 'NONE',  ( -1.000000000000000000, -0.000000000000000000, -0.000000000000000000 ) ) ;
#9210 = MECHANICAL_DESIGN_GEOMETRIC_PRESENTATION_REPRESENTATION (  '', ( #8206 ), #836 ) ;
#9211 =( LENGTH_UNIT ( ) NAMED_UNIT ( * ) SI_UNIT ( .MILLI., .METRE. ) );
#9212 = ORIENTED_EDGE ( 'NONE', *, *, #5610, .T. ) ;
#9213 = LINE ( 'NONE', #4914, #6371 ) ;
#9214 = VECTOR ( 'NONE', #5034, 1000.000000000000000 ) ;
#9215 = VECTOR ( 'NONE', #171, 1000.000000000000000 ) ;
#9216 = VECTOR ( 'NONE', #7663, 1000.000000000000000 ) ;
#9217 = CARTESIAN_POINT ( 'NONE',  ( 4.949999999999998401, -1.000000000000000000, 3.859999999999968345 ) ) ;
#9218 = CARTESIAN_POINT ( 'NONE',  ( -4.680000000000000604, 10.06999999999999851, -3.489999999999965574 ) ) ;
#9219 = STYLED_ITEM ( 'NONE', ( #1329 ), #5987 ) ;
#9220 = PRESENTATION_LAYER_ASSIGNMENT (  '', '', ( #4655 ) ) ;
#9221 = CARTESIAN_POINT ( 'NONE',  ( -1.125000000000000888, 4.069999999999999396, 4.685000000000003162 ) ) ;
#9222 = MECHANICAL_DESIGN_GEOMETRIC_PRESENTATION_REPRESENTATION (  '', ( #8939 ), #1131 ) ;
#9223 = FILL_AREA_STYLE_COLOUR ( '', #181 ) ;
#9224 = CARTESIAN_POINT ( 'NONE',  ( 2.281556638036693396, 0.000000000000000000, -3.945110028630001153 ) ) ;
#9225 =( LENGTH_UNIT ( ) NAMED_UNIT ( * ) SI_UNIT ( .MILLI., .METRE. ) );
#9226 =( NAMED_UNIT ( * ) SI_UNIT ( $, .STERADIAN. ) SOLID_ANGLE_UNIT ( ) );
#9227 = FILL_AREA_STYLE ('',( #8625 ) ) ;
#9228 = FILL_AREA_STYLE_COLOUR ( '', #1166 ) ;
#9229 = COLOUR_RGB ( '',0.3176470588235293935, 0.2470588235294117752, 0.2078431372549019440 ) ;
#9230 = MECHANICAL_DESIGN_GEOMETRIC_PRESENTATION_REPRESENTATION (  '', ( #530 ), #522 ) ;
#9231 = PRESENTATION_LAYER_ASSIGNMENT (  '', '', ( #8059 ) ) ;
#9232 = FILL_AREA_STYLE_COLOUR ( '', #5297 ) ;
#9233 = STYLED_ITEM ( 'NONE', ( #5625 ), #6767 ) ;
#9234 = CARTESIAN_POINT ( 'NONE',  ( 7.500000000000001776, 10.06999999999999851, 7.620000000000000107 ) ) ;
#9235 = DIRECTION ( 'NONE',  ( -1.000000000000000000, 0.000000000000000000, 0.000000000000000000 ) ) ;
#9236 = EDGE_CURVE ( 'NONE', #659, #6892, #7104, .T. ) ;
#9237 = LINE ( 'NONE', #7883, #1110 ) ;
#9238 = DIRECTION ( 'NONE',  ( -0.7071067811865474617, -0.000000000000000000, 0.7071067811865474617 ) ) ;
#9239 = VERTEX_POINT ( 'NONE', #6396 ) ;
#9240 = MECHANICAL_DESIGN_GEOMETRIC_PRESENTATION_REPRESENTATION (  '', ( #3417 ), #1294 ) ;
#9241 = CARTESIAN_POINT ( 'NONE',  ( -1.125000000000000888, 1.570000000000000062, 4.685000000000003162 ) ) ;
#9242 = ORIENTED_EDGE ( 'NONE', *, *, #1827, .F. ) ;
#9243 = CARTESIAN_POINT ( 'NONE',  ( -1.625000000000001110, 4.069999999999999396, -4.934999999999982734 ) ) ;
#9244 = VECTOR ( 'NONE', #8260, 1000.000000000000000 ) ;
#9245 = CARTESIAN_POINT ( 'NONE',  ( 4.886611652351679602, -0.5000000000000000000, 3.923388347648286700 ) ) ;
#9246 =( NAMED_UNIT ( * ) PLANE_ANGLE_UNIT ( ) SI_UNIT ( $, .RADIAN. ) );
#9247 =( NAMED_UNIT ( * ) PLANE_ANGLE_UNIT ( ) SI_UNIT ( $, .RADIAN. ) );
#9248 = ORIENTED_EDGE ( 'NONE', *, *, #3172, .F. ) ;
#9249 = CARTESIAN_POINT ( 'NONE',  ( -4.823223304703363468, 0.000000000000000000, 3.986776695296605943 ) ) ;
#9250 = ORIENTED_EDGE ( 'NONE', *, *, #9150, .F. ) ;
#9251 = AXIS2_PLACEMENT_3D ( 'NONE', #5230, #7257, #6595 ) ;
#9252 = CARTESIAN_POINT ( 'NONE',  ( -2.180000000000001048, 10.06999999999999851, -3.489999999999965574 ) ) ;
#9253 = EDGE_CURVE ( 'NONE', #5604, #7205, #5550, .T. ) ;
#9254 =( LENGTH_UNIT ( ) NAMED_UNIT ( * ) SI_UNIT ( .MILLI., .METRE. ) );
#9255 = DIRECTION ( 'NONE',  ( -6.776263578034403699E-16, 0.000000000000000000, -1.000000000000000000 ) ) ;
#9256 = VERTEX_POINT ( 'NONE', #8489 ) ;
#9257 = SURFACE_SIDE_STYLE ('',( #6912 ) ) ;
#9258 = LINE ( 'NONE', #2681, #7404 ) ;
#9259 = DIRECTION ( 'NONE',  ( 0.000000000000000000, 0.000000000000000000, 1.000000000000000000 ) ) ;
#9260 = AXIS2_PLACEMENT_3D ( 'NONE', #7542, #3926, #921 ) ;
#9261 = VERTEX_POINT ( 'NONE', #4828 ) ;
#9262 = CARTESIAN_POINT ( 'NONE',  ( -3.875000000000000888, 4.069999999999999396, 2.934999999999968523 ) ) ;
#9263 = CARTESIAN_POINT ( 'NONE',  ( 0.8749999999999990008, 4.069999999999999396, -4.935000000000000497 ) ) ;
#9264 = ORIENTED_EDGE ( 'NONE', *, *, #6809, .F. ) ;
#9265 = ADVANCED_FACE ( 'NONE', ( #5652 ), #1403, .T. ) ;
#9266 = CARTESIAN_POINT ( 'NONE',  ( 0.000000000000000000, 4.069999999999999396, 0.000000000000000000 ) ) ;
#9268 =( NAMED_UNIT ( * ) PLANE_ANGLE_UNIT ( ) SI_UNIT ( $, .RADIAN. ) );
#9267 = VECTOR ( 'NONE', #7937, 1000.000000000000000 ) ;
#9269 = VECTOR ( 'NONE', #3274, 1000.000000000000000 ) ;
#9270 = CARTESIAN_POINT ( 'NONE',  ( 4.124999999999999112, 4.069999999999999396, -2.685000000000000497 ) ) ;
#9271 = LINE ( 'NONE', #616, #2435 ) ;
#9272 = LINE ( 'NONE', #5662, #6109 ) ;
#9273 =( LENGTH_UNIT ( ) NAMED_UNIT ( * ) SI_UNIT ( .MILLI., .METRE. ) );
#9274 = SURFACE_STYLE_USAGE ( .BOTH. , #474 ) ;
#9275 = DIRECTION ( 'NONE',  ( -0.000000000000000000, -1.000000000000000000, -0.000000000000000000 ) ) ;
#9276 = STYLED_ITEM ( 'NONE', ( #8861 ), #386 ) ;
#9277 =( GEOMETRIC_REPRESENTATION_CONTEXT ( 3 ) GLOBAL_UNCERTAINTY_ASSIGNED_CONTEXT ( ( #5646 ) ) GLOBAL_UNIT_ASSIGNED_CONTEXT ( ( #6885, #7685, #4790 ) ) REPRESENTATION_CONTEXT ( 'NONE', 'WORKASPACE' ) );
#9278 = CARTESIAN_POINT ( 'NONE',  ( -4.125000000000000888, 4.069999999999999396, 2.684999999999968523 ) ) ;
#9279 = LINE ( 'NONE', #2701, #3561 ) ;
#9280 = EDGE_CURVE ( 'NONE', #8837, #3744, #2200, .T. ) ;
#9281 = FILL_AREA_STYLE_COLOUR ( '', #3271 ) ;
#9282 =( LENGTH_UNIT ( ) NAMED_UNIT ( * ) SI_UNIT ( .MILLI., .METRE. ) );
#9283 = DIRECTION ( 'NONE',  ( -4.956352788505162282E-16, 0.000000000000000000, -1.000000000000000000 ) ) ;
#9284 = FACE_BOUND ( 'NONE', #2245, .T. ) ;
#9285 = LINE ( 'NONE', #7311, #1383 ) ;
#9286 = ORIENTED_EDGE ( 'NONE', *, *, #2935, .T. ) ;
#9287 = FILL_AREA_STYLE ('',( #6322 ) ) ;
#9288 = FILL_AREA_STYLE_COLOUR ( '', #4818 ) ;
#9289 = DIRECTION ( 'NONE',  ( -0.1247869418429888855, 0.9843050534722199707, 0.1247869418429863320 ) ) ;
#9290 = VERTEX_POINT ( 'NONE', #4485 ) ;
#9291 = PRESENTATION_STYLE_ASSIGNMENT (( #8696 ) ) ;
#9292 = DIRECTION ( 'NONE',  ( 1.000000000000000000, 0.000000000000000000, 0.000000000000000000 ) ) ;
#9293 = EDGE_LOOP ( 'NONE', ( #7392, #9444, #5449, #8402 ) ) ;
#9294 = FILL_AREA_STYLE_COLOUR ( '', #8936 ) ;
#9295 = ORIENTED_EDGE ( 'NONE', *, *, #5664, .T. ) ;
#9296 = LINE ( 'NONE', #6258, #4033 ) ;
#9297 = CARTESIAN_POINT ( 'NONE',  ( -2.281556638036698281, 0.000000000000000000, -3.945110028630002930 ) ) ;
#9298 = DIRECTION ( 'NONE',  ( -0.7071067811865475727, 0.000000000000000000, -0.7071067811865475727 ) ) ;
#9299 = ORIENTED_EDGE ( 'NONE', *, *, #4674, .F. ) ;
#9300 = DIRECTION ( 'NONE',  ( -1.000000000000000000, 0.000000000000000000, 0.000000000000000000 ) ) ;
#9301 = CARTESIAN_POINT ( 'NONE',  ( 2.179999999999998828, 4.069999999999999396, -3.489999999999965574 ) ) ;
#9302 = CARTESIAN_POINT ( 'NONE',  ( 1.374999999999999334, 4.069999999999999396, 4.685000000000003162 ) ) ;
#9303 = UNCERTAINTY_MEASURE_WITH_UNIT (LENGTH_MEASURE( 1.000000000000000082E-05 ), #8754, 'distance_accuracy_value', 'NONE');
#9304 = CARTESIAN_POINT ( 'NONE',  ( 0.3199999999999991185, 4.069999999999999396, -4.129999999999965254 ) ) ;
#9305 = FACE_OUTER_BOUND ( 'NONE', #7713, .T. ) ;
#9306 = ORIENTED_EDGE ( 'NONE', *, *, #6443, .T. ) ;
#9307 = DIRECTION ( 'NONE',  ( 0.000000000000000000, -0.000000000000000000, 1.000000000000000000 ) ) ;
#9308 =( LENGTH_UNIT ( ) NAMED_UNIT ( * ) SI_UNIT ( .MILLI., .METRE. ) );
#9309 = ORIENTED_EDGE ( 'NONE', *, *, #4009, .T. ) ;
#9310 = LINE ( 'NONE', #7475, #6992 ) ;
#9311 = ADVANCED_FACE ( 'NONE', ( #7232 ), #8271, .T. ) ;
#9312 = FACE_OUTER_BOUND ( 'NONE', #3053, .T. ) ;
#9313 = DIRECTION ( 'NONE',  ( -0.7071067811865482389, 0.000000000000000000, -0.7071067811865469066 ) ) ;
#9314 = ADVANCED_FACE ( 'NONE', ( #8806 ), #7385, .F. ) ;
#9315 =( LENGTH_UNIT ( ) NAMED_UNIT ( * ) SI_UNIT ( .MILLI., .METRE. ) );
#9316 = VECTOR ( 'NONE', #4410, 1000.000000000000000 ) ;
#9317 = FACE_OUTER_BOUND ( 'NONE', #6906, .T. ) ;
#9318 = VERTEX_POINT ( 'NONE', #5259 ) ;
#9319 = EDGE_CURVE ( 'NONE', #7949, #1631, #1543, .T. ) ;
#9320 =( NAMED_UNIT ( * ) SI_UNIT ( $, .STERADIAN. ) SOLID_ANGLE_UNIT ( ) );
#9321 = SURFACE_STYLE_FILL_AREA ( #5131 ) ;
#9322 = COLOUR_RGB ( '',0.3176470588235293935, 0.2470588235294117752, 0.2078431372549019440 ) ;
#9323 = EDGE_CURVE ( 'NONE', #7333, #855, #4539, .T. ) ;
#9324 = SURFACE_STYLE_USAGE ( .BOTH. , #6455 ) ;
#9325 =( LENGTH_UNIT ( ) NAMED_UNIT ( * ) SI_UNIT ( .MILLI., .METRE. ) );
#9326 = ADVANCED_FACE ( 'NONE', ( #3903 ), #3153, .T. ) ;
#9327 = DIRECTION ( 'NONE',  ( -0.7071067811865472397, 0.000000000000000000, -0.7071067811865479058 ) ) ;
#9328 = ADVANCED_FACE ( 'NONE', ( #7479 ), #9069, .T. ) ;
#9329 = DIRECTION ( 'NONE',  ( 0.000000000000000000, 1.000000000000000000, 0.000000000000000000 ) ) ;
#9330 = ORIENTED_EDGE ( 'NONE', *, *, #5624, .F. ) ;
#9331 = DIRECTION ( 'NONE',  ( -0.7071067811865482389, 0.000000000000000000, 0.7071067811865469066 ) ) ;
#9332 = DIRECTION ( 'NONE',  ( 1.000000000000000000, 0.000000000000000000, -0.000000000000000000 ) ) ;
#9333 = COLOUR_RGB ( '',0.2980392156862745057, 0.2980392156862745057, 0.2980392156862745057 ) ;
#9334 = ORIENTED_EDGE ( 'NONE', *, *, #4719, .F. ) ;
#9335 =( GEOMETRIC_REPRESENTATION_CONTEXT ( 3 ) GLOBAL_UNCERTAINTY_ASSIGNED_CONTEXT ( ( #1141 ) ) GLOBAL_UNIT_ASSIGNED_CONTEXT ( ( #1906, #7835, #9054 ) ) REPRESENTATION_CONTEXT ( 'NONE', 'WORKASPACE' ) );
#9336 = CARTESIAN_POINT ( 'NONE',  ( -4.823223304703365244, 0.000000000000000000, -3.986776695296669448 ) ) ;
#9337 =( LENGTH_UNIT ( ) NAMED_UNIT ( * ) SI_UNIT ( .MILLI., .METRE. ) );
#9338 = EDGE_LOOP ( 'NONE', ( #791, #817, #9432, #3989 ) ) ;
#9339 = EDGE_CURVE ( 'NONE', #8741, #4540, #3287, .T. ) ;
#9340 = EDGE_LOOP ( 'NONE', ( #3273, #5490, #594, #1001 ) ) ;
#9341 = PRESENTATION_LAYER_ASSIGNMENT (  '', '', ( #6196 ) ) ;
#9342 = STYLED_ITEM ( 'NONE', ( #2239 ), #4757 ) ;
#9343 = FACE_OUTER_BOUND ( 'NONE', #4372, .T. ) ;
#9344 = COLOUR_RGB ( '',0.2980392156862745057, 0.2980392156862745057, 0.2980392156862745057 ) ;
#9345 = ORIENTED_EDGE ( 'NONE', *, *, #452, .T. ) ;
#9346 = DIRECTION ( 'NONE',  ( 0.7071067811865479058, 0.000000000000000000, -0.7071067811865472397 ) ) ;
#9347 =( LENGTH_UNIT ( ) NAMED_UNIT ( * ) SI_UNIT ( .MILLI., .METRE. ) );
#9348 = LINE ( 'NONE', #6676, #8320 ) ;
#9349 = LINE ( 'NONE', #3497, #6817 ) ;
#9350 = PLANE ( 'NONE',  #4022 ) ;
#9351 = ORIENTED_EDGE ( 'NONE', *, *, #2283, .T. ) ;
#9352 = CARTESIAN_POINT ( 'NONE',  ( 5.000000000000001776, 4.069999999999999396, 7.620000000000000107 ) ) ;
#9353 = DIRECTION ( 'NONE',  ( -6.776263578034403699E-16, 0.000000000000000000, -1.000000000000000000 ) ) ;
#9354 = VERTEX_POINT ( 'NONE', #5501 ) ;
#9355 = VECTOR ( 'NONE', #4013, 1000.000000000000000 ) ;
#9356 = LINE ( 'NONE', #6482, #2730 ) ;
#9357 = DIRECTION ( 'NONE',  ( 0.000000000000000000, 0.000000000000000000, 1.000000000000000000 ) ) ;
#9358 = VERTEX_POINT ( 'NONE', #7708 ) ;
#9359 = VECTOR ( 'NONE', #5484, 999.9999999999998863 ) ;
#9360 = STYLED_ITEM ( 'NONE', ( #2998 ), #1842 ) ;
#9361 = CARTESIAN_POINT ( 'NONE',  ( 0.04999999999999883010, -1.000000000000000000, 3.826666666666633798 ) ) ;
#9362 = STYLED_ITEM ( 'NONE', ( #7019 ), #2718 ) ;
#9363 = CARTESIAN_POINT ( 'NONE',  ( -2.450000000000001066, -1.000000000000000000, 3.859999999999968345 ) ) ;
#9364 = LINE ( 'NONE', #4354, #3135 ) ;
#9365 = DIRECTION ( 'NONE',  ( 0.7071067811865472397, 0.000000000000000000, 0.7071067811865479058 ) ) ;
#9366 = EDGE_LOOP ( 'NONE', ( #9162, #3999, #3121, #9306, #2719, #4135, #6186, #5794 ) ) ;
#9367 = LINE ( 'NONE', #676, #361 ) ;
#9368 = DIRECTION ( 'NONE',  ( 0.7071067811865469066, 0.000000000000000000, 0.7071067811865482389 ) ) ;
#9369 = PRESENTATION_LAYER_ASSIGNMENT (  '', '', ( #835 ) ) ;
#9370 = VECTOR ( 'NONE', #9416, 1000.000000000000000 ) ;
#9371 = AXIS2_PLACEMENT_3D ( 'NONE', #4543, #288, #5410 ) ;
#9372 = PRESENTATION_LAYER_ASSIGNMENT (  '', '', ( #6976 ) ) ;
#9373 = EDGE_CURVE ( 'NONE', #4385, #742, #1251, .T. ) ;
#9374 =( LENGTH_UNIT ( ) NAMED_UNIT ( * ) SI_UNIT ( .MILLI., .METRE. ) );
#9375 = SURFACE_SIDE_STYLE ('',( #2953 ) ) ;
#9376 = COLOUR_RGB ( '',0.3176470588235293935, 0.2470588235294117752, 0.2078431372549019440 ) ;
#9377 = COLOUR_RGB ( '',0.2980392156862745057, 0.2980392156862745057, 0.2980392156862745057 ) ;
#9378 = VECTOR ( 'NONE', #7646, 1000.000000000000000 ) ;
#9379 = CARTESIAN_POINT ( 'NONE',  ( -7.620000000000001883, 1.570000000000000062, -6.349999999999997868 ) ) ;
#9380 = COLOUR_RGB ( '',0.7921568627450980005, 0.8196078431372548767, 0.9333333333333333481 ) ;
#9381 = CARTESIAN_POINT ( 'NONE',  ( 6.124999999999999112, 4.069999999999999396, 4.685000000000003162 ) ) ;
#9382 = ORIENTED_EDGE ( 'NONE', *, *, #6791, .F. ) ;
#9383 = ADVANCED_FACE ( 'NONE', ( #2715 ), #4230, .F. ) ;
#9384 = PRESENTATION_STYLE_ASSIGNMENT (( #4374 ) ) ;
#9385 = AXIS2_PLACEMENT_3D ( 'NONE', #5962, #1274, #5206 ) ;
#9386 = SURFACE_SIDE_STYLE ('',( #66 ) ) ;
#9387 = COLOUR_RGB ( '',0.3176470588235293935, 0.2470588235294117752, 0.2078431372549019440 ) ;
#9388 = PLANE ( 'NONE',  #9020 ) ;
#9389 = EDGE_LOOP ( 'NONE', ( #6952, #753, #8246, #1820 ) ) ;
#9390 = EDGE_CURVE ( 'NONE', #3382, #5224, #2672, .T. ) ;
#9391 = FILL_AREA_STYLE ('',( #2000 ) ) ;
#9392 = DIRECTION ( 'NONE',  ( 0.000000000000000000, -1.000000000000000000, 0.000000000000000000 ) ) ;
#9393 = CARTESIAN_POINT ( 'NONE',  ( 5.016666666666663055, -1.000000000000000000, 3.759999999999968701 ) ) ;
#9394 = VECTOR ( 'NONE', #5524, 1000.000000000000000 ) ;
#9395 = ORIENTED_EDGE ( 'NONE', *, *, #6834, .F. ) ;
#9396 = CARTESIAN_POINT ( 'NONE',  ( 3.374999999999999112, 4.069999999999999396, 4.935000000000004050 ) ) ;
#9397 = ORIENTED_EDGE ( 'NONE', *, *, #3112, .F. ) ;
#9398 = CARTESIAN_POINT ( 'NONE',  ( 0.04999999999999796274, -1.000000000000000000, -3.860000000000031406 ) ) ;
#9399 = VECTOR ( 'NONE', #2546, 1000.000000000000000 ) ;
#9400 = SURFACE_STYLE_FILL_AREA ( #5052 ) ;
#9401 = ORIENTED_EDGE ( 'NONE', *, *, #8211, .F. ) ;
#9402 = CARTESIAN_POINT ( 'NONE',  ( 1.124999999999999112, 4.069999999999999396, 4.685000000000003162 ) ) ;
#9403 = CARTESIAN_POINT ( 'NONE',  ( -3.375000000000000888, 4.069999999999999396, 4.934999999999986287 ) ) ;
#9404 =( NAMED_UNIT ( * ) PLANE_ANGLE_UNIT ( ) SI_UNIT ( $, .RADIAN. ) );
#9405 = DIRECTION ( 'NONE',  ( -1.000000000000000000, -0.000000000000000000, -0.000000000000000000 ) ) ;
#9406 = VERTEX_POINT ( 'NONE', #7896 ) ;
#9407 = VECTOR ( 'NONE', #6273, 1000.000000000000000 ) ;
#9408 = UNCERTAINTY_MEASURE_WITH_UNIT (LENGTH_MEASURE( 1.000000000000000082E-05 ), #7026, 'distance_accuracy_value', 'NONE');
#9409 = DIRECTION ( 'NONE',  ( -0.000000000000000000, -1.000000000000000000, -0.000000000000000000 ) ) ;
#9410 = CARTESIAN_POINT ( 'NONE',  ( 4.949999999999996625, -1.000000000000000000, -3.793333333333365420 ) ) ;
#9411 =( GEOMETRIC_REPRESENTATION_CONTEXT ( 3 ) GLOBAL_UNCERTAINTY_ASSIGNED_CONTEXT ( ( #1775 ) ) GLOBAL_UNIT_ASSIGNED_CONTEXT ( ( #1305, #4969, #8609 ) ) REPRESENTATION_CONTEXT ( 'NONE', 'WORKASPACE' ) );
#9412 = CARTESIAN_POINT ( 'NONE',  ( 2.549999999999998490, -1.000000000000000000, 3.826666666666633798 ) ) ;
#9413 = ORIENTED_EDGE ( 'NONE', *, *, #1076, .F. ) ;
#9414 = AXIS2_PLACEMENT_3D ( 'NONE', #4888, #8338, #7793 ) ;
#9415 = LINE ( 'NONE', #3661, #4380 ) ;
#9416 = DIRECTION ( 'NONE',  ( -0.000000000000000000, -1.000000000000000000, -0.000000000000000000 ) ) ;
#9417 = ORIENTED_EDGE ( 'NONE', *, *, #3009, .T. ) ;
#9418 = UNCERTAINTY_MEASURE_WITH_UNIT (LENGTH_MEASURE( 1.000000000000000082E-05 ), #3236, 'distance_accuracy_value', 'NONE');
#9419 = DIRECTION ( 'NONE',  ( -0.000000000000000000, -1.000000000000000000, -0.000000000000000000 ) ) ;
#9420 = SURFACE_STYLE_FILL_AREA ( #7300 ) ;
#9421 = STYLED_ITEM ( 'NONE', ( #6659 ), #7729 ) ;
#9422 = PRESENTATION_STYLE_ASSIGNMENT (( #679 ) ) ;
#9423 = DIRECTION ( 'NONE',  ( 1.000000000000000000, 0.000000000000000000, 0.000000000000000000 ) ) ;
#9424 = CARTESIAN_POINT ( 'NONE',  ( -1.375000000000001110, 4.069999999999999396, -2.934999999999982734 ) ) ;
#9425 = CARTESIAN_POINT ( 'NONE',  ( -2.180000000000001048, 10.06999999999999851, -4.129999999999965254 ) ) ;
#9426 =( NAMED_UNIT ( * ) PLANE_ANGLE_UNIT ( ) SI_UNIT ( $, .RADIAN. ) );
#9428 = PRESENTATION_LAYER_ASSIGNMENT (  '', '', ( #4087 ) ) ;
#9427 = CARTESIAN_POINT ( 'NONE',  ( -4.125000000000000888, 1.570000000000000062, -2.684999999999964970 ) ) ;
#9429 = LINE ( 'NONE', #6457, #3222 ) ;
#9430 = FILL_AREA_STYLE ('',( #6556 ) ) ;
#9431 = EDGE_LOOP ( 'NONE', ( #493, #124, #3539, #5849 ) ) ;
#9432 = ORIENTED_EDGE ( 'NONE', *, *, #6638, .F. ) ;
#9433 = EDGE_CURVE ( 'NONE', #709, #4272, #3388, .T. ) ;
#9434 = PLANE ( 'NONE',  #315 ) ;
#9435 = LINE ( 'NONE', #7417, #6099 ) ;
#9436 = CARTESIAN_POINT ( 'NONE',  ( -5.176776695296639197, 0.000000000000000000, 3.633223304703332435 ) ) ;
#9437 = ORIENTED_EDGE ( 'NONE', *, *, #864, .F. ) ;
#9438 = B_SPLINE_SURFACE_WITH_KNOTS ( 'NONE', 3, 1, ( 
 ( #1068, #9012 ),
 ( #4533, #901 ),
 ( #5453, #4675 ),
 ( #5401, #4578 ),
 ( #8927, #2480 ),
 ( #3983, #3242 ) ),
 .UNSPECIFIED., .F., .F., .F.,
 ( 4, 2, 4 ),
 ( 2, 2 ),
 ( 0.000000000000000000, 0.5000000000000000000, 1.000000000000000000 ),
 ( 0.000000000000000000, 1.000000000000000000 ),
 .UNSPECIFIED. ) ;
#9439 = CARTESIAN_POINT ( 'NONE',  ( -4.950000000000001954, -1.000000000000000000, -3.860000000000031406 ) ) ;
#9440 = CARTESIAN_POINT ( 'NONE',  ( 5.000000000000000000, 4.069999999999999396, 0.000000000000000000 ) ) ;
#9441 = EDGE_CURVE ( 'NONE', #8752, #2069, #455, .T. ) ;
#9442 = ADVANCED_FACE ( 'NONE', ( #7090 ), #6819, .T. ) ;
#9443 =( NAMED_UNIT ( * ) SI_UNIT ( $, .STERADIAN. ) SOLID_ANGLE_UNIT ( ) );
#9444 = ORIENTED_EDGE ( 'NONE', *, *, #589, .F. ) ;
#9445 =( NAMED_UNIT ( * ) PLANE_ANGLE_UNIT ( ) SI_UNIT ( $, .RADIAN. ) );
#9446 = EDGE_CURVE ( 'NONE', #6341, #6463, #5895, .T. ) ;
#9447 = ORIENTED_EDGE ( 'NONE', *, *, #3245, .T. ) ;
#9448 = PLANE ( 'NONE',  #2780 ) ;
#9449 = DIRECTION ( 'NONE',  ( 0.000000000000000000, -1.000000000000000000, 0.000000000000000000 ) ) ;
#9450 = DIRECTION ( 'NONE',  ( -0.000000000000000000, -1.000000000000000000, -0.000000000000000000 ) ) ;
#9451 = ORIENTED_EDGE ( 'NONE', *, *, #8203, .F. ) ;
#9452 =( NAMED_UNIT ( * ) PLANE_ANGLE_UNIT ( ) SI_UNIT ( $, .RADIAN. ) );
#9453 = PLANE ( 'NONE',  #5251 ) ;
#9454 = CARTESIAN_POINT ( 'NONE',  ( 2.569035593728848266, 0.000000000000000000, 3.559999999999968079 ) ) ;
#9455 = ORIENTED_EDGE ( 'NONE', *, *, #9021, .F. ) ;
#9456 = SURFACE_SIDE_STYLE ('',( #1494 ) ) ;
#9457 = PRESENTATION_STYLE_ASSIGNMENT (( #2831 ) ) ;
#9458 = ADVANCED_FACE ( 'NONE', ( #5008 ), #5799, .T. ) ;
#9459 = ORIENTED_EDGE ( 'NONE', *, *, #1590, .T. ) ;
#9460 = UNCERTAINTY_MEASURE_WITH_UNIT (LENGTH_MEASURE( 1.000000000000000082E-05 ), #4562, 'distance_accuracy_value', 'NONE');
#9461 = FILL_AREA_STYLE_COLOUR ( '', #1442 ) ;
#9462 = ORIENTED_EDGE ( 'NONE', *, *, #8162, .F. ) ;
#9463 = LINE ( 'NONE', #4404, #7164 ) ;
#9464 = CARTESIAN_POINT ( 'NONE',  ( -2.569035593728853595, 0.000000000000000000, 4.059999999999968523 ) ) ;
#9465 = DIRECTION ( 'NONE',  ( -0.000000000000000000, -1.000000000000000000, -0.000000000000000000 ) ) ;
#9466 = DIRECTION ( 'NONE',  ( 1.239088197126291063E-16, 0.000000000000000000, -1.000000000000000000 ) ) ;
#9467 = EDGE_LOOP ( 'NONE', ( #6535, #8910, #8299, #4290 ) ) ;
#9468 = CARTESIAN_POINT ( 'NONE',  ( -2.676776695296639641, 0.000000000000000000, -3.986776695296667672 ) ) ;
#9469 = EDGE_CURVE ( 'NONE', #2771, #3583, #1483, .T. ) ;
#9470 = PLANE ( 'NONE',  #62 ) ;
ENDSEC;
END-ISO-10303-21;
